# TIC 0139252264_morp_ 0.460_T0_ 1843.540279_P_ 1.1325693_analysis_6, none, Eclipse indices (see function measure_eclipses_dt).
# zeros_1, minimum_1, peaks_2_n, peaks_1, p_2_p, minimum_1_in, zeros_1_in, minimum_1_in_mid, zeros_1_in, minimum_1_in, p_2_p, peaks_1, peaks_2_n, minimum_1, zeros_1
662822,662822,668573,675305,684007,684007,684007,684007,684007,684007,684007,692626,699283,705267,705267
912928,912927,918573,925310,933992,933992,933992,933992,933992,933992,933992,942621,949282,955261,955260
