# TIC 0139252264_morp_ 0.460_T0_ 1843.540279_P_ 1.1325693_analysis_6, none, Eclipse indices (see function measure_eclipses_dt).
# zeros_1, minimum_1, peaks_2_n, peaks_1, p_2_p, minimum_1_in, zeros_1_in, minimum_1_in_mid, zeros_1_in, minimum_1_in, p_2_p, peaks_1, peaks_2_n, minimum_1, zeros_1
325751,325750,337147,350616,368000,368000,368000,368000,368000,368000,368000,385248,398566,410528,410527
443553,443552,444781,455191,466616,466616,466616,466616,466616,466616,466616,478474,489181,491757,491756
