# TIC 0465088681_morp_ 0.296_T0_ 1632.435374_P_ 12.0413734_analysis_6, none, Eclipse indices (see function measure_eclipses_dt).
# zeros_1, minimum_1, peaks_2_n, peaks_1, p_2_p, minimum_1_in, zeros_1_in, minimum_1_in_mid, zeros_1_in, minimum_1_in, p_2_p, peaks_1, peaks_2_n, minimum_1, zeros_1
652458,652457,652627,653473,654387,654431,654431,664433,674437,674436,674594,675455,676364,676429,676429
783583,783583,783583,784422,788622,788622,788622,788622,788622,788622,788622,792911,793758,793760,793759
