# TIC 0032543789_morp_ 0.826_T0_ 1438.123583_P_ 0.3191196_analysis_6, none, Eclipse indices (see function measure_eclipses_dt).
# zeros_1, minimum_1, peaks_2_n, peaks_1, p_2_p, minimum_1_in, zeros_1_in, minimum_1_in_mid, zeros_1_in, minimum_1_in, p_2_p, peaks_1, peaks_2_n, minimum_1, zeros_1
115959,115958,132554,197945,238315,238315,238315,238315,238315,238315,238315,277121,342282,358608,358608
358609,358608,434344,451462,487045,487045,487045,487045,487045,487045,487045,523897,597477,615958,615957
