# TIC 0095778110_morp_ 0.443_T0_ 1900.975241_P_ 1.5324408_analysis_6, none, Eclipse indices (see function measure_eclipses_dt).
# zeros_1, minimum_1, peaks_2_n, peaks_1, p_2_p, minimum_1_in, zeros_1_in, minimum_1_in_mid, zeros_1_in, minimum_1_in, p_2_p, peaks_1, peaks_2_n, minimum_1, zeros_1
471678,471677,471760,472058,473546,473631,473630,486047,498463,498463,498546,500034,500332,500412,500411
932465,932464,932474,932772,933069,933079,933079,941398,949719,949718,949736,951224,951522,951539,951538
