# TIC 0142929481_morp_ 0.504_T0_ 1412.636949_P_ 1.1467361_analysis_6, none, Eclipse indices (see function measure_eclipses_dt).
# zeros_1, minimum_1, peaks_2_n, peaks_1, p_2_p, minimum_1_in, zeros_1_in, minimum_1_in_mid, zeros_1_in, minimum_1_in, p_2_p, peaks_1, peaks_2_n, minimum_1, zeros_1
180880,180880,183626,196768,205395,205395,205395,205395,205395,205395,205395,214590,227429,229731,229730
430752,430751,433595,447002,455390,455390,455390,455390,455390,455390,455390,464434,477458,479788,479787
