# TIC 0140084919_morp_ 1.011_T0_ 1518.534148_P_ 0.8450043_analysis_6, none, Eclipse indices (see function measure_eclipses_dt).
# zeros_1, minimum_1, peaks_2_n, peaks_1, p_2_p, minimum_1_in, zeros_1_in, minimum_1_in_mid, zeros_1_in, minimum_1_in, p_2_p, peaks_1, peaks_2_n, minimum_1, zeros_1
390749,416461,418664,456144,507027,507027,507027,507027,507027,507027,507027,557886,623373,623679,623679
631703,631703,711924,714663,757415,757415,757415,757415,757415,757415,757415,812871,881817,882256,882256
