# TIC 0438212183_morp_ 0.343_T0_ 1467.521504_P_ 3.8002390_analysis_6, none, Eclipse indices (see function measure_eclipses_dt).
# zeros_1, minimum_1, peaks_2_n, peaks_1, p_2_p, minimum_1_in, zeros_1_in, minimum_1_in_mid, zeros_1_in, minimum_1_in, p_2_p, peaks_1, peaks_2_n, minimum_1, zeros_1
474784,474784,474907,477879,480865,480963,480962,486897,492832,492831,492832,495775,498733,498749,498749
498750,498749,498750,501711,504682,504682,504682,504682,504682,504682,504682,507696,510647,510757,510757
