# TIC 0118271395_morp_ 0.848_T0_ 1654.075884_P_ 0.3997855_analysis_6, none, Eclipse indices (see function measure_eclipses_dt).
# zeros_1, minimum_1, peaks_2_n, peaks_1, p_2_p, minimum_1_in, zeros_1_in, minimum_1_in_mid, zeros_1_in, minimum_1_in, p_2_p, peaks_1, peaks_2_n, minimum_1, zeros_1
275529,275528,288804,355219,401867,401867,401867,401867,401867,401867,401867,447470,514383,523652,523652
523653,523652,523653,610250,645881,645881,645881,645881,645881,645881,645881,692169,709214,775528,775527
