# TIC 0238229705_morp_ 0.136_T0_ 1646.723345_P_ 31.4722935_analysis_6, none, Eclipse indices (see function measure_eclipses_dt).
# zeros_1, minimum_1, peaks_2_n, peaks_1, p_2_p, minimum_1_in, zeros_1_in, minimum_1_in_mid, zeros_1_in, minimum_1_in, p_2_p, peaks_1, peaks_2_n, minimum_1, zeros_1
383822,383822,383822,384115,384408,384408,384408,384408,384408,384408,384408,384701,384993,384997,384996
448108,448108,448117,448402,448689,448696,448695,450971,453247,453246,453256,454687,454972,454988,454987
