# TIC 0102841799_morp_ 0.495_T0_ 1847.335232_P_ 5.2629645_analysis_6, none, Eclipse indices (see function measure_eclipses_dt).
# zeros_1, minimum_1, peaks_2_n, peaks_1, p_2_p, minimum_1_in, zeros_1_in, minimum_1_in_mid, zeros_1_in, minimum_1_in, p_2_p, peaks_1, peaks_2_n, minimum_1, zeros_1
520770,520770,520774,520850,520925,520932,520932,532641,544350,544350,544370,544446,544521,544542,544541
699276,699276,700947,701979,703322,703409,705246,706808,709649,710207,710295,712893,714893,714980,715515
