# TIC 0105992935_morp_ 0.306_T0_ 1544.861680_P_ 0.7061056_analysis_6, none, Eclipse indices (see function measure_eclipses_dt).
# zeros_1, minimum_1, peaks_2_n, peaks_1, p_2_p, minimum_1_in, zeros_1_in, minimum_1_in_mid, zeros_1_in, minimum_1_in, p_2_p, peaks_1, peaks_2_n, minimum_1, zeros_1
563952,563951,567850,580903,595531,595531,595531,595531,595531,595531,595531,610985,624497,627663,627663
773683,795301,815209,828242,846071,846071,846071,846071,846071,846071,846071,863597,876709,891967,891966
