# TIC 0184298625_morp_ 0.142_T0_ 1686.179000_P_ 9.5412426_analysis_6, none, Eclipse indices (see function measure_eclipses_dt).
# zeros_1, minimum_1, peaks_2_n, peaks_1, p_2_p, minimum_1_in, zeros_1_in, minimum_1_in_mid, zeros_1_in, minimum_1_in, p_2_p, peaks_1, peaks_2_n, minimum_1, zeros_1
369489,369488,369517,370922,372326,372357,372356,373161,373966,373966,373995,375551,377107,377134,377133
523403,523547,523585,525141,526849,526873,526873,527456,528040,528039,528063,529771,531327,531365,531508
