# TIC 0285019418_morp_ 0.554_T0_ 1870.573316_P_ 0.1366069_analysis_6, none, Eclipse indices (see function measure_eclipses_dt).
# zeros_1, minimum_1, peaks_2_n, peaks_1, p_2_p, minimum_1_in, zeros_1_in, minimum_1_in_mid, zeros_1_in, minimum_1_in, p_2_p, peaks_1, peaks_2_n, minimum_1, zeros_1
31483,31482,63779,79673,101593,101593,101593,101593,101593,101593,101593,122818,137989,177422,177422
293329,293328,301482,317402,356973,356973,356973,356973,356973,356973,356973,386656,399317,488109,488109
