# TIC 0285019418_morp_ 0.554_T0_ 1870.573316_P_ 0.1366069_analysis_6, none, Eclipse indices (see function measure_eclipses_dt).
# zeros_1, minimum_1, peaks_2_n, peaks_1, p_2_p, minimum_1_in, zeros_1_in, minimum_1_in_mid, zeros_1_in, minimum_1_in, p_2_p, peaks_1, peaks_2_n, minimum_1, zeros_1
32020,32020,63787,79690,101608,101608,101608,101608,101608,101608,101608,122812,137992,176787,176786
293910,293910,301430,317453,356884,356884,356884,356884,356884,356884,356884,386603,399247,488877,488877
