# TIC 0286310830_morp_ 0.316_T0_ 1545.836155_P_ 8.3685918_analysis_6, none, Eclipse indices (see function measure_eclipses_dt).
# zeros_1, minimum_1, peaks_2_n, peaks_1, p_2_p, minimum_1_in, zeros_1_in, minimum_1_in_mid, zeros_1_in, minimum_1_in, p_2_p, peaks_1, peaks_2_n, minimum_1, zeros_1
642141,642140,642181,650572,655378,655378,655378,655378,655378,655378,655378,665416,665464,677333,677333
858287,858287,867053,867102,872875,872875,872875,872875,872875,872875,872875,878646,886455,886505,887079
