# KIC01433410_morp_0.74_T0_54999.951811_P_0.2832752_analysis_6, none, Eclipse indices (see function measure_eclipses_dt).
# zeros_1, minimum_1, peaks_2_n, peaks_1, p_2_p, minimum_1_in, zeros_1_in, minimum_1_in_mid, zeros_1_in, minimum_1_in, p_2_p, peaks_1, peaks_2_n, minimum_1, zeros_1
26084,26084,27257,112975,152498,152498,152498,152498,152498,152498,152498,192213,275750,276671,276670
276671,276671,276671,363638,402592,402592,402592,402592,402592,402592,402592,442097,526082,526083,526083
