# TIC 0242843658_morp_ 0.220_T0_ 1764.802732_P_ 4.9812382_analysis_6, none, Eclipse indices (see function measure_eclipses_dt).
# zeros_1, minimum_1, peaks_2_n, peaks_1, p_2_p, minimum_1_in, zeros_1_in, minimum_1_in_mid, zeros_1_in, minimum_1_in, p_2_p, peaks_1, peaks_2_n, minimum_1, zeros_1
307094,307093,309489,312867,316487,316487,316487,316487,316487,316487,316487,320120,323574,325969,325968
556762,556761,559298,562940,566511,566511,566511,566511,566511,566511,566511,570027,573776,576161,576160
