# TIC 0418244848_morp_ 0.459_T0_ 1817.748648_P_ 3.4572043_analysis_6, none, Eclipse indices (see function measure_eclipses_dt).
# zeros_1, minimum_1, peaks_2_n, peaks_1, p_2_p, minimum_1_in, zeros_1_in, minimum_1_in_mid, zeros_1_in, minimum_1_in, p_2_p, peaks_1, peaks_2_n, minimum_1, zeros_1
661995,661995,661996,662867,663739,663739,663739,663739,663739,663739,663739,664610,665480,665482,665481
911995,911994,911996,912867,913739,913739,913739,913739,913739,913739,913739,914610,915480,915482,915481
