# TIC 0279569707_morp_ 0.384_T0_ 1356.107177_P_ 3.9794091_analysis_6, none, Eclipse indices (see function measure_eclipses_dt).
# zeros_1, minimum_1, peaks_2_n, peaks_1, p_2_p, minimum_1_in, zeros_1_in, minimum_1_in_mid, zeros_1_in, minimum_1_in, p_2_p, peaks_1, peaks_2_n, minimum_1, zeros_1
306821,306821,307915,312946,320975,320975,320975,320975,320975,320975,320975,331284,336202,336846,336845
551274,554072,559349,562350,571503,571503,571503,571503,571503,571503,571503,579987,584619,592337,592336
