# TIC 0279454212_morp_ 0.075_T0_ 1411.223237_P_ 11.7612130_analysis_6, none, Eclipse indices (see function measure_eclipses_dt).
# zeros_1, minimum_1, peaks_2_n, peaks_1, p_2_p, minimum_1_in, zeros_1_in, minimum_1_in_mid, zeros_1_in, minimum_1_in, p_2_p, peaks_1, peaks_2_n, minimum_1, zeros_1
179335,179334,179369,180296,181252,181252,181252,181252,181252,181252,181252,182195,183095,183203,183203
513810,513810,513836,514776,515737,515737,515737,515737,515737,515737,515737,516687,517597,517691,517690
