# TIC 0352718668_morp_ 0.590_T0_ 1684.386735_P_ 1.0560424_analysis_6, none, Eclipse indices (see function measure_eclipses_dt).
# zeros_1, minimum_1, peaks_2_n, peaks_1, p_2_p, minimum_1_in, zeros_1_in, minimum_1_in_mid, zeros_1_in, minimum_1_in, p_2_p, peaks_1, peaks_2_n, minimum_1, zeros_1
442383,442382,451357,460535,472490,472490,472490,472490,472490,472490,472490,484557,493767,502415,502415
616337,616336,618194,680679,724309,724309,724309,724309,724309,724309,724309,734976,743098,752348,752347
