# TIC 0234840976_morp_ 0.585_T0_ 1468.350390_P_ 2.4085455_analysis_6, none, Eclipse indices (see function measure_eclipses_dt).
# zeros_1, minimum_1, peaks_2_n, peaks_1, p_2_p, minimum_1_in, zeros_1_in, minimum_1_in_mid, zeros_1_in, minimum_1_in, p_2_p, peaks_1, peaks_2_n, minimum_1, zeros_1
470595,471455,473530,481607,501788,501788,501788,501788,501788,501788,501788,516052,524141,526324,527298
707980,709085,711255,719368,736554,736554,736554,736554,736554,736554,736554,753758,761863,764029,765015
