# TIC 0098337456_morp_ 0.099_T0_ 1905.661263_P_ 11.6159619_analysis_6, none, Eclipse indices (see function measure_eclipses_dt).
# zeros_1, minimum_1, peaks_2_n, peaks_1, p_2_p, minimum_1_in, zeros_1_in, minimum_1_in_mid, zeros_1_in, minimum_1_in, p_2_p, peaks_1, peaks_2_n, minimum_1, zeros_1
175093,175092,175828,176946,178349,178349,178349,178349,178349,178349,178349,179730,180827,181618,181617
372950,372950,373545,374674,376099,376099,376099,376099,376099,376099,376099,377553,378830,379293,379293
