# TIC 0229750058_morp_ 0.146_T0_ 1937.525564_P_ 10.1827843_analysis_6, none, Eclipse indices (see function measure_eclipses_dt).
# zeros_1, minimum_1, peaks_2_n, peaks_1, p_2_p, minimum_1_in, zeros_1_in, minimum_1_in_mid, zeros_1_in, minimum_1_in, p_2_p, peaks_1, peaks_2_n, minimum_1, zeros_1
213070,213070,213071,213200,213329,213329,213329,213329,213329,213329,213329,213458,213587,213589,213588
938008,938007,938010,938139,938271,938271,938271,938271,938271,938271,938271,938399,938525,938527,938526
