# TIC 0283698250_morp_ 0.480_T0_ 1517.706711_P_ 1.0036573_analysis_6, none, Eclipse indices (see function measure_eclipses_dt).
# zeros_1, minimum_1, peaks_2_n, peaks_1, p_2_p, minimum_1_in, zeros_1_in, minimum_1_in_mid, zeros_1_in, minimum_1_in, p_2_p, peaks_1, peaks_2_n, minimum_1, zeros_1
634684,634683,639003,646316,655542,655542,655542,655542,655542,655542,655542,664182,671555,674507,674507
881481,881480,887130,895121,905124,905124,905124,905124,905124,905124,905124,915546,923626,930105,930104
