# TIC 0315777423_morp_ 0.535_T0_ 1718.338026_P_ 4.9319438_analysis_6, none, Eclipse indices (see function measure_eclipses_dt).
# zeros_1, minimum_1, peaks_2_n, peaks_1, p_2_p, minimum_1_in, zeros_1_in, minimum_1_in_mid, zeros_1_in, minimum_1_in, p_2_p, peaks_1, peaks_2_n, minimum_1, zeros_1
452129,452129,458784,469408,481397,481397,481397,481397,481397,481397,481397,498163,507704,509766,509765
707907,707906,709572,722752,734146,734146,734146,734146,734146,734146,734146,748030,757886,760183,760182
