# TIC 0186942457_morp_ 0.177_T0_ 1796.243472_P_ 12.7727366_analysis_6, none, Eclipse indices (see function measure_eclipses_dt).
# zeros_1, minimum_1, peaks_2_n, peaks_1, p_2_p, minimum_1_in, zeros_1_in, minimum_1_in_mid, zeros_1_in, minimum_1_in, p_2_p, peaks_1, peaks_2_n, minimum_1, zeros_1
54740,54739,54740,57687,60626,60626,60626,60626,60626,60626,60626,61662,62304,66909,66909
247616,247615,248259,249262,250218,251333,251332,252483,253635,253634,254646,255599,256574,257353,257352
