# TIC 0273574141_morp_ 0.522_T0_ 1683.903335_P_ 1.0756491_analysis_6, none, Eclipse indices (see function measure_eclipses_dt).
# zeros_1, minimum_1, peaks_2_n, peaks_1, p_2_p, minimum_1_in, zeros_1_in, minimum_1_in_mid, zeros_1_in, minimum_1_in, p_2_p, peaks_1, peaks_2_n, minimum_1, zeros_1
548549,548549,562190,577249,597006,597006,597006,597006,597006,597006,597006,616185,631087,645223,645222
820140,820140,822464,835673,847485,853424,853424,915889,978354,978354,985167,996469,999998,999999,999999
