# TIC 0159220329_morp_ 0.616_T0_ 1683.568991_P_ 1.7304031_analysis_6, none, Eclipse indices (see function measure_eclipses_dt).
# zeros_1, minimum_1, peaks_2_n, peaks_1, p_2_p, minimum_1_in, zeros_1_in, minimum_1_in_mid, zeros_1_in, minimum_1_in, p_2_p, peaks_1, peaks_2_n, minimum_1, zeros_1
414562,414561,414662,414870,415078,415178,415178,435084,454991,454990,455077,456119,456328,456414,456414
615479,615478,615494,615703,616744,616761,616760,660433,704106,704105,704248,705289,705498,705638,705638
