# TIC 0278068108_morp_ 0.640_T0_ 1711.759898_P_ 1.6259226_analysis_6, none, Eclipse indices (see function measure_eclipses_dt).
# zeros_1, minimum_1, peaks_2_n, peaks_1, p_2_p, minimum_1_in, zeros_1_in, minimum_1_in_mid, zeros_1_in, minimum_1_in, p_2_p, peaks_1, peaks_2_n, minimum_1, zeros_1
259642,304923,324242,352982,380609,380609,380609,380609,380609,380609,380609,410920,437968,453022,499008
499009,559062,574452,609122,630335,630335,630335,630335,630335,630335,630335,651433,686470,700926,759640
