# TIC 0233079659_morp_ 0.823_T0_ 1683.691678_P_ 0.2418013_analysis_6, none, Eclipse indices (see function measure_eclipses_dt).
# zeros_1, minimum_1, peaks_2_n, peaks_1, p_2_p, minimum_1_in, zeros_1_in, minimum_1_in_mid, zeros_1_in, minimum_1_in, p_2_p, peaks_1, peaks_2_n, minimum_1, zeros_1
287997,287996,287997,350496,412996,412996,412996,412996,412996,412996,412996,475496,537995,537996,537996
537997,537996,537997,600496,662996,662996,662996,662996,662996,662996,662996,725496,787994,787996,787995
