# TIC 0022017780_morp_ 0.809_T0_ 1900.257173_P_ 0.3842047_analysis_6, none, Eclipse indices (see function measure_eclipses_dt).
# zeros_1, minimum_1, peaks_2_n, peaks_1, p_2_p, minimum_1_in, zeros_1_in, minimum_1_in_mid, zeros_1_in, minimum_1_in, p_2_p, peaks_1, peaks_2_n, minimum_1, zeros_1
159452,159452,165583,249188,283169,283169,283169,283169,283169,283169,283169,316706,403814,406711,406710
406711,406711,483418,500873,533285,533285,533285,533285,533285,533285,533285,565964,583773,659451,659451
