# TIC 0458490358_morp_ 0.866_T0_ 1956.071795_P_ 0.3806750_analysis_6, none, Eclipse indices (see function measure_eclipses_dt).
# zeros_1, minimum_1, peaks_2_n, peaks_1, p_2_p, minimum_1_in, zeros_1_in, minimum_1_in_mid, zeros_1_in, minimum_1_in, p_2_p, peaks_1, peaks_2_n, minimum_1, zeros_1
495117,495116,518441,578103,617325,617325,617325,617325,617325,617325,617325,659281,719125,742826,742825
742826,742826,804699,829508,870137,870137,870137,870137,870137,870137,870137,908160,932226,995116,995115
