# TIC 0311103813_morp_ 0.681_T0_ 1625.419416_P_ 0.5278588_analysis_6, none, Eclipse indices (see function measure_eclipses_dt).
# zeros_1, minimum_1, peaks_2_n, peaks_1, p_2_p, minimum_1_in, zeros_1_in, minimum_1_in_mid, zeros_1_in, minimum_1_in, p_2_p, peaks_1, peaks_2_n, minimum_1, zeros_1
104367,104367,175010,202590,230809,230809,230809,230809,230809,230809,230809,258684,288021,358052,358051
358052,358052,365025,441233,480353,480353,480353,480353,480353,480353,480353,521029,597953,604366,604366
