# TIC 0303427297_morp_ 0.193_T0_ 1569.945715_P_ 4.2973723_analysis_6, none, Eclipse indices (see function measure_eclipses_dt).
# zeros_1, minimum_1, peaks_2_n, peaks_1, p_2_p, minimum_1_in, zeros_1_in, minimum_1_in_mid, zeros_1_in, minimum_1_in, p_2_p, peaks_1, peaks_2_n, minimum_1, zeros_1
6768,6767,8512,10825,13760,13760,13760,13760,13760,13760,13760,16702,19007,20809,20808
271668,271667,273857,275952,278638,278638,278638,278638,278638,278638,278638,281485,283700,285114,285113
