# TIC 0394006752_morp_ 0.583_T0_ 1325.756674_P_ 0.4548849_analysis_6, none, Eclipse indices (see function measure_eclipses_dt).
# zeros_1, minimum_1, peaks_2_n, peaks_1, p_2_p, minimum_1_in, zeros_1_in, minimum_1_in_mid, zeros_1_in, minimum_1_in, p_2_p, peaks_1, peaks_2_n, minimum_1, zeros_1
164283,222888,226817,240447,250576,254419,254419,262323,270228,270228,272684,284135,296170,300246,377017
414589,472234,477794,495265,515449,515449,515449,515449,515449,515449,515449,528038,545399,549925,549925
