# TIC 0200373531_morp_ 0.262_T0_ 1744.376663_P_ 8.0766059_analysis_6, none, Eclipse indices (see function measure_eclipses_dt).
# zeros_1, minimum_1, peaks_2_n, peaks_1, p_2_p, minimum_1_in, zeros_1_in, minimum_1_in_mid, zeros_1_in, minimum_1_in, p_2_p, peaks_1, peaks_2_n, minimum_1, zeros_1
630828,630827,632156,633903,635606,637229,637228,639746,642263,642263,644181,645858,647649,648720,648719
779370,779369,779932,781427,788755,789776,789776,791455,793135,793135,793545,799495,800865,801389,801388
