# TIC 0458847254_morp_ 0.492_T0_ 1792.128179_P_ 2.6060503_analysis_6, none, Eclipse indices (see function measure_eclipses_dt).
# zeros_1, minimum_1, peaks_2_n, peaks_1, p_2_p, minimum_1_in, zeros_1_in, minimum_1_in_mid, zeros_1_in, minimum_1_in, p_2_p, peaks_1, peaks_2_n, minimum_1, zeros_1
243187,243186,250106,261163,274873,274873,274873,274873,274873,274873,274873,288498,299345,306247,306247
480630,480630,487386,498360,512306,512306,512306,512306,512306,512306,512306,526325,537325,547486,547485
