# TIC 0028230919_morp_ 0.227_T0_ 1687.205174_P_ 4.8880424_analysis_6, none, Eclipse indices (see function measure_eclipses_dt).
# zeros_1, minimum_1, peaks_2_n, peaks_1, p_2_p, minimum_1_in, zeros_1_in, minimum_1_in_mid, zeros_1_in, minimum_1_in, p_2_p, peaks_1, peaks_2_n, minimum_1, zeros_1
209014,209013,211652,214159,218257,218257,218257,218257,218257,218257,218257,222579,225253,227247,227247
289751,289750,290235,292006,293896,294100,294100,300182,306265,306264,306298,308531,310384,311893,311893
