# TIC 0206462116_morp_ 0.444_T0_ 1327.968501_P_ 2.9674214_analysis_6, none, Eclipse indices (see function measure_eclipses_dt).
# zeros_1, minimum_1, peaks_2_n, peaks_1, p_2_p, minimum_1_in, zeros_1_in, minimum_1_in_mid, zeros_1_in, minimum_1_in, p_2_p, peaks_1, peaks_2_n, minimum_1, zeros_1
391164,392040,392164,398367,405974,406095,406982,407861,409627,409627,409720,417795,423999,424123,425026
639764,642036,642163,647431,655506,655630,657458,657847,658731,660064,660188,668263,673999,674126,676417
