# TIC 0276935987_morp_ 0.663_T0_ 1324.401216_P_ 4.2507272_analysis_6, none, Eclipse indices (see function measure_eclipses_dt).
# zeros_1, minimum_1, peaks_2_n, peaks_1, p_2_p, minimum_1_in, zeros_1_in, minimum_1_in_mid, zeros_1_in, minimum_1_in, p_2_p, peaks_1, peaks_2_n, minimum_1, zeros_1
266409,266409,266659,283930,390611,390611,390611,390611,390611,390611,390611,410549,513984,513985,513985
513986,513985,516334,533146,640436,640436,640436,640436,640436,640436,640436,747852,766407,766408,766408
