# TIC 0130158363_morp_ 0.346_T0_ 1844.592156_P_ 2.8498480_analysis_6, none, Eclipse indices (see function measure_eclipses_dt).
# zeros_1, minimum_1, peaks_2_n, peaks_1, p_2_p, minimum_1_in, zeros_1_in, minimum_1_in_mid, zeros_1_in, minimum_1_in, p_2_p, peaks_1, peaks_2_n, minimum_1, zeros_1
555769,555768,558886,567440,571816,571816,571816,571816,571816,571816,571816,576188,584776,587811,587810
805791,805790,808896,817747,821783,821783,821783,821783,821783,821783,821783,830377,834790,838041,838041
