# TIC 0146601322_morp_ 0.576_T0_ 1517.932137_P_ 0.9869950_analysis_6, none, Eclipse indices (see function measure_eclipses_dt).
# zeros_1, minimum_1, peaks_2_n, peaks_1, p_2_p, minimum_1_in, zeros_1_in, minimum_1_in_mid, zeros_1_in, minimum_1_in, p_2_p, peaks_1, peaks_2_n, minimum_1, zeros_1
133587,136458,137036,158349,174389,174389,174389,174389,174389,174389,174389,189679,210987,211577,214562
382826,387213,387836,410755,424134,424134,424134,424134,424134,424134,424134,437267,460186,460818,465158
