# TIC 0271529021_morp_ 0.290_T0_ 1768.949832_P_ 6.0684145_analysis_6, none, Eclipse indices (see function measure_eclipses_dt).
# zeros_1, minimum_1, peaks_2_n, peaks_1, p_2_p, minimum_1_in, zeros_1_in, minimum_1_in_mid, zeros_1_in, minimum_1_in, p_2_p, peaks_1, peaks_2_n, minimum_1, zeros_1
669536,673048,675986,681453,686888,686888,686888,686888,686888,686888,686888,692264,697732,700780,703881
914612,918557,921557,927377,932316,932316,932316,932316,932316,932316,932316,937388,943042,946049,949875
