# TIC 0349763482_morp_ 0.125_T0_ 1603.748898_P_ 15.6295651_analysis_6, none, Eclipse indices (see function measure_eclipses_dt).
# zeros_1, minimum_1, peaks_2_n, peaks_1, p_2_p, minimum_1_in, zeros_1_in, minimum_1_in_mid, zeros_1_in, minimum_1_in, p_2_p, peaks_1, peaks_2_n, minimum_1, zeros_1
87326,87325,88365,90260,92627,92627,92627,92627,92627,92627,92627,94889,96701,98061,98060
809841,809840,811025,812824,815052,815052,815052,815052,815052,815052,815052,817360,819236,820216,820216
