# TIC 0173795590_morp_ 0.812_T0_ 1738.561279_P_ 0.3327207_analysis_6, none, Eclipse indices (see function measure_eclipses_dt).
# zeros_1, minimum_1, peaks_2_n, peaks_1, p_2_p, minimum_1_in, zeros_1_in, minimum_1_in_mid, zeros_1_in, minimum_1_in, p_2_p, peaks_1, peaks_2_n, minimum_1, zeros_1
152571,152571,222984,243795,279871,279871,279871,279871,279871,279871,279871,316285,337896,407642,407642
407643,407642,470594,495745,530876,530876,530876,530876,530876,530876,530876,563914,590196,652570,652570
