# TIC 0387586260_morp_ 0.813_T0_ 1411.249680_P_ 0.8804670_analysis_6, none, Eclipse indices (see function measure_eclipses_dt).
# zeros_1, minimum_1, peaks_2_n, peaks_1, p_2_p, minimum_1_in, zeros_1_in, minimum_1_in_mid, zeros_1_in, minimum_1_in, p_2_p, peaks_1, peaks_2_n, minimum_1, zeros_1
479454,479454,550658,566018,599255,599255,599255,599255,599255,599255,599255,643973,699418,725732,725731
725732,725732,729600,815443,855456,855456,855456,855456,855456,855456,855456,894667,899070,979453,979453
