# TIC 0413376180_morp_ 0.332_T0_ 1574.679399_P_ 2.7088407_analysis_6, none, Eclipse indices (see function measure_eclipses_dt).
# zeros_1, minimum_1, peaks_2_n, peaks_1, p_2_p, minimum_1_in, zeros_1_in, minimum_1_in_mid, zeros_1_in, minimum_1_in, p_2_p, peaks_1, peaks_2_n, minimum_1, zeros_1
145530,145529,149529,159147,170594,170594,170594,170594,170594,170594,170594,183055,225685,225687,225686
535925,535925,535925,579052,591413,591413,591413,591413,591413,591413,591413,602859,612465,616553,616553
