# TIC 0276315375_morp_ 0.496_T0_ 1656.066363_P_ 2.0486948_analysis_6, none, Eclipse indices (see function measure_eclipses_dt).
# zeros_1, minimum_1, peaks_2_n, peaks_1, p_2_p, minimum_1_in, zeros_1_in, minimum_1_in_mid, zeros_1_in, minimum_1_in, p_2_p, peaks_1, peaks_2_n, minimum_1, zeros_1
318492,318491,321644,326158,338288,338288,338288,338288,338288,338288,338288,351849,356134,360986,366839
561929,561928,572105,575148,580686,580686,580686,580686,580686,580686,580686,601430,605082,605925,605924
