# TIC 0233532554_morp_ 0.548_T0_ 1685.289225_P_ 2.8312777_analysis_6, none, Eclipse indices (see function measure_eclipses_dt).
# zeros_1, minimum_1, peaks_2_n, peaks_1, p_2_p, minimum_1_in, zeros_1_in, minimum_1_in_mid, zeros_1_in, minimum_1_in, p_2_p, peaks_1, peaks_2_n, minimum_1, zeros_1
167805,167804,180878,195358,215481,215481,215481,215481,215481,215481,215481,236816,251564,263526,263526
415283,415283,429146,441853,467559,467559,467559,467559,467559,467559,467559,497431,515744,516222,516221
