# TIC 0350738423_morp_ 0.649_T0_ 1685.262347_P_ 2.6160305_analysis_6, none, Eclipse indices (see function measure_eclipses_dt).
# zeros_1, minimum_1, peaks_2_n, peaks_1, p_2_p, minimum_1_in, zeros_1_in, minimum_1_in_mid, zeros_1_in, minimum_1_in, p_2_p, peaks_1, peaks_2_n, minimum_1, zeros_1
490085,572388,576371,584737,606946,606946,606946,606946,606946,606946,606946,628573,636958,640970,724260
739176,822933,826236,834150,839204,841850,841849,856849,871849,871849,874291,878943,887291,890731,974413
