# TIC 0260609205_morp_ 0.433_T0_ 1328.756399_P_ 4.4617534_analysis_6, none, Eclipse indices (see function measure_eclipses_dt).
# zeros_1, minimum_1, peaks_2_n, peaks_1, p_2_p, minimum_1_in, zeros_1_in, minimum_1_in_mid, zeros_1_in, minimum_1_in, p_2_p, peaks_1, peaks_2_n, minimum_1, zeros_1
78896,78896,78908,79868,80840,80840,80840,80840,80840,80840,80840,81808,82753,82803,82802
711588,711588,711600,712600,713583,713631,713631,731390,749150,749149,749175,750171,751166,751197,751197
