# TIC 0203001339_morp_ 0.104_T0_ 1689.571458_P_ 9.0673009_analysis_6, none, Eclipse indices (see function measure_eclipses_dt).
# zeros_1, minimum_1, peaks_2_n, peaks_1, p_2_p, minimum_1_in, zeros_1_in, minimum_1_in_mid, zeros_1_in, minimum_1_in, p_2_p, peaks_1, peaks_2_n, minimum_1, zeros_1
592268,592268,593849,596252,600305,600305,600305,600305,600305,600305,600305,604160,606768,608242,608241
904743,904743,906760,908702,911380,911380,911380,911380,911380,911380,911380,914050,915987,918013,918013
