# TIC 0154511165_morp_ 0.598_T0_ 1711.827710_P_ 0.8403778_analysis_6, none, Eclipse indices (see function measure_eclipses_dt).
# zeros_1, minimum_1, peaks_2_n, peaks_1, p_2_p, minimum_1_in, zeros_1_in, minimum_1_in_mid, zeros_1_in, minimum_1_in, p_2_p, peaks_1, peaks_2_n, minimum_1, zeros_1
229024,229023,232323,237634,300244,300244,300244,300244,300244,300244,300244,365706,372378,388183,388182
466545,466544,473137,501125,519697,519697,519697,519697,519697,519697,519697,537110,565603,573798,647993
