# TIC 0273865522_morp_ 0.917_T0_ 1683.891707_P_ 0.7886030_analysis_6, none, Eclipse indices (see function measure_eclipses_dt).
# zeros_1, minimum_1, peaks_2_n, peaks_1, p_2_p, minimum_1_in, zeros_1_in, minimum_1_in_mid, zeros_1_in, minimum_1_in, p_2_p, peaks_1, peaks_2_n, minimum_1, zeros_1
135921,135920,138737,194514,257900,257900,257900,257900,257900,257900,257900,322518,379306,381951,381950
381951,381951,381951,438323,509986,509986,509986,509986,509986,509986,509986,580310,635918,635920,635919
