# TIC 0133701671_morp_ 0.235_T0_ 1627.130548_P_ 4.6955429_analysis_6, none, Eclipse indices (see function measure_eclipses_dt).
# zeros_1, minimum_1, peaks_2_n, peaks_1, p_2_p, minimum_1_in, zeros_1_in, minimum_1_in_mid, zeros_1_in, minimum_1_in, p_2_p, peaks_1, peaks_2_n, minimum_1, zeros_1
475501,475501,475518,475593,475668,475686,475685,496767,517848,517848,517855,517930,518005,518012,518011
737535,737535,738803,738877,740150,740221,740220,743752,747284,747283,747339,749513,749588,749663,752939
