# TIC 0408310006_morp_ 0.275_T0_ 1518.970240_P_ 5.4435063_analysis_6, none, Eclipse indices (see function measure_eclipses_dt).
# zeros_1, minimum_1, peaks_2_n, peaks_1, p_2_p, minimum_1_in, zeros_1_in, minimum_1_in_mid, zeros_1_in, minimum_1_in, p_2_p, peaks_1, peaks_2_n, minimum_1, zeros_1
133810,133810,133855,136150,138374,138543,138542,147364,156186,156186,156342,158583,160864,160958,160958
570817,570817,570855,573144,575371,575512,575511,584355,593199,593198,593346,595588,597868,597954,597953
