# TIC 0173710176_morp_ 0.760_T0_ 1740.106204_P_ 1.6188466_analysis_6, none, Eclipse indices (see function measure_eclipses_dt).
# zeros_1, minimum_1, peaks_2_n, peaks_1, p_2_p, minimum_1_in, zeros_1_in, minimum_1_in_mid, zeros_1_in, minimum_1_in, p_2_p, peaks_1, peaks_2_n, minimum_1, zeros_1
583919,592435,601552,608354,672100,672100,672100,672100,672100,672100,672100,697349,703868,705282,705281
801831,871017,879556,885970,916035,916035,916035,916035,916035,916035,916035,981029,987760,996724,999999
