# TIC 0314459000_morp_ 0.852_T0_ 1711.779862_P_ 0.8578359_analysis_6, none, Eclipse indices (see function measure_eclipses_dt).
# zeros_1, minimum_1, peaks_2_n, peaks_1, p_2_p, minimum_1_in, zeros_1_in, minimum_1_in_mid, zeros_1_in, minimum_1_in, p_2_p, peaks_1, peaks_2_n, minimum_1, zeros_1
4243,4242,7230,94179,124199,124199,124199,124199,124199,124199,124199,144576,257306,259764,259763
259764,291932,331564,344453,381730,381730,381730,381730,381730,381730,381730,382979,480221,504242,504241
