# TIC 0268383780_morp_ 0.487_T0_ 1682.534500_P_ 2.6183770_analysis_6, none, Eclipse indices (see function measure_eclipses_dt).
# zeros_1, minimum_1, peaks_2_n, peaks_1, p_2_p, minimum_1_in, zeros_1_in, minimum_1_in_mid, zeros_1_in, minimum_1_in, p_2_p, peaks_1, peaks_2_n, minimum_1, zeros_1
585867,585867,585929,587953,589951,589982,589981,593655,597329,597328,597433,599208,601011,601013,601012
676963,676962,679810,681008,682631,682631,682631,682631,682631,682631,682631,684255,685663,686025,686024
