# TIC 0336434532_morp_ 0.340_T0_ 1717.549080_P_ 7.7753455_analysis_6, none, Eclipse indices (see function measure_eclipses_dt).
# zeros_1, minimum_1, peaks_2_n, peaks_1, p_2_p, minimum_1_in, zeros_1_in, minimum_1_in_mid, zeros_1_in, minimum_1_in, p_2_p, peaks_1, peaks_2_n, minimum_1, zeros_1
532902,532901,532948,533031,533440,533492,533492,538864,544238,544237,544277,544688,544771,544810,544809
782916,782915,782959,783042,783453,783498,783498,788873,794250,794249,794286,794696,794778,794812,794811
