# TIC 0048227288_morp_ 0.359_T0_ 1602.380583_P_ 2.8965088_analysis_6, none, Eclipse indices (see function measure_eclipses_dt).
# zeros_1, minimum_1, peaks_2_n, peaks_1, p_2_p, minimum_1_in, zeros_1_in, minimum_1_in_mid, zeros_1_in, minimum_1_in, p_2_p, peaks_1, peaks_2_n, minimum_1, zeros_1
641553,641552,641553,648980,661422,661422,661422,661422,661422,661422,661422,675492,688901,689049,689049
832420,832420,835463,839719,848731,848731,848731,848731,848731,848731,848731,857717,862000,865053,865052
