# TIC 0358111274_morp_ 0.010_T0_ 1633.293966_P_ 43.8434276_analysis_6, none, Eclipse indices (see function measure_eclipses_dt).
# zeros_1, minimum_1, peaks_2_n, peaks_1, p_2_p, minimum_1_in, zeros_1_in, minimum_1_in_mid, zeros_1_in, minimum_1_in, p_2_p, peaks_1, peaks_2_n, minimum_1, zeros_1
876282,876281,876285,876383,876482,876487,876486,890280,904075,904074,904084,904186,904290,904294,904293
950094,950094,950097,950191,950287,950287,950287,950287,950287,950287,950287,950383,950475,950483,950482
