# TIC 0098974882_morp_ 0.460_T0_ 1843.018701_P_ 2.1317486_analysis_6, none, Eclipse indices (see function measure_eclipses_dt).
# zeros_1, minimum_1, peaks_2_n, peaks_1, p_2_p, minimum_1_in, zeros_1_in, minimum_1_in_mid, zeros_1_in, minimum_1_in, p_2_p, peaks_1, peaks_2_n, minimum_1, zeros_1
365699,365699,365699,370229,374462,374462,374462,374462,374462,374462,374462,381950,388137,388621,388620
388621,388621,388621,393877,398830,398830,398830,398830,398830,398830,398830,405790,411989,411990,411990
