# TIC 0317470793_morp_ 0.749_T0_ 1765.082155_P_ 0.4174331_analysis_6, none, Eclipse indices (see function measure_eclipses_dt).
# zeros_1, minimum_1, peaks_2_n, peaks_1, p_2_p, minimum_1_in, zeros_1_in, minimum_1_in_mid, zeros_1_in, minimum_1_in, p_2_p, peaks_1, peaks_2_n, minimum_1, zeros_1
366065,366064,424072,453887,488780,488780,488780,488780,488780,488780,488780,522544,552210,570607,611216
611217,611216,686827,706226,738275,738275,738275,738275,738275,738275,738275,770922,790262,866064,866063
