# TIC 0135244338_morp_ 0.963_T0_ 1571.370454_P_ 0.6149767_analysis_6, none, Eclipse indices (see function measure_eclipses_dt).
# zeros_1, minimum_1, peaks_2_n, peaks_1, p_2_p, minimum_1_in, zeros_1_in, minimum_1_in_mid, zeros_1_in, minimum_1_in, p_2_p, peaks_1, peaks_2_n, minimum_1, zeros_1
9689,9689,10292,71928,129928,129928,129928,129928,129928,129928,129928,188445,251459,252835,252834
252835,252835,252835,317525,383490,383490,383490,383490,383490,383490,383490,446599,509687,509688,509688
