# TIC 0432168104_morp_ 0.372_T0_ 1546.648718_P_ 2.5528847_analysis_6, none, Eclipse indices (see function measure_eclipses_dt).
# zeros_1, minimum_1, peaks_2_n, peaks_1, p_2_p, minimum_1_in, zeros_1_in, minimum_1_in_mid, zeros_1_in, minimum_1_in, p_2_p, peaks_1, peaks_2_n, minimum_1, zeros_1
637857,637856,640456,650413,661489,661489,661489,661489,661489,661489,661489,671101,680673,680674,680674
816282,816281,823102,832410,843992,843992,843992,843992,843992,843992,843992,856088,866193,869820,869820
