# TIC 0087260967_morp_ 0.504_T0_ 1657.114965_P_ 1.0905536_analysis_6, none, Eclipse indices (see function measure_eclipses_dt).
# zeros_1, minimum_1, peaks_2_n, peaks_1, p_2_p, minimum_1_in, zeros_1_in, minimum_1_in_mid, zeros_1_in, minimum_1_in, p_2_p, peaks_1, peaks_2_n, minimum_1, zeros_1
312179,312178,324445,349652,377171,377171,377171,377171,377171,377171,377171,420470,458205,458206,458206
458207,458206,458300,496243,540170,540170,540170,540170,540170,540170,540170,568188,592291,612187,612187
