# TIC 0211215485_morp_ 0.605_T0_ 1657.220179_P_ 1.7015012_analysis_6, none, Eclipse indices (see function measure_eclipses_dt).
# zeros_1, minimum_1, peaks_2_n, peaks_1, p_2_p, minimum_1_in, zeros_1_in, minimum_1_in_mid, zeros_1_in, minimum_1_in, p_2_p, peaks_1, peaks_2_n, minimum_1, zeros_1
185921,239052,246649,264018,283124,283124,283124,283124,283124,283124,283124,301874,319115,324401,324400
432240,489405,496886,513073,532646,532646,532646,532646,532646,532646,532646,552471,569123,575836,575835
