# TIC 0097402522_morp_ 0.412_T0_ 1325.577560_P_ 0.8007241_analysis_6, none, Eclipse indices (see function measure_eclipses_dt).
# zeros_1, minimum_1, peaks_2_n, peaks_1, p_2_p, minimum_1_in, zeros_1_in, minimum_1_in_mid, zeros_1_in, minimum_1_in, p_2_p, peaks_1, peaks_2_n, minimum_1, zeros_1
459481,459481,463916,470132,477752,477752,477752,477752,477752,477752,477752,486711,493612,497751,497750
693620,693620,710413,717742,727936,727936,727936,727936,727936,727936,727936,738527,746325,756076,756075
