# TIC 0441690583_morp_ 0.288_T0_ 1716.027806_P_ 5.6463928_analysis_6, none, Eclipse indices (see function measure_eclipses_dt).
# zeros_1, minimum_1, peaks_2_n, peaks_1, p_2_p, minimum_1_in, zeros_1_in, minimum_1_in_mid, zeros_1_in, minimum_1_in, p_2_p, peaks_1, peaks_2_n, minimum_1, zeros_1
140558,140558,140558,141145,141722,141749,141749,148732,155716,155715,155756,158715,159311,159337,159337
880582,880581,880582,881169,881754,881754,881754,881754,881754,881754,881754,882367,882966,882980,882979
