# TIC 0394179202_morp_ 0.211_T0_ 1687.656312_P_ 7.4241532_analysis_6, none, Eclipse indices (see function measure_eclipses_dt).
# zeros_1, minimum_1, peaks_2_n, peaks_1, p_2_p, minimum_1_in, zeros_1_in, minimum_1_in_mid, zeros_1_in, minimum_1_in, p_2_p, peaks_1, peaks_2_n, minimum_1, zeros_1
260613,260613,260636,260684,260920,260944,260944,263657,266371,266370,266396,266632,266679,266704,266703
510599,510598,510636,510683,510919,510958,510957,513563,516170,516169,516206,516442,516490,516527,516526
