# TIC 0023221002_morp_ 0.745_T0_ 1411.032453_P_ 0.4452879_analysis_6, none, Eclipse indices (see function measure_eclipses_dt).
# zeros_1, minimum_1, peaks_2_n, peaks_1, p_2_p, minimum_1_in, zeros_1_in, minimum_1_in_mid, zeros_1_in, minimum_1_in, p_2_p, peaks_1, peaks_2_n, minimum_1, zeros_1
316697,316696,383614,408589,438001,438001,438001,438001,438001,438001,438001,468615,490761,560427,560427
560428,560427,633444,656795,688650,688650,688650,688650,688650,688650,688650,718427,743936,816696,816695
