# TIC 0140659980_morp_ 0.085_T0_ 1602.037316_P_ 9.4400721_analysis_6, none, Eclipse indices (see function measure_eclipses_dt).
# zeros_1, minimum_1, peaks_2_n, peaks_1, p_2_p, minimum_1_in, zeros_1_in, minimum_1_in_mid, zeros_1_in, minimum_1_in, p_2_p, peaks_1, peaks_2_n, minimum_1, zeros_1
234305,239274,240011,242222,244282,244282,244282,244282,244282,244282,244282,250989,253275,253733,253732
470857,474080,474753,477068,479957,479957,479957,479957,479957,479957,479957,485338,486055,486834,489672
