# TIC 0291466214_morp_ 0.264_T0_ 1495.535482_P_ 7.0505819_analysis_6, none, Eclipse indices (see function measure_eclipses_dt).
# zeros_1, minimum_1, peaks_2_n, peaks_1, p_2_p, minimum_1_in, zeros_1_in, minimum_1_in_mid, zeros_1_in, minimum_1_in, p_2_p, peaks_1, peaks_2_n, minimum_1, zeros_1
472598,472597,474514,477745,481732,481732,481732,481732,481732,481732,481732,485769,489011,490915,490914
722501,722501,724213,727620,731712,731712,731712,731712,731712,731712,731712,735842,739254,740924,740923
