# TIC 0115244268_morp_ 0.383_T0_ 1326.530455_P_ 2.0089279_analysis_6, none, Eclipse indices (see function measure_eclipses_dt).
# zeros_1, minimum_1, peaks_2_n, peaks_1, p_2_p, minimum_1_in, zeros_1_in, minimum_1_in_mid, zeros_1_in, minimum_1_in, p_2_p, peaks_1, peaks_2_n, minimum_1, zeros_1
294501,294500,296602,300092,308915,308915,308915,308915,308915,308915,308915,317718,321117,323310,323309
543540,543540,546717,550814,558761,558761,558761,558761,558761,558761,558761,567032,571082,574710,574709
