# TIC 0309792357_morp_ 0.199_T0_ 1675.635407_P_ 314.6167372_analysis_6, none, Eclipse indices (see function measure_eclipses_dt).
# zeros_1, minimum_1, peaks_2_n, peaks_1, p_2_p, minimum_1_in, zeros_1_in, minimum_1_in_mid, zeros_1_in, minimum_1_in, p_2_p, peaks_1, peaks_2_n, minimum_1, zeros_1
107753,107753,107753,107793,107831,107833,107832,117028,126223,126223,126223,126262,126300,126302,126301
542866,542865,542866,542905,542944,542944,542944,542944,542944,542944,542944,542985,543023,543025,543024
