# TIC 0269562415_morp_ 0.680_T0_ 1492.990254_P_ 1.4545105_analysis_6, none, Eclipse indices (see function measure_eclipses_dt).
# zeros_1, minimum_1, peaks_2_n, peaks_1, p_2_p, minimum_1_in, zeros_1_in, minimum_1_in_mid, zeros_1_in, minimum_1_in, p_2_p, peaks_1, peaks_2_n, minimum_1, zeros_1
430587,430587,430587,475215,601066,601066,601066,601066,601066,601066,601066,674904,720583,720584,720584
720585,720584,728897,775013,825381,825381,825381,825381,825381,825381,825381,875086,920332,930586,930586
