# TIC 0030122338_morp_ 0.349_T0_ 1514.067117_P_ 7.0401695_analysis_6, none, Eclipse indices (see function measure_eclipses_dt).
# zeros_1, minimum_1, peaks_2_n, peaks_1, p_2_p, minimum_1_in, zeros_1_in, minimum_1_in_mid, zeros_1_in, minimum_1_in, p_2_p, peaks_1, peaks_2_n, minimum_1, zeros_1
358413,365796,368327,374505,380215,380215,380215,380215,380215,380215,380215,384741,390847,392537,392537
616244,616243,618270,624028,626516,628605,628605,629759,630914,630913,632615,635155,640846,642581,642580
