# TIC 0202291965_morp_ 0.940_T0_ 1684.264163_P_ 1.5297390_analysis_6, none, Eclipse indices (see function measure_eclipses_dt).
# zeros_1, minimum_1, peaks_2_n, peaks_1, p_2_p, minimum_1_in, zeros_1_in, minimum_1_in_mid, zeros_1_in, minimum_1_in, p_2_p, peaks_1, peaks_2_n, minimum_1, zeros_1
411344,411343,414351,473006,534789,534789,534789,534789,534789,534789,534789,597601,655993,659788,659788
659789,659788,659789,719580,787261,787261,787261,787261,787261,787261,787261,852702,911341,911343,911342
