# TIC 0193538686_morp_ 0.711_T0_ 1711.752750_P_ 0.4050058_analysis_6, none, Eclipse indices (see function measure_eclipses_dt).
# zeros_1, minimum_1, peaks_2_n, peaks_1, p_2_p, minimum_1_in, zeros_1_in, minimum_1_in_mid, zeros_1_in, minimum_1_in, p_2_p, peaks_1, peaks_2_n, minimum_1, zeros_1
46373,46372,132358,150400,182093,182093,182093,182093,182093,182093,182093,214552,233159,320061,320060
320061,320061,378055,397189,433538,433538,433538,433538,433538,433538,433538,469567,488571,546372,546371
