# TIC 0172933154_morp_ 0.220_T0_ 1874.266089_P_ 5.7872723_analysis_6, none, Eclipse indices (see function measure_eclipses_dt).
# zeros_1, minimum_1, peaks_2_n, peaks_1, p_2_p, minimum_1_in, zeros_1_in, minimum_1_in_mid, zeros_1_in, minimum_1_in, p_2_p, peaks_1, peaks_2_n, minimum_1, zeros_1
154597,154596,154643,156411,158422,158484,159439,159889,161295,161295,161347,164333,165613,165676,166145
404244,404945,405009,406532,409762,409794,409794,410966,410945,412138,412200,414211,415979,416043,416265
