# TIC 0276935996_morp_ 0.655_T0_ 1324.403191_P_ 4.2508447_analysis_6, none, Eclipse indices (see function measure_eclipses_dt).
# zeros_1, minimum_1, peaks_2_n, peaks_1, p_2_p, minimum_1_in, zeros_1_in, minimum_1_in_mid, zeros_1_in, minimum_1_in, p_2_p, peaks_1, peaks_2_n, minimum_1, zeros_1
6239,6238,6531,9717,25505,25988,25987,92068,158150,158149,158444,161564,164771,164896,164896
177416,177416,177416,180602,183739,183822,183821,190189,196558,196557,196558,199586,202687,202688,202688
