# TIC 0306263608_morp_ 0.326_T0_ 1767.403799_P_ 11.7973633_analysis_6, none, Eclipse indices (see function measure_eclipses_dt).
# zeros_1, minimum_1, peaks_2_n, peaks_1, p_2_p, minimum_1_in, zeros_1_in, minimum_1_in_mid, zeros_1_in, minimum_1_in, p_2_p, peaks_1, peaks_2_n, minimum_1, zeros_1
602427,602426,604225,608174,613032,613032,613032,613032,613032,613032,613032,617749,621519,624335,624334
729310,729310,730084,733774,737896,737896,737896,737896,737896,737896,737896,742325,745956,747928,747928
