# TIC 0260269456_morp_ 0.169_T0_ 1328.317198_P_ 10.7963546_analysis_6, none, Eclipse indices (see function measure_eclipses_dt).
# zeros_1, minimum_1, peaks_2_n, peaks_1, p_2_p, minimum_1_in, zeros_1_in, minimum_1_in_mid, zeros_1_in, minimum_1_in, p_2_p, peaks_1, peaks_2_n, minimum_1, zeros_1
69061,79819,81561,83251,87159,87159,87159,87159,87159,87159,87159,90762,92445,94266,106262
818493,826310,826771,829642,837138,837138,837138,837138,837138,837138,837138,841417,843117,844717,855607
