# TIC 0159636127_morp_ 0.631_T0_ 1712.136219_P_ 0.8146941_analysis_6, none, Eclipse indices (see function measure_eclipses_dt).
# zeros_1, minimum_1, peaks_2_n, peaks_1, p_2_p, minimum_1_in, zeros_1_in, minimum_1_in_mid, zeros_1_in, minimum_1_in, p_2_p, peaks_1, peaks_2_n, minimum_1, zeros_1
130564,130564,130825,143660,155710,155710,155710,155710,155710,155710,155710,175512,190140,203044,203043
203044,203044,222959,237249,256839,256839,256839,256839,256839,256839,256839,276030,290303,308644,308643
