# TIC 0273583841_morp_ 0.824_T0_ 1683.787430_P_ 1.1695390_analysis_6, none, Eclipse indices (see function measure_eclipses_dt).
# zeros_1, minimum_1, peaks_2_n, peaks_1, p_2_p, minimum_1_in, zeros_1_in, minimum_1_in_mid, zeros_1_in, minimum_1_in, p_2_p, peaks_1, peaks_2_n, minimum_1, zeros_1
357131,357130,376469,432156,502379,502379,502379,502379,502379,502379,502379,572410,628046,650881,650881
650882,650881,650882,697870,757290,757290,757290,757290,757290,757290,757290,813704,857128,857130,857129
