# TIC 0146557531_morp_ 0.771_T0_ 1438.200118_P_ 0.2708487_analysis_6, none, Eclipse indices (see function measure_eclipses_dt).
# zeros_1, minimum_1, peaks_2_n, peaks_1, p_2_p, minimum_1_in, zeros_1_in, minimum_1_in_mid, zeros_1_in, minimum_1_in, p_2_p, peaks_1, peaks_2_n, minimum_1, zeros_1
189573,189573,249206,277812,311875,311875,311875,311875,311875,311875,311875,345965,374747,437289,437288
437289,437289,503216,526136,562746,562746,562746,562746,562746,562746,562746,596955,619932,689572,689572
