# TIC 0121048789_morp_ 0.393_T0_ 1412.203023_P_ 1.2882460_analysis_6, none, Eclipse indices (see function measure_eclipses_dt).
# zeros_1, minimum_1, peaks_2_n, peaks_1, p_2_p, minimum_1_in, zeros_1_in, minimum_1_in_mid, zeros_1_in, minimum_1_in, p_2_p, peaks_1, peaks_2_n, minimum_1, zeros_1
54908,54908,58799,63911,70417,70417,70417,70417,70417,70417,70417,77005,82132,86214,86213
304508,304507,308216,313507,320105,320105,320105,320105,320105,320105,320105,326944,332282,336194,336193
