# TIC 0139349813_morp_ 0.220_T0_ 2064.583909_P_ 8.9996607_analysis_6, none, Eclipse indices (see function measure_eclipses_dt).
# zeros_1, minimum_1, peaks_2_n, peaks_1, p_2_p, minimum_1_in, zeros_1_in, minimum_1_in_mid, zeros_1_in, minimum_1_in, p_2_p, peaks_1, peaks_2_n, minimum_1, zeros_1
1298,1298,4075,8428,13834,13834,13834,13834,13834,13834,13834,19350,23830,26189,26188
455435,455435,456043,460255,464734,464734,464734,464734,464734,464734,464734,469239,473244,474128,474127
