# TIC 0259126645_morp_ 0.361_T0_ 1685.602305_P_ 3.2613020_analysis_6, none, Eclipse indices (see function measure_eclipses_dt).
# zeros_1, minimum_1, peaks_2_n, peaks_1, p_2_p, minimum_1_in, zeros_1_in, minimum_1_in_mid, zeros_1_in, minimum_1_in, p_2_p, peaks_1, peaks_2_n, minimum_1, zeros_1
231680,231679,248484,257915,294015,294015,294015,294015,294015,294015,294015,330530,339939,356622,356622
356623,356622,367345,382844,421414,421414,421414,421414,421414,421414,421414,444636,471519,477373,477373
