# TIC 0198109209_morp_ 0.917_T0_ 1931.460443_P_ 0.9582095_analysis_6, none, Eclipse indices (see function measure_eclipses_dt).
# zeros_1, minimum_1, peaks_2_n, peaks_1, p_2_p, minimum_1_in, zeros_1_in, minimum_1_in_mid, zeros_1_in, minimum_1_in, p_2_p, peaks_1, peaks_2_n, minimum_1, zeros_1
398844,398843,404798,459632,523285,523285,523285,523285,523285,523285,523285,588165,644513,647478,647477
647478,647478,647478,701356,772262,772262,772262,772262,772262,772262,772262,844359,898841,898843,898842
