# TIC 0311128363_morp_ 0.539_T0_ 1439.287099_P_ 3.3874100_analysis_6, none, Eclipse indices (see function measure_eclipses_dt).
# zeros_1, minimum_1, peaks_2_n, peaks_1, p_2_p, minimum_1_in, zeros_1_in, minimum_1_in_mid, zeros_1_in, minimum_1_in, p_2_p, peaks_1, peaks_2_n, minimum_1, zeros_1
493262,493261,496428,505811,519414,519414,519414,519414,519414,519414,519414,532872,542381,545515,545515
743144,743143,746435,755865,769394,769394,769394,769394,769394,769394,769394,782789,792369,795698,795697
