# TIC 0147950620_morp_ 0.221_T0_ 1684.924518_P_ 2.3106307_analysis_6, none, Eclipse indices (see function measure_eclipses_dt).
# zeros_1, minimum_1, peaks_2_n, peaks_1, p_2_p, minimum_1_in, zeros_1_in, minimum_1_in_mid, zeros_1_in, minimum_1_in, p_2_p, peaks_1, peaks_2_n, minimum_1, zeros_1
1727,1726,3978,7392,12395,12395,12395,12395,12395,12395,12395,17585,21134,23023,23023
696217,696217,696217,704693,714700,714700,714700,714700,714700,714700,714700,724690,727247,727697,727696
