# TIC 0202601061_morp_ 0.534_T0_ 1765.005227_P_ 0.6609503_analysis_6, none, Eclipse indices (see function measure_eclipses_dt).
# zeros_1, minimum_1, peaks_2_n, peaks_1, p_2_p, minimum_1_in, zeros_1_in, minimum_1_in_mid, zeros_1_in, minimum_1_in, p_2_p, peaks_1, peaks_2_n, minimum_1, zeros_1
440806,440806,446792,452738,475344,475344,475344,475344,475344,475344,475344,492945,498915,504502,504502
693007,693006,697130,702321,711149,711149,711149,711149,711149,711149,711149,730486,748558,765598,765597
