# TIC 0179244391_morp_ 0.733_T0_ 1411.032592_P_ 0.2854639_analysis_6, none, Eclipse indices (see function measure_eclipses_dt).
# zeros_1, minimum_1, peaks_2_n, peaks_1, p_2_p, minimum_1_in, zeros_1_in, minimum_1_in_mid, zeros_1_in, minimum_1_in, p_2_p, peaks_1, peaks_2_n, minimum_1, zeros_1
5465,5465,71939,97156,125677,125677,125677,125677,125677,125677,125677,153834,178005,251393,251393
251394,251393,321258,347437,375467,375467,375467,375467,375467,375467,375467,402747,427977,505464,505464
