# TIC 0158726046_morp_ 0.913_T0_ 1684.232273_P_ 0.8269418_analysis_6, none, Eclipse indices (see function measure_eclipses_dt).
# zeros_1, minimum_1, peaks_2_n, peaks_1, p_2_p, minimum_1_in, zeros_1_in, minimum_1_in_mid, zeros_1_in, minimum_1_in, p_2_p, peaks_1, peaks_2_n, minimum_1, zeros_1
97732,97732,97732,184484,228424,228424,228424,228424,228424,228424,228424,271353,343961,355583,355583
355584,355583,370001,433113,475830,475830,475830,475830,475830,475830,475830,521025,585469,597731,597731
