# TIC 0426803687_morp_ 0.659_T0_ 1712.470730_P_ 1.4749376_analysis_6, none, Eclipse indices (see function measure_eclipses_dt).
# zeros_1, minimum_1, peaks_2_n, peaks_1, p_2_p, minimum_1_in, zeros_1_in, minimum_1_in_mid, zeros_1_in, minimum_1_in, p_2_p, peaks_1, peaks_2_n, minimum_1, zeros_1
338892,396499,403894,445669,462998,462998,462998,462998,462998,462998,462998,479331,521885,529303,587726
587727,646736,654015,693925,713015,713015,713015,713015,713015,713015,713015,731619,771834,779264,838891
