# TIC 0024935204_morp_ 0.081_T0_ 1765.566709_P_ 13.4431850_analysis_6, none, Eclipse indices (see function measure_eclipses_dt).
# zeros_1, minimum_1, peaks_2_n, peaks_1, p_2_p, minimum_1_in, zeros_1_in, minimum_1_in_mid, zeros_1_in, minimum_1_in, p_2_p, peaks_1, peaks_2_n, minimum_1, zeros_1
586339,586971,587005,589608,592091,592091,592091,592091,592091,592091,592091,594942,596003,598719,598719
892927,894071,894104,895293,897700,897700,897700,897700,897700,897700,897700,900112,902200,902226,902226
