# TIC 0294396726_morp_ 0.657_T0_ 1492.362834_P_ 0.8995044_analysis_6, none, Eclipse indices (see function measure_eclipses_dt).
# zeros_1, minimum_1, peaks_2_n, peaks_1, p_2_p, minimum_1_in, zeros_1_in, minimum_1_in_mid, zeros_1_in, minimum_1_in, p_2_p, peaks_1, peaks_2_n, minimum_1, zeros_1
356386,385214,421602,443495,474143,474143,474143,474143,474143,474143,474143,504612,526517,588752,588752
588753,637154,671305,692589,724129,724129,724129,724129,724129,724129,724129,755923,777016,856385,856384
