# TIC 0242799145_morp_ 0.254_T0_ 1766.671643_P_ 5.0017653_analysis_6, none, Eclipse indices (see function measure_eclipses_dt).
# zeros_1, minimum_1, peaks_2_n, peaks_1, p_2_p, minimum_1_in, zeros_1_in, minimum_1_in_mid, zeros_1_in, minimum_1_in, p_2_p, peaks_1, peaks_2_n, minimum_1, zeros_1
728965,728964,730129,732474,737199,737199,737199,737199,737199,737199,737199,741925,744230,745402,745401
978669,978669,980119,982557,987190,987190,987190,987190,987190,987190,987190,991838,994240,995720,995719
