# TIC 0394699148_morp_ 0.934_T0_ 1325.323306_P_ 0.4124419_analysis_6, none, Eclipse indices (see function measure_eclipses_dt).
# zeros_1, minimum_1, peaks_2_n, peaks_1, p_2_p, minimum_1_in, zeros_1_in, minimum_1_in_mid, zeros_1_in, minimum_1_in, p_2_p, peaks_1, peaks_2_n, minimum_1, zeros_1
470078,470077,473317,535487,593382,593382,593382,593382,593382,593382,593382,651179,712821,716650,716649
716650,716650,716650,782888,843579,843579,843579,843579,843579,843579,843579,904235,970075,970077,970076
