# TIC 0241532550_morp_ 0.284_T0_ 1598.364622_P_ 2.0572216_analysis_6, none, Eclipse indices (see function measure_eclipses_dt).
# zeros_1, minimum_1, peaks_2_n, peaks_1, p_2_p, minimum_1_in, zeros_1_in, minimum_1_in_mid, zeros_1_in, minimum_1_in, p_2_p, peaks_1, peaks_2_n, minimum_1, zeros_1
137399,137398,137809,158016,163284,163284,163284,163284,163284,163284,163284,168536,172845,174637,174637
391725,391724,395070,400189,406610,406610,406610,406610,406610,406610,406610,413000,418084,421537,421536
