# TIC 0072534221_morp_ 0.197_T0_ 1930.718804_P_ 7.2291095_analysis_6, none, Eclipse indices (see function measure_eclipses_dt).
# zeros_1, minimum_1, peaks_2_n, peaks_1, p_2_p, minimum_1_in, zeros_1_in, minimum_1_in_mid, zeros_1_in, minimum_1_in, p_2_p, peaks_1, peaks_2_n, minimum_1, zeros_1
192349,193143,193217,194360,195708,195781,199008,199397,199576,203013,203081,204219,205361,205429,206247
441427,441427,441895,442604,443965,444022,444212,447450,450678,450879,450937,452297,453006,453064,453686
