# TIC 0389667572_morp_ 0.291_T0_ 1600.077661_P_ 6.3711019_analysis_6, none, Eclipse indices (see function measure_eclipses_dt).
# zeros_1, minimum_1, peaks_2_n, peaks_1, p_2_p, minimum_1_in, zeros_1_in, minimum_1_in_mid, zeros_1_in, minimum_1_in, p_2_p, peaks_1, peaks_2_n, minimum_1, zeros_1
65682,65681,66642,73082,80274,80274,80274,80274,80274,80274,80274,86900,93303,94156,94155
461416,461415,465821,472498,480946,480946,480946,480946,480946,480946,480946,489117,495564,500411,500411
