# TIC 0214716930_morp_ 0.261_T0_ 1625.604357_P_ 8.5251621_analysis_6, none, Eclipse indices (see function measure_eclipses_dt).
# zeros_1, minimum_1, peaks_2_n, peaks_1, p_2_p, minimum_1_in, zeros_1_in, minimum_1_in_mid, zeros_1_in, minimum_1_in, p_2_p, peaks_1, peaks_2_n, minimum_1, zeros_1
810375,810375,810375,810416,810456,810457,810457,812507,814559,814558,814559,814600,814640,814641,814641
965554,965553,965564,965605,965810,965820,965820,971621,977423,977423,977427,977632,977673,977677,977676
