# TIC 0134283998_morp_ 0.619_T0_ 1468.468982_P_ 0.6188381_analysis_6, none, Eclipse indices (see function measure_eclipses_dt).
# zeros_1, minimum_1, peaks_2_n, peaks_1, p_2_p, minimum_1_in, zeros_1_in, minimum_1_in_mid, zeros_1_in, minimum_1_in, p_2_p, peaks_1, peaks_2_n, minimum_1, zeros_1
234139,308211,315655,340766,365893,365893,365893,365893,365893,365893,365893,390553,415951,423679,498263
498264,559517,564928,581526,616214,616214,616214,616214,616214,616214,616214,650096,666733,672428,734137
