# TIC 0193948188_morp_ 0.272_T0_ 1742.606138_P_ 5.6181129_analysis_6, none, Eclipse indices (see function measure_eclipses_dt).
# zeros_1, minimum_1, peaks_2_n, peaks_1, p_2_p, minimum_1_in, zeros_1_in, minimum_1_in_mid, zeros_1_in, minimum_1_in, p_2_p, peaks_1, peaks_2_n, minimum_1, zeros_1
441798,441798,442326,445669,450793,450793,450793,450793,450793,450793,450793,458604,462286,463130,463130
463131,463130,463131,481860,486325,486325,486325,486325,486325,486325,486325,490843,509493,509495,509494
