# TIC 0142742998_morp_ 0.332_T0_ 1520.001751_P_ 3.0962043_analysis_6, none, Eclipse indices (see function measure_eclipses_dt).
# zeros_1, minimum_1, peaks_2_n, peaks_1, p_2_p, minimum_1_in, zeros_1_in, minimum_1_in_mid, zeros_1_in, minimum_1_in, p_2_p, peaks_1, peaks_2_n, minimum_1, zeros_1
323054,323054,328813,337852,348838,348838,348838,348838,348838,348838,348838,360360,371433,371446,371446
371447,371446,371447,382530,394094,394094,394094,394094,394094,394094,394094,405081,414110,420052,420051
