# TIC 0338465029_morp_ 0.531_T0_ 1598.614362_P_ 1.1981517_analysis_6, none, Eclipse indices (see function measure_eclipses_dt).
# zeros_1, minimum_1, peaks_2_n, peaks_1, p_2_p, minimum_1_in, zeros_1_in, minimum_1_in_mid, zeros_1_in, minimum_1_in, p_2_p, peaks_1, peaks_2_n, minimum_1, zeros_1
277757,277756,280665,295011,311218,311218,311218,311218,311218,311218,311218,326282,339539,343807,343807
887073,887072,891502,904553,919376,919376,919376,919376,919376,919376,919376,935749,950262,952900,952899
