# TIC 0396134795_morp_ 0.510_T0_ 1766.493328_P_ 2.5885417_analysis_6, none, Eclipse indices (see function measure_eclipses_dt).
# zeros_1, minimum_1, peaks_2_n, peaks_1, p_2_p, minimum_1_in, zeros_1_in, minimum_1_in_mid, zeros_1_in, minimum_1_in, p_2_p, peaks_1, peaks_2_n, minimum_1, zeros_1
464959,464959,464999,467023,475467,475733,475732,482767,489803,489802,490201,492184,494370,494383,494383
526595,526594,529637,541154,551141,551141,551141,551141,551141,551141,551141,561016,572552,575761,579950
