# TIC 0298700310_morp_ 0.735_T0_ 1543.951596_P_ 0.7130761_analysis_6, none, Eclipse indices (see function measure_eclipses_dt).
# zeros_1, minimum_1, peaks_2_n, peaks_1, p_2_p, minimum_1_in, zeros_1_in, minimum_1_in_mid, zeros_1_in, minimum_1_in, p_2_p, peaks_1, peaks_2_n, minimum_1, zeros_1
0,19132,29377,38589,90172,90172,90172,90172,90172,90172,90172,169283,196880,208102,220621
720621,768541,779950,791884,833502,833502,833502,833502,833502,833502,833502,865166,897330,911798,969766
