# TIC 0180770456_morp_ 0.672_T0_ 2012.708488_P_ 2.8813735_analysis_6, none, Eclipse indices (see function measure_eclipses_dt).
# zeros_1, minimum_1, peaks_2_n, peaks_1, p_2_p, minimum_1_in, zeros_1_in, minimum_1_in_mid, zeros_1_in, minimum_1_in, p_2_p, peaks_1, peaks_2_n, minimum_1, zeros_1
480251,482837,483015,486428,501261,501429,503483,517055,516975,532682,532851,540611,550008,550180,558289
704655,730587,732470,741324,749082,751486,752411,766516,770237,781547,783941,792243,800553,802947,864886
