# TIC 0229585356_morp_ 0.557_T0_ 1684.638950_P_ 1.4195973_analysis_6, none, Eclipse indices (see function measure_eclipses_dt).
# zeros_1, minimum_1, peaks_2_n, peaks_1, p_2_p, minimum_1_in, zeros_1_in, minimum_1_in_mid, zeros_1_in, minimum_1_in, p_2_p, peaks_1, peaks_2_n, minimum_1, zeros_1
205009,205009,213974,223954,236889,236889,236889,236889,236889,236889,236889,249981,259939,269249,269249
453464,453463,463970,473937,487155,487155,487155,487155,487155,487155,487155,500008,509936,518560,518560
