# TIC 0138333980_morp_ 0.081_T0_ 1850.778358_P_ 17.8883306_analysis_6, none, Eclipse indices (see function measure_eclipses_dt).
# zeros_1, minimum_1, peaks_2_n, peaks_1, p_2_p, minimum_1_in, zeros_1_in, minimum_1_in_mid, zeros_1_in, minimum_1_in, p_2_p, peaks_1, peaks_2_n, minimum_1, zeros_1
287902,287901,287902,287921,287938,287940,287939,325691,363443,363442,363443,363462,363481,363483,363482
428083,428082,428083,428103,428122,428124,428123,432921,437718,437718,437718,437738,437757,437758,437758
