# TIC 0327850372_morp_ 0.419_T0_ 1655.619873_P_ 3.2769861_analysis_6, none, Eclipse indices (see function measure_eclipses_dt).
# zeros_1, minimum_1, peaks_2_n, peaks_1, p_2_p, minimum_1_in, zeros_1_in, minimum_1_in_mid, zeros_1_in, minimum_1_in, p_2_p, peaks_1, peaks_2_n, minimum_1, zeros_1
443237,443236,444604,446663,449728,449728,449728,449728,449728,449728,449728,457044,464465,464467,464466
464467,464467,465440,467495,470279,470279,470279,470279,470279,470279,470279,477835,485440,485442,485441
