# TIC 0306651396_morp_ 0.440_T0_ 1493.534591_P_ 2.7149973_analysis_6, none, Eclipse indices (see function measure_eclipses_dt).
# zeros_1, minimum_1, peaks_2_n, peaks_1, p_2_p, minimum_1_in, zeros_1_in, minimum_1_in_mid, zeros_1_in, minimum_1_in, p_2_p, peaks_1, peaks_2_n, minimum_1, zeros_1
574440,574439,581344,588933,598555,598555,598555,598555,598555,598555,598555,608090,615384,621391,621391
869083,869083,873122,879744,888129,888129,888129,888129,888129,888129,888129,896381,902638,911522,922431
