# TIC 0601366244_morp_ 0.343_T0_ 1768.685823_P_ 4.7185238_analysis_6, none, Eclipse indices (see function measure_eclipses_dt).
# zeros_1, minimum_1, peaks_2_n, peaks_1, p_2_p, minimum_1_in, zeros_1_in, minimum_1_in_mid, zeros_1_in, minimum_1_in, p_2_p, peaks_1, peaks_2_n, minimum_1, zeros_1
661678,661952,664707,670727,677188,677188,677188,677188,677188,677188,677188,683116,689877,691518,692406
911802,912333,915077,922207,927541,927541,927541,927541,927541,927541,927541,933861,940247,940797,943202
