# TIC 0042705187_morp_ 0.620_T0_ 1684.249031_P_ 2.1303275_analysis_6, none, Eclipse indices (see function measure_eclipses_dt).
# zeros_1, minimum_1, peaks_2_n, peaks_1, p_2_p, minimum_1_in, zeros_1_in, minimum_1_in_mid, zeros_1_in, minimum_1_in, p_2_p, peaks_1, peaks_2_n, minimum_1, zeros_1
157836,157835,157968,160168,164396,164537,164536,166778,169020,169020,169132,173359,176912,177007,177006
726288,726287,726303,726472,727318,727336,727335,729353,731371,731370,731377,731547,731716,731724,731724
