# TIC 0160195393_morp_ 0.672_T0_ 1683.685850_P_ 0.5728941_analysis_6, none, Eclipse indices (see function measure_eclipses_dt).
# zeros_1, minimum_1, peaks_2_n, peaks_1, p_2_p, minimum_1_in, zeros_1_in, minimum_1_in_mid, zeros_1_in, minimum_1_in, p_2_p, peaks_1, peaks_2_n, minimum_1, zeros_1
408567,408566,410189,440455,533765,533765,533765,533765,533765,533765,533765,628522,658564,658566,658565
658566,658566,660189,690454,783764,783764,783764,783764,783764,783764,783764,878521,908564,908566,908565
