# TIC 0318573150_morp_ 0.386_T0_ 1492.277868_P_ 5.7404517_analysis_6, none, Eclipse indices (see function measure_eclipses_dt).
# zeros_1, minimum_1, peaks_2_n, peaks_1, p_2_p, minimum_1_in, zeros_1_in, minimum_1_in_mid, zeros_1_in, minimum_1_in, p_2_p, peaks_1, peaks_2_n, minimum_1, zeros_1
477442,478767,478868,483709,491066,491066,491066,491066,491066,491066,491066,498146,503265,503366,504429
727578,728633,728728,733566,736159,736266,737295,741066,744797,745867,745974,748567,753125,753221,754309
