# TIC 0452172479_morp_ 0.685_T0_ 1571.102134_P_ 0.7385220_analysis_6, none, Eclipse indices (see function measure_eclipses_dt).
# zeros_1, minimum_1, peaks_2_n, peaks_1, p_2_p, minimum_1_in, zeros_1_in, minimum_1_in_mid, zeros_1_in, minimum_1_in, p_2_p, peaks_1, peaks_2_n, minimum_1, zeros_1
241457,241457,310671,333264,364608,364608,364608,364608,364608,364608,364608,396489,419998,447942,447941
502209,502208,503538,591199,618319,618319,618319,618319,618319,618319,618319,647636,666639,741456,741456
