# TIC 0084342725_morp_ 0.634_T0_ 1816.705469_P_ 2.6986983_analysis_6, none, Eclipse indices (see function measure_eclipses_dt).
# zeros_1, minimum_1, peaks_2_n, peaks_1, p_2_p, minimum_1_in, zeros_1_in, minimum_1_in_mid, zeros_1_in, minimum_1_in, p_2_p, peaks_1, peaks_2_n, minimum_1, zeros_1
158746,229484,236467,258351,280485,280485,280485,280485,280485,280485,280485,304212,327463,334141,403516
403517,479410,486283,508265,530607,530607,530607,530607,530607,530607,530607,554958,577738,584436,658745
