# TIC 0405526704_morp_ 0.673_T0_ 1714.128641_P_ 4.9948694_analysis_6, none, Eclipse indices (see function measure_eclipses_dt).
# zeros_1, minimum_1, peaks_2_n, peaks_1, p_2_p, minimum_1_in, zeros_1_in, minimum_1_in_mid, zeros_1_in, minimum_1_in, p_2_p, peaks_1, peaks_2_n, minimum_1, zeros_1
414560,491704,496117,507818,535394,535394,535394,535394,535394,535394,535394,561669,567376,641118,641118
741743,741742,746053,756031,780623,780623,780623,780623,780623,780623,780623,807729,817367,823472,914559
