# TIC 0453095485_morp_ 0.792_T0_ 1598.298206_P_ 0.3082996_analysis_6, none, Eclipse indices (see function measure_eclipses_dt).
# zeros_1, minimum_1, peaks_2_n, peaks_1, p_2_p, minimum_1_in, zeros_1_in, minimum_1_in_mid, zeros_1_in, minimum_1_in, p_2_p, peaks_1, peaks_2_n, minimum_1, zeros_1
184900,184900,248840,271213,309397,309397,309397,309397,309397,309397,309397,347982,370274,435184,435183
435184,435184,498801,521365,560175,560175,560175,560175,560175,560175,560175,598068,620223,684899,684899
