# TIC 0382323697_morp_ 0.273_T0_ 1387.419543_P_ 7.7742733_analysis_6, none, Eclipse indices (see function measure_eclipses_dt).
# zeros_1, minimum_1, peaks_2_n, peaks_1, p_2_p, minimum_1_in, zeros_1_in, minimum_1_in_mid, zeros_1_in, minimum_1_in, p_2_p, peaks_1, peaks_2_n, minimum_1, zeros_1
465870,465869,465870,467106,468337,468339,468338,470835,473332,473331,473348,474594,475844,475855,475854
485817,485817,485824,487075,488320,488337,488336,490833,493331,493330,493331,494560,495795,495796,495796
