# TIC 0239262664_morp_ 0.368_T0_ 1683.606962_P_ 2.0214744_analysis_6, none, Eclipse indices (see function measure_eclipses_dt).
# zeros_1, minimum_1, peaks_2_n, peaks_1, p_2_p, minimum_1_in, zeros_1_in, minimum_1_in_mid, zeros_1_in, minimum_1_in, p_2_p, peaks_1, peaks_2_n, minimum_1, zeros_1
583066,583066,585702,588720,592599,592599,592599,592599,592599,592599,592599,596478,599494,601917,601916
832955,832954,835702,838717,842620,842620,842620,842620,842620,842620,842620,846480,849494,851872,851871
