# TIC 0332488398_morp_ 0.338_T0_ 1357.114327_P_ 2.0835732_analysis_6, none, Eclipse indices (see function measure_eclipses_dt).
# zeros_1, minimum_1, peaks_2_n, peaks_1, p_2_p, minimum_1_in, zeros_1_in, minimum_1_in_mid, zeros_1_in, minimum_1_in, p_2_p, peaks_1, peaks_2_n, minimum_1, zeros_1
353703,353703,353776,367391,380926,380926,380926,380926,380926,380926,380926,395806,409180,411831,411830
795542,795541,798394,811724,826646,826646,826646,826646,826646,826646,826646,840130,853701,853702,853702
