# TIC 0240154683_morp_ 0.495_T0_ 1843.894105_P_ 4.0379616_analysis_6, none, Eclipse indices (see function measure_eclipses_dt).
# zeros_1, minimum_1, peaks_2_n, peaks_1, p_2_p, minimum_1_in, zeros_1_in, minimum_1_in_mid, zeros_1_in, minimum_1_in, p_2_p, peaks_1, peaks_2_n, minimum_1, zeros_1
28733,28732,32326,43206,53402,53402,53402,53402,53402,53402,53402,63455,74386,78152,78151
278864,278863,282328,293236,303401,303401,303401,303401,303401,303401,303401,313424,324383,327987,327987
