# TIC 0089761288_morp_ 0.714_T0_ 1687.116905_P_ 6.5232288_analysis_6, none, Eclipse indices (see function measure_eclipses_dt).
# zeros_1, minimum_1, peaks_2_n, peaks_1, p_2_p, minimum_1_in, zeros_1_in, minimum_1_in_mid, zeros_1_in, minimum_1_in, p_2_p, peaks_1, peaks_2_n, minimum_1, zeros_1
195615,252196,258209,278522,288268,295641,295640,301120,306601,306600,312453,327790,336722,344934,403646
436278,506331,512490,533650,565944,565944,565944,565944,565944,565944,565944,590213,595440,600611,659148
