# TIC 0147611197_morp_ 0.979_T0_ 1683.699036_P_ 0.3795969_analysis_6, none, Eclipse indices (see function measure_eclipses_dt).
# zeros_1, minimum_1, peaks_2_n, peaks_1, p_2_p, minimum_1_in, zeros_1_in, minimum_1_in_mid, zeros_1_in, minimum_1_in, p_2_p, peaks_1, peaks_2_n, minimum_1, zeros_1
127178,127178,128303,190540,253365,253365,253365,253365,253365,253365,253365,316589,379049,380164,380163
380164,380164,380164,441820,504000,504000,504000,504000,504000,504000,504000,565758,627176,627177,627177
