# TIC 0081390067_morp_ 0.246_T0_ 1794.936875_P_ 7.7029007_analysis_6, none, Eclipse indices (see function measure_eclipses_dt).
# zeros_1, minimum_1, peaks_2_n, peaks_1, p_2_p, minimum_1_in, zeros_1_in, minimum_1_in_mid, zeros_1_in, minimum_1_in, p_2_p, peaks_1, peaks_2_n, minimum_1, zeros_1
413566,413566,413570,413652,413734,413739,413738,425037,436336,436335,436341,436749,436831,436837,436836
601240,601239,601274,601356,601764,601797,601797,605517,609238,609238,609271,609679,609760,609793,609792
