# TIC 0100100829_morp_ 0.404_T0_ 1354.797740_P_ 0.9419795_analysis_6, none, Eclipse indices (see function measure_eclipses_dt).
# zeros_1, minimum_1, peaks_2_n, peaks_1, p_2_p, minimum_1_in, zeros_1_in, minimum_1_in_mid, zeros_1_in, minimum_1_in, p_2_p, peaks_1, peaks_2_n, minimum_1, zeros_1
468681,468681,471440,491700,533570,533570,533570,533570,533570,533570,533570,577835,597553,598241,598241
709234,709233,716986,737030,764161,764161,764161,764161,764161,764161,764161,782505,844910,846463,846463
