# TIC 0137136194_morp_ 0.405_T0_ 1571.562533_P_ 3.1306539_analysis_6, none, Eclipse indices (see function measure_eclipses_dt).
# zeros_1, minimum_1, peaks_2_n, peaks_1, p_2_p, minimum_1_in, zeros_1_in, minimum_1_in_mid, zeros_1_in, minimum_1_in, p_2_p, peaks_1, peaks_2_n, minimum_1, zeros_1
243768,243768,244780,258521,271090,271090,271090,271090,271090,271090,271090,294045,311124,316790,316789
499972,499972,499972,518375,590163,590163,590163,590163,590163,590163,590163,604043,616939,616941,616940
