# TIC 0037601240_morp_ 0.623_T0_ 1468.824829_P_ 0.7313791_analysis_6, none, Eclipse indices (see function measure_eclipses_dt).
# zeros_1, minimum_1, peaks_2_n, peaks_1, p_2_p, minimum_1_in, zeros_1_in, minimum_1_in_mid, zeros_1_in, minimum_1_in, p_2_p, peaks_1, peaks_2_n, minimum_1, zeros_1
401001,401000,401013,432094,468610,468610,468610,468610,468610,468610,468610,558186,583373,583375,583374
583375,583375,593180,619920,651000,651000,651000,651000,651000,651000,651000,682094,708853,718609,718609
