# TIC 0357345626_morp_ 0.601_T0_ 1933.317338_P_ 3.6436594_analysis_6, none, Eclipse indices (see function measure_eclipses_dt).
# zeros_1, minimum_1, peaks_2_n, peaks_1, p_2_p, minimum_1_in, zeros_1_in, minimum_1_in_mid, zeros_1_in, minimum_1_in, p_2_p, peaks_1, peaks_2_n, minimum_1, zeros_1
701173,704907,705107,714836,729147,729147,729147,729147,729147,729147,729147,745638,750998,752511,754449
951524,954978,955106,963521,977395,977395,977395,977395,977395,977395,977395,991270,999687,999812,999999
