# TIC 0117175528_morp_ 0.562_T0_ 1790.988101_P_ 2.2541549_analysis_6, none, Eclipse indices (see function measure_eclipses_dt).
# zeros_1, minimum_1, peaks_2_n, peaks_1, p_2_p, minimum_1_in, zeros_1_in, minimum_1_in_mid, zeros_1_in, minimum_1_in, p_2_p, peaks_1, peaks_2_n, minimum_1, zeros_1
396174,402704,403001,417500,432685,432685,432685,432685,432685,432685,432685,444972,463995,464270,468544
639371,642909,643212,662229,675853,675853,675853,675853,675853,675853,675853,690460,707217,707503,711920
