# TIC 0323301918_morp_ 0.158_T0_ 1739.847974_P_ 10.6909404_analysis_6, none, Eclipse indices (see function measure_eclipses_dt).
# zeros_1, minimum_1, peaks_2_n, peaks_1, p_2_p, minimum_1_in, zeros_1_in, minimum_1_in_mid, zeros_1_in, minimum_1_in, p_2_p, peaks_1, peaks_2_n, minimum_1, zeros_1
335511,335511,335519,335833,336149,336153,336153,338037,339921,339921,339927,340243,340557,340567,340566
630885,630884,630958,631277,632865,632952,632952,643179,653406,653406,653495,655087,655410,655470,655470
