# TIC 0060735803_morp_ 0.052_T0_ 1607.633470_P_ 21.1444727_analysis_6, none, Eclipse indices (see function measure_eclipses_dt).
# zeros_1, minimum_1, peaks_2_n, peaks_1, p_2_p, minimum_1_in, zeros_1_in, minimum_1_in_mid, zeros_1_in, minimum_1_in, p_2_p, peaks_1, peaks_2_n, minimum_1, zeros_1
395351,395678,395823,396336,397968,397968,397968,397968,397968,397968,397968,399470,399968,400118,400740
763566,764201,764323,764816,766541,766541,766541,766541,766541,766541,766541,767983,768468,768590,769285
