# TIC 0119159743_morp_ 0.849_T0_ 1654.253587_P_ 0.4119512_analysis_6, none, Eclipse indices (see function measure_eclipses_dt).
# zeros_1, minimum_1, peaks_2_n, peaks_1, p_2_p, minimum_1_in, zeros_1_in, minimum_1_in_mid, zeros_1_in, minimum_1_in, p_2_p, peaks_1, peaks_2_n, minimum_1, zeros_1
278416,300174,301097,312961,370894,370894,370894,370894,370894,370894,370894,436132,437044,504206,504206
524904,550169,551097,570265,624543,624543,624543,624543,624543,624543,624543,693434,694345,695261,757681
