# TIC 0346541355_morp_ 0.256_T0_ 1793.663305_P_ 8.1611554_analysis_6, none, Eclipse indices (see function measure_eclipses_dt).
# zeros_1, minimum_1, peaks_2_n, peaks_1, p_2_p, minimum_1_in, zeros_1_in, minimum_1_in_mid, zeros_1_in, minimum_1_in, p_2_p, peaks_1, peaks_2_n, minimum_1, zeros_1
442116,444122,444203,451149,455221,455221,455221,455221,455221,455221,455221,459395,466333,466407,468222
624229,625391,626326,629306,632749,632749,632749,632749,632749,632749,632749,636032,639170,641129,641507
