# TIC 0244252435_morp_ 0.409_T0_ 1439.571250_P_ 1.8871288_analysis_6, none, Eclipse indices (see function measure_eclipses_dt).
# zeros_1, minimum_1, peaks_2_n, peaks_1, p_2_p, minimum_1_in, zeros_1_in, minimum_1_in_mid, zeros_1_in, minimum_1_in, p_2_p, peaks_1, peaks_2_n, minimum_1, zeros_1
272906,272906,274744,279843,284796,287036,287035,345143,403252,403251,404762,429693,434788,436025,436024
473787,473787,474747,479896,504784,506296,506296,574834,643374,643373,644748,669687,674762,675580,675579
