# TIC 0095867802_morp_ 0.536_T0_ 1518.104735_P_ 2.2816984_analysis_6, none, Eclipse indices (see function measure_eclipses_dt).
# zeros_1, minimum_1, peaks_2_n, peaks_1, p_2_p, minimum_1_in, zeros_1_in, minimum_1_in_mid, zeros_1_in, minimum_1_in, p_2_p, peaks_1, peaks_2_n, minimum_1, zeros_1
288467,342887,343081,357922,375902,375902,375902,375902,375902,375902,375902,393883,409422,409619,461932
588756,590698,593779,608624,626207,626207,626207,626207,626207,626207,626207,643878,658723,661145,663579
