# TIC 0169573910_morp_ 0.603_T0_ 1657.260811_P_ 1.4398097_analysis_6, none, Eclipse indices (see function measure_eclipses_dt).
# zeros_1, minimum_1, peaks_2_n, peaks_1, p_2_p, minimum_1_in, zeros_1_in, minimum_1_in_mid, zeros_1_in, minimum_1_in, p_2_p, peaks_1, peaks_2_n, minimum_1, zeros_1
144980,213044,218365,237385,254406,254406,254406,254406,254406,254406,254406,275185,292757,298633,361794
454497,463136,467937,478558,496805,499522,499522,505129,510738,510737,514762,532494,544075,548346,556096
