# TIC 0427767269_morp_ 0.486_T0_ 1766.804586_P_ 6.5600242_analysis_6, none, Eclipse indices (see function measure_eclipses_dt).
# zeros_1, minimum_1, peaks_2_n, peaks_1, p_2_p, minimum_1_in, zeros_1_in, minimum_1_in_mid, zeros_1_in, minimum_1_in, p_2_p, peaks_1, peaks_2_n, minimum_1, zeros_1
220285,220285,222830,229681,239475,239475,239475,239475,239475,239475,239475,249381,256146,258637,258636
465985,465984,468658,477761,493239,493239,493239,493239,493239,493239,493239,508600,517782,521054,521053
