# TIC 0053896096_morp_ 0.691_T0_ 1325.304904_P_ 0.7410489_analysis_6, none, Eclipse indices (see function measure_eclipses_dt).
# zeros_1, minimum_1, peaks_2_n, peaks_1, p_2_p, minimum_1_in, zeros_1_in, minimum_1_in_mid, zeros_1_in, minimum_1_in, p_2_p, peaks_1, peaks_2_n, minimum_1, zeros_1
573155,573155,576518,580596,606148,606148,606148,606148,606148,606148,606148,631013,634959,638502,638501
822487,822487,826444,830689,834982,838806,838805,856052,873299,873299,876861,881112,885323,889163,889163
