# TIC 0388244501_morp_ 0.959_T0_ 1600.100130_P_ 2.1187553_analysis_6, none, Eclipse indices (see function measure_eclipses_dt).
# zeros_1, minimum_1, peaks_2_n, peaks_1, p_2_p, minimum_1_in, zeros_1_in, minimum_1_in_mid, zeros_1_in, minimum_1_in, p_2_p, peaks_1, peaks_2_n, minimum_1, zeros_1
286445,286444,290589,352418,416563,416563,416563,416563,416563,416563,416563,481204,543331,547420,547420
547421,547420,547421,606600,667420,667420,667420,667420,667420,667420,667420,727625,786442,786444,786443
