# TIC 0253749178_morp_ 0.506_T0_ 1657.301020_P_ 1.8376667_analysis_6, none, Eclipse indices (see function measure_eclipses_dt).
# zeros_1, minimum_1, peaks_2_n, peaks_1, p_2_p, minimum_1_in, zeros_1_in, minimum_1_in_mid, zeros_1_in, minimum_1_in, p_2_p, peaks_1, peaks_2_n, minimum_1, zeros_1
288588,290922,291142,296845,306472,306686,310512,311975,313399,317264,317478,326320,332022,332242,335262
540262,540937,541142,545270,555686,555834,555833,561966,568099,568098,568264,578679,582808,582938,582938
