# TIC 0427063387_morp_ 0.478_T0_ 1739.650478_P_ 3.6732282_analysis_6, none, Eclipse indices (see function measure_eclipses_dt).
# zeros_1, minimum_1, peaks_2_n, peaks_1, p_2_p, minimum_1_in, zeros_1_in, minimum_1_in_mid, zeros_1_in, minimum_1_in, p_2_p, peaks_1, peaks_2_n, minimum_1, zeros_1
709730,709730,709730,711694,722162,722162,722162,722162,722162,722162,722162,743774,751310,752246,752245
889306,895361,898472,901073,903827,905533,905533,912272,919013,919012,920919,924009,927006,930218,930217
