# TIC 0369370898_morp_ 0.411_T0_ 1410.998668_P_ 1.7104489_analysis_6, none, Eclipse indices (see function measure_eclipses_dt).
# zeros_1, minimum_1, peaks_2_n, peaks_1, p_2_p, minimum_1_in, zeros_1_in, minimum_1_in_mid, zeros_1_in, minimum_1_in, p_2_p, peaks_1, peaks_2_n, minimum_1, zeros_1
298110,298110,301011,309521,319488,319488,319488,319488,319488,319488,319488,327667,335944,335946,335945
335946,335946,336102,344477,352778,352778,352778,352778,352778,352778,352778,362643,371218,373646,373645
