# TIC 0066563761_morp_ 0.578_T0_ 1473.506399_P_ 3.4057562_analysis_6, none, Eclipse indices (see function measure_eclipses_dt).
# zeros_1, minimum_1, peaks_2_n, peaks_1, p_2_p, minimum_1_in, zeros_1_in, minimum_1_in_mid, zeros_1_in, minimum_1_in, p_2_p, peaks_1, peaks_2_n, minimum_1, zeros_1
419556,419555,419556,482055,544555,544555,544555,544555,544555,544555,544555,607055,669554,669555,669555
669556,669555,669556,732055,794555,794555,794555,794555,794555,794555,794555,857055,919553,919555,919554
