# TIC 0124651221_morp_ 0.325_T0_ 1490.638736_P_ 7.4215887_analysis_6, none, Eclipse indices (see function measure_eclipses_dt).
# zeros_1, minimum_1, peaks_2_n, peaks_1, p_2_p, minimum_1_in, zeros_1_in, minimum_1_in_mid, zeros_1_in, minimum_1_in, p_2_p, peaks_1, peaks_2_n, minimum_1, zeros_1
499018,499017,499021,500441,501852,501852,501852,501852,501852,501852,501852,503316,504737,504793,504793
932212,932211,932237,933647,935052,935054,935053,937907,940761,940760,940807,942245,943665,943747,943746
