# TIC 0059739922_morp_ 0.557_T0_ 1816.226950_P_ 0.5543471_analysis_6, none, Eclipse indices (see function measure_eclipses_dt).
# zeros_1, minimum_1, peaks_2_n, peaks_1, p_2_p, minimum_1_in, zeros_1_in, minimum_1_in_mid, zeros_1_in, minimum_1_in, p_2_p, peaks_1, peaks_2_n, minimum_1, zeros_1
483146,483145,494052,505181,519882,519882,519882,519882,519882,519882,519882,534358,545586,557039,557038
732649,732648,744029,755187,770040,770040,770040,770040,770040,770040,770040,784421,795581,807284,807284
