# TIC 0307304908_morp_ 0.516_T0_ 1493.739632_P_ 2.8278718_analysis_6, none, Eclipse indices (see function measure_eclipses_dt).
# zeros_1, minimum_1, peaks_2_n, peaks_1, p_2_p, minimum_1_in, zeros_1_in, minimum_1_in_mid, zeros_1_in, minimum_1_in, p_2_p, peaks_1, peaks_2_n, minimum_1, zeros_1
186839,186839,189992,193776,197457,202732,210385,211298,219864,219864,223613,227351,231103,234654,234653
424001,424001,425470,428740,431571,435705,440521,445463,448810,455221,459103,461951,465160,466450,466449
