# TIC 0413738130_morp_ 0.517_T0_ 1766.798608_P_ 2.2008699_analysis_6, none, Eclipse indices (see function measure_eclipses_dt).
# zeros_1, minimum_1, peaks_2_n, peaks_1, p_2_p, minimum_1_in, zeros_1_in, minimum_1_in_mid, zeros_1_in, minimum_1_in, p_2_p, peaks_1, peaks_2_n, minimum_1, zeros_1
477077,477077,484763,494145,506401,506401,506401,506401,506401,506401,506401,518468,527849,537071,537071
746536,746535,755423,764969,777219,777219,777219,777219,777219,777219,777219,789500,798965,806399,806398
