# TIC 0231714759_morp_ 0.524_T0_ 1330.006068_P_ 5.4613059_analysis_6, none, Eclipse indices (see function measure_eclipses_dt).
# zeros_1, minimum_1, peaks_2_n, peaks_1, p_2_p, minimum_1_in, zeros_1_in, minimum_1_in_mid, zeros_1_in, minimum_1_in, p_2_p, peaks_1, peaks_2_n, minimum_1, zeros_1
158900,158900,168369,168434,181906,181906,181906,181906,181906,181906,181906,192829,205121,205177,205177
858880,858879,858882,858947,859267,859272,859272,900741,942212,942211,942220,942545,942610,942622,942621
