# TIC 0137408317_morp_ 0.589_T0_ 1686.877354_P_ 3.7236240_analysis_6, none, Eclipse indices (see function measure_eclipses_dt).
# zeros_1, minimum_1, peaks_2_n, peaks_1, p_2_p, minimum_1_in, zeros_1_in, minimum_1_in_mid, zeros_1_in, minimum_1_in, p_2_p, peaks_1, peaks_2_n, minimum_1, zeros_1
634168,637596,637697,646283,652938,653039,654542,668945,683329,684852,684953,690834,700187,700287,702170
889915,889915,889994,893177,913729,913729,913729,913729,913729,913729,913729,942758,949803,949900,950262
