# KIC05217586_morp_0.08_T0_55080.403814_P_26.0688098_analysis_6, none, Eclipse indices (see function measure_eclipses_dt).
# zeros_1, minimum_1, peaks_2_n, peaks_1, p_2_p, minimum_1_in, zeros_1_in, minimum_1_in_mid, zeros_1_in, minimum_1_in, p_2_p, peaks_1, peaks_2_n, minimum_1, zeros_1
704852,704851,704990,706830,708565,708907,708907,719102,729298,729298,729565,731571,733408,734130,734130
857861,857860,858961,861074,863631,863631,863631,863631,863631,863631,863631,866173,868268,869396,869395
