# TIC 0176752680_morp_ 0.500_T0_ 1739.293423_P_ 1.5574461_analysis_6, none, Eclipse indices (see function measure_eclipses_dt).
# zeros_1, minimum_1, peaks_2_n, peaks_1, p_2_p, minimum_1_in, zeros_1_in, minimum_1_in_mid, zeros_1_in, minimum_1_in, p_2_p, peaks_1, peaks_2_n, minimum_1, zeros_1
125666,125666,128434,140704,153000,153000,153000,153000,153000,153000,153000,166876,177323,180286,180285
875109,875109,878667,891504,902990,902990,902990,902990,902990,902990,902990,914571,927199,930869,930869
