# TIC 0278956474_morp_ 0.314_T0_ 1327.960807_P_ 5.4880499_analysis_6, none, Eclipse indices (see function measure_eclipses_dt).
# zeros_1, minimum_1, peaks_2_n, peaks_1, p_2_p, minimum_1_in, zeros_1_in, minimum_1_in_mid, zeros_1_in, minimum_1_in, p_2_p, peaks_1, peaks_2_n, minimum_1, zeros_1
206298,206297,208321,213161,223477,224335,224334,228854,233373,233373,234248,244380,249414,251416,251415
539114,539113,542048,543267,551196,551196,551196,551196,551196,551196,551196,561337,568761,568928,568928
