# TIC 0167692429_morp_ 0.172_T0_ 1330.575659_P_ 10.2628479_analysis_6, none, Eclipse indices (see function measure_eclipses_dt).
# zeros_1, minimum_1, peaks_2_n, peaks_1, p_2_p, minimum_1_in, zeros_1_in, minimum_1_in_mid, zeros_1_in, minimum_1_in, p_2_p, peaks_1, peaks_2_n, minimum_1, zeros_1
775298,775297,775379,775779,777783,777867,777867,799774,821683,821682,821746,823709,824105,824139,824139
969528,969528,969580,969985,970390,970442,970441,980332,990224,990223,990230,990630,991032,991033,991033
