# KIC05377349_morp_0.62_T0_54965.748569_P_1.1167657_analysis_6, none, Eclipse indices (see function measure_eclipses_dt).
# zeros_1, minimum_1, peaks_2_n, peaks_1, p_2_p, minimum_1_in, zeros_1_in, minimum_1_in_mid, zeros_1_in, minimum_1_in, p_2_p, peaks_1, peaks_2_n, minimum_1, zeros_1
390673,476559,487222,497162,514824,514824,514824,514824,514824,514824,514824,532479,542361,553035,638740
638741,726358,736629,745972,764882,764882,764882,764882,764882,764882,764882,783613,792976,803215,890671
