# TIC 0126637765_morp_ 0.835_T0_ 1325.376395_P_ 0.2734502_analysis_6, none, Eclipse indices (see function measure_eclipses_dt).
# zeros_1, minimum_1, peaks_2_n, peaks_1, p_2_p, minimum_1_in, zeros_1_in, minimum_1_in_mid, zeros_1_in, minimum_1_in, p_2_p, peaks_1, peaks_2_n, minimum_1, zeros_1
433651,433651,433651,512155,554197,554197,554197,554197,554197,554197,554197,594594,672334,672622,672622
672623,672622,672623,766226,801559,801559,801559,801559,801559,801559,801559,836696,922994,933650,933650
