# TIC 0099813351_morp_ 0.210_T0_ 1684.474844_P_ 16.3738280_analysis_6, none, Eclipse indices (see function measure_eclipses_dt).
# zeros_1, minimum_1, peaks_2_n, peaks_1, p_2_p, minimum_1_in, zeros_1_in, minimum_1_in_mid, zeros_1_in, minimum_1_in, p_2_p, peaks_1, peaks_2_n, minimum_1, zeros_1
0,0,0,19,39,41,40,31939,63839,63838,63839,63860,63881,63882,63882
414983,414983,414983,415005,415025,415027,415026,424726,434425,434425,434425,434447,434467,434468,434468
