# TIC 0229751802_morp_ 0.622_T0_ 1683.408273_P_ 0.5162551_analysis_6, none, Eclipse indices (see function measure_eclipses_dt).
# zeros_1, minimum_1, peaks_2_n, peaks_1, p_2_p, minimum_1_in, zeros_1_in, minimum_1_in_mid, zeros_1_in, minimum_1_in, p_2_p, peaks_1, peaks_2_n, minimum_1, zeros_1
540390,540390,593500,610669,634903,634903,634903,634903,634903,634903,634903,659266,676643,725445,725445
789790,816624,844397,861097,884796,884796,884796,884796,884796,884796,884796,908484,925135,977681,977680
