# TIC 0350518984_morp_ 0.021_T0_ 1610.870613_P_ 23.9165758_analysis_6, none, Eclipse indices (see function measure_eclipses_dt).
# zeros_1, minimum_1, peaks_2_n, peaks_1, p_2_p, minimum_1_in, zeros_1_in, minimum_1_in_mid, zeros_1_in, minimum_1_in, p_2_p, peaks_1, peaks_2_n, minimum_1, zeros_1
692893,692892,692953,693112,693964,693972,693971,694303,694635,694634,694644,695478,695634,695708,695707
714022,714021,714032,714210,714386,714402,714401,718330,722259,722259,722298,723237,723453,723462,723461
