# TIC 0178889597_morp_ 0.515_T0_ 1572.589269_P_ 1.8844990_analysis_6, none, Eclipse indices (see function measure_eclipses_dt).
# zeros_1, minimum_1, peaks_2_n, peaks_1, p_2_p, minimum_1_in, zeros_1_in, minimum_1_in_mid, zeros_1_in, minimum_1_in, p_2_p, peaks_1, peaks_2_n, minimum_1, zeros_1
636005,641762,641993,650481,671832,671832,671832,671832,671832,671832,671832,694764,703252,703482,709168
784200,784199,784377,785413,802205,802205,802205,802205,802205,802205,802205,816455,816662,816776,816775
