# TIC 0425206121_morp_ 0.341_T0_ 1494.136942_P_ 4.6112140_analysis_6, none, Eclipse indices (see function measure_eclipses_dt).
# zeros_1, minimum_1, peaks_2_n, peaks_1, p_2_p, minimum_1_in, zeros_1_in, minimum_1_in_mid, zeros_1_in, minimum_1_in, p_2_p, peaks_1, peaks_2_n, minimum_1, zeros_1
433867,433866,435173,437226,439204,440939,440939,445437,449936,449935,451593,453615,455678,457153,457152
527917,527916,528012,529753,531411,531673,531672,549441,567210,567210,567357,568973,570624,570692,570692
