# TIC 0425206121_morp_ 0.341_T0_ 1494.136942_P_ 4.6112140_analysis_6, none, Eclipse indices (see function measure_eclipses_dt).
# zeros_1, minimum_1, peaks_2_n, peaks_1, p_2_p, minimum_1_in, zeros_1_in, minimum_1_in_mid, zeros_1_in, minimum_1_in, p_2_p, peaks_1, peaks_2_n, minimum_1, zeros_1
527916,527915,528011,529752,531410,531672,531672,549441,567210,567210,567357,568973,570624,570692,570692
933866,933866,935172,937225,939204,940940,940939,945437,949935,949934,951593,953615,955678,957153,957152
