# TIC 0220402294_morp_ 0.641_T0_ 1545.563660_P_ 0.7852427_analysis_6, none, Eclipse indices (see function measure_eclipses_dt).
# zeros_1, minimum_1, peaks_2_n, peaks_1, p_2_p, minimum_1_in, zeros_1_in, minimum_1_in_mid, zeros_1_in, minimum_1_in, p_2_p, peaks_1, peaks_2_n, minimum_1, zeros_1
324954,375148,398340,421640,449187,449187,449187,449187,449187,449187,449187,475886,499457,522470,573764
573765,623985,645262,665410,698826,698826,698826,698826,698826,698826,698826,733751,751889,773351,824953
