# TIC 0173521768_morp_ 0.539_T0_ 1739.176999_P_ 2.7650763_analysis_6, none, Eclipse indices (see function measure_eclipses_dt).
# zeros_1, minimum_1, peaks_2_n, peaks_1, p_2_p, minimum_1_in, zeros_1_in, minimum_1_in_mid, zeros_1_in, minimum_1_in, p_2_p, peaks_1, peaks_2_n, minimum_1, zeros_1
556738,556737,561548,575940,594250,594250,594250,594250,594250,594250,594250,612426,626885,631573,631572
809889,809889,811308,824158,844344,844344,844344,844344,844344,844344,844344,864481,877573,880199,880198
