# TIC 0197183006_morp_ 0.477_T0_ 1843.227497_P_ 0.5663165_analysis_6, none, Eclipse indices (see function measure_eclipses_dt).
# zeros_1, minimum_1, peaks_2_n, peaks_1, p_2_p, minimum_1_in, zeros_1_in, minimum_1_in_mid, zeros_1_in, minimum_1_in, p_2_p, peaks_1, peaks_2_n, minimum_1, zeros_1
74514,74513,80281,86844,97363,97363,97363,97363,97363,97363,97363,107640,114053,121039,121038
823494,823494,830273,836438,847319,847319,847319,847319,847319,847319,847319,857751,863857,870529,870529
