# TIC 0219310882_morp_ 0.437_T0_ 1545.033807_P_ 0.7542206_analysis_6, none, Eclipse indices (see function measure_eclipses_dt).
# zeros_1, minimum_1, peaks_2_n, peaks_1, p_2_p, minimum_1_in, zeros_1_in, minimum_1_in_mid, zeros_1_in, minimum_1_in, p_2_p, peaks_1, peaks_2_n, minimum_1, zeros_1
26000,25999,26000,34902,47168,47168,47168,47168,47168,47168,47168,56837,66927,68496,68495
451385,451385,459295,472415,488767,488767,488767,488767,488767,488767,488767,504965,518080,525999,525998
