# TIC 0243352809_morp_ 0.750_T0_ 1683.513309_P_ 0.5124522_analysis_6, none, Eclipse indices (see function measure_eclipses_dt).
# zeros_1, minimum_1, peaks_2_n, peaks_1, p_2_p, minimum_1_in, zeros_1_in, minimum_1_in_mid, zeros_1_in, minimum_1_in, p_2_p, peaks_1, peaks_2_n, minimum_1, zeros_1
149349,149348,149349,176997,213033,213033,213033,213033,213033,213033,213033,244151,270351,270819,270819
533892,533891,542030,566008,592474,592474,592474,592474,592474,592474,592474,618932,642659,649348,649347
