# TIC 0379215982_morp_ 0.180_T0_ 1686.440298_P_ 6.7723730_analysis_6, none, Eclipse indices (see function measure_eclipses_dt).
# zeros_1, minimum_1, peaks_2_n, peaks_1, p_2_p, minimum_1_in, zeros_1_in, minimum_1_in_mid, zeros_1_in, minimum_1_in, p_2_p, peaks_1, peaks_2_n, minimum_1, zeros_1
544777,545193,545248,547003,549608,549642,549642,550035,550428,550428,550459,553064,554819,554874,555285
794471,795299,795354,796897,799714,799740,799740,800034,800329,800329,800352,803170,804712,804768,805596
