# TIC 0237105551_morp_ 0.031_T0_ 1745.325997_P_ 95.6494225_analysis_6, none, Eclipse indices (see function measure_eclipses_dt).
# zeros_1, minimum_1, peaks_2_n, peaks_1, p_2_p, minimum_1_in, zeros_1_in, minimum_1_in_mid, zeros_1_in, minimum_1_in, p_2_p, peaks_1, peaks_2_n, minimum_1, zeros_1
428443,428442,429527,430148,431025,431025,431025,431025,431025,431025,431025,431772,432300,433978,433977
959629,960657,961500,962075,962863,962863,962863,962863,962863,962863,962863,963652,964259,965031,965031
