# TIC 0315002523_morp_ 0.496_T0_ 1518.620303_P_ 3.3023722_analysis_6, none, Eclipse indices (see function measure_eclipses_dt).
# zeros_1, minimum_1, peaks_2_n, peaks_1, p_2_p, minimum_1_in, zeros_1_in, minimum_1_in_mid, zeros_1_in, minimum_1_in, p_2_p, peaks_1, peaks_2_n, minimum_1, zeros_1
186516,186515,191541,201392,213307,213307,213307,213307,213307,213307,213307,225421,234914,241286,241285
496426,496425,499790,510259,522614,522614,522614,522614,522614,522614,522614,534130,543460,549843,549843
