# TIC 0117397619_morp_ 0.384_T0_ 1792.031583_P_ 8.0310059_analysis_6, none, Eclipse indices (see function measure_eclipses_dt).
# zeros_1, minimum_1, peaks_2_n, peaks_1, p_2_p, minimum_1_in, zeros_1_in, minimum_1_in_mid, zeros_1_in, minimum_1_in, p_2_p, peaks_1, peaks_2_n, minimum_1, zeros_1
29176,29321,29390,31335,37055,37116,37700,42931,43367,48746,48815,50754,52490,52562,55860
567825,573607,575169,581523,589133,589133,589133,589133,589133,589133,589133,597582,603938,605502,609014
