# TIC 0114471605_morp_ 0.143_T0_ 1388.304658_P_ 6.3869005_analysis_6, none, Eclipse indices (see function measure_eclipses_dt).
# zeros_1, minimum_1, peaks_2_n, peaks_1, p_2_p, minimum_1_in, zeros_1_in, minimum_1_in_mid, zeros_1_in, minimum_1_in, p_2_p, peaks_1, peaks_2_n, minimum_1, zeros_1
859064,859063,859493,862590,877980,878455,878454,884208,889961,889961,890241,905600,908716,909194,909194
945173,945173,945565,948764,951787,952583,952582,958307,964032,964032,964032,967206,970147,970669,970668
