# TIC 0459758530_morp_ 0.172_T0_ 1842.843122_P_ 9.8377035_analysis_6, none, Eclipse indices (see function measure_eclipses_dt).
# zeros_1, minimum_1, peaks_2_n, peaks_1, p_2_p, minimum_1_in, zeros_1_in, minimum_1_in_mid, zeros_1_in, minimum_1_in, p_2_p, peaks_1, peaks_2_n, minimum_1, zeros_1
161157,161156,162879,165294,168221,168221,168221,168221,168221,168221,168221,171474,174229,174870,174870
838773,838772,841052,843988,847731,847731,847731,847731,847731,847731,847731,851458,854401,856558,856558
