# TIC 0033834253_morp_ 0.550_T0_ 1412.824618_P_ 3.2320815_analysis_6, none, Eclipse indices (see function measure_eclipses_dt).
# zeros_1, minimum_1, peaks_2_n, peaks_1, p_2_p, minimum_1_in, zeros_1_in, minimum_1_in_mid, zeros_1_in, minimum_1_in, p_2_p, peaks_1, peaks_2_n, minimum_1, zeros_1
490880,490879,490999,507584,528411,528411,528411,528411,528411,528411,528411,541770,560757,560957,565150
751287,751287,751338,751532,752509,752555,752555,778407,804260,804259,804304,805278,805473,805518,805518
