# TIC 0167673754_morp_ 0.704_T0_ 1438.583559_P_ 0.5651930_analysis_6, none, Eclipse indices (see function measure_eclipses_dt).
# zeros_1, minimum_1, peaks_2_n, peaks_1, p_2_p, minimum_1_in, zeros_1_in, minimum_1_in_mid, zeros_1_in, minimum_1_in, p_2_p, peaks_1, peaks_2_n, minimum_1, zeros_1
454705,498164,529475,544904,578256,578256,578256,578256,578256,578256,578256,611046,626676,657032,702595
702596,702596,758925,776381,828477,828477,828477,828477,828477,828477,828477,881034,954070,954704,954704
