# TIC 0358049707_morp_ 0.329_T0_ 2062.428962_P_ 0.9131123_analysis_6, none, Eclipse indices (see function measure_eclipses_dt).
# zeros_1, minimum_1, peaks_2_n, peaks_1, p_2_p, minimum_1_in, zeros_1_in, minimum_1_in_mid, zeros_1_in, minimum_1_in, p_2_p, peaks_1, peaks_2_n, minimum_1, zeros_1
401543,401543,409005,418962,431530,431530,431530,431530,431530,431530,431530,444347,454660,460378,460377
460378,460378,460378,467397,476599,476599,476599,476599,476599,476599,476599,484905,492866,495088,495087
