# TIC 0390549095_morp_ 0.644_T0_ 1569.987336_P_ 1.8695387_analysis_6, none, Eclipse indices (see function measure_eclipses_dt).
# zeros_1, minimum_1, peaks_2_n, peaks_1, p_2_p, minimum_1_in, zeros_1_in, minimum_1_in_mid, zeros_1_in, minimum_1_in, p_2_p, peaks_1, peaks_2_n, minimum_1, zeros_1
342319,342319,342397,342753,344550,344608,344607,370054,395502,395501,395554,397348,397708,397750,397749
594515,594515,594549,594907,596703,596727,596727,622206,647686,647685,647707,649501,649861,649879,649879
