# TIC 0279537689_morp_ 0.100_T0_ 1441.055617_P_ 11.5527497_analysis_6, none, Eclipse indices (see function measure_eclipses_dt).
# zeros_1, minimum_1, peaks_2_n, peaks_1, p_2_p, minimum_1_in, zeros_1_in, minimum_1_in_mid, zeros_1_in, minimum_1_in, p_2_p, peaks_1, peaks_2_n, minimum_1, zeros_1
69537,69537,70747,71043,72973,72973,72973,72973,72973,72973,72973,74784,76129,76153,76152
690057,690056,690085,690118,690281,690311,690310,691919,693528,693527,693559,693723,693756,693784,693784
