# TIC 0288778712_morp_ 0.780_T0_ 1711.472405_P_ 0.4988917_analysis_6, none, Eclipse indices (see function measure_eclipses_dt).
# zeros_1, minimum_1, peaks_2_n, peaks_1, p_2_p, minimum_1_in, zeros_1_in, minimum_1_in_mid, zeros_1_in, minimum_1_in, p_2_p, peaks_1, peaks_2_n, minimum_1, zeros_1
38826,38826,38826,125720,158446,158446,158446,158446,158446,158446,158446,191689,275577,275579,275578
275579,275579,284013,370882,407914,407914,407914,407914,407914,407914,407914,445438,531173,538825,538825
