# TIC 0244207973_morp_ 0.794_T0_ 1438.256480_P_ 0.6140578_analysis_6, none, Eclipse indices (see function measure_eclipses_dt).
# zeros_1, minimum_1, peaks_2_n, peaks_1, p_2_p, minimum_1_in, zeros_1_in, minimum_1_in_mid, zeros_1_in, minimum_1_in, p_2_p, peaks_1, peaks_2_n, minimum_1, zeros_1
112652,112652,119257,198764,231936,231936,231936,231936,231936,231936,231936,271000,353037,359329,359328
359329,359329,373568,448494,493552,493552,493552,493552,493552,493552,493552,529582,546021,612651,612651
