# TIC 0300324638_morp_ 0.458_T0_ 1545.644863_P_ 2.6413906_analysis_6, none, Eclipse indices (see function measure_eclipses_dt).
# zeros_1, minimum_1, peaks_2_n, peaks_1, p_2_p, minimum_1_in, zeros_1_in, minimum_1_in_mid, zeros_1_in, minimum_1_in, p_2_p, peaks_1, peaks_2_n, minimum_1, zeros_1
112052,112052,116301,127375,134282,134282,134282,134282,134282,134282,134282,141081,152325,156437,156436
361899,361898,366410,377409,384287,384287,384287,384287,384287,384287,384287,391123,402196,406393,406393
