# TIC 0190990336_morp_ 0.251_T0_ 1550.675990_P_ 11.0968971_analysis_6, none, Eclipse indices (see function measure_eclipses_dt).
# zeros_1, minimum_1, peaks_2_n, peaks_1, p_2_p, minimum_1_in, zeros_1_in, minimum_1_in_mid, zeros_1_in, minimum_1_in, p_2_p, peaks_1, peaks_2_n, minimum_1, zeros_1
494536,495078,495123,495597,496498,496541,498836,499826,500960,503111,503156,504058,504676,504724,505129
744462,744657,745156,745636,746531,746590,749155,749939,750705,753289,753335,754091,754710,754758,755157
