# TIC 0297647356_morp_ 0.267_T0_ 1792.388710_P_ 1.7656247_analysis_6, none, Eclipse indices (see function measure_eclipses_dt).
# zeros_1, minimum_1, peaks_2_n, peaks_1, p_2_p, minimum_1_in, zeros_1_in, minimum_1_in_mid, zeros_1_in, minimum_1_in, p_2_p, peaks_1, peaks_2_n, minimum_1, zeros_1
168483,168482,168485,168606,168725,168733,168732,183792,198851,198851,198852,198969,199085,199086,199086
813207,813206,813222,813344,813946,813970,813970,815690,817411,817411,817455,818052,818173,818195,818195
