# TIC 0358457398_morp_ 0.586_T0_ 1327.188395_P_ 2.2756668_analysis_6, none, Eclipse indices (see function measure_eclipses_dt).
# zeros_1, minimum_1, peaks_2_n, peaks_1, p_2_p, minimum_1_in, zeros_1_in, minimum_1_in_mid, zeros_1_in, minimum_1_in, p_2_p, peaks_1, peaks_2_n, minimum_1, zeros_1
590071,634289,643564,653751,677282,677282,677282,677282,677282,677282,677282,696733,706811,714404,714403
840700,883500,895253,904658,929812,929812,929812,929812,929812,929812,929812,946642,956050,967976,999999
