# TIC 0322512913_morp_ 0.785_T0_ 1411.245136_P_ 0.4588608_analysis_6, none, Eclipse indices (see function measure_eclipses_dt).
# zeros_1, minimum_1, peaks_2_n, peaks_1, p_2_p, minimum_1_in, zeros_1_in, minimum_1_in_mid, zeros_1_in, minimum_1_in, p_2_p, peaks_1, peaks_2_n, minimum_1, zeros_1
462636,462635,527349,545400,588271,588271,588271,588271,588271,588271,588271,627603,643751,713357,713356
713357,713357,776593,799809,836222,836222,836222,836222,836222,836222,836222,874448,894311,962635,962634
