# TIC 0441734144_morp_ 0.718_T0_ 1683.673035_P_ 0.3254052_analysis_6, none, Eclipse indices (see function measure_eclipses_dt).
# zeros_1, minimum_1, peaks_2_n, peaks_1, p_2_p, minimum_1_in, zeros_1_in, minimum_1_in_mid, zeros_1_in, minimum_1_in, p_2_p, peaks_1, peaks_2_n, minimum_1, zeros_1
71716,71715,138946,160306,193288,193288,193288,193288,193288,193288,193288,226204,247422,315955,315954
315955,315955,387930,410344,443884,443884,443884,443884,443884,443884,443884,477167,499231,571715,571714
