# TIC 0355152971_morp_ 0.452_T0_ 1547.550746_P_ 8.0760327_analysis_6, none, Eclipse indices (see function measure_eclipses_dt).
# zeros_1, minimum_1, peaks_2_n, peaks_1, p_2_p, minimum_1_in, zeros_1_in, minimum_1_in_mid, zeros_1_in, minimum_1_in, p_2_p, peaks_1, peaks_2_n, minimum_1, zeros_1
320101,320100,320101,321805,323419,323738,323738,335045,346353,346352,347095,355634,361947,362800,362799
470811,470811,472602,478488,486684,486684,486684,486684,486684,486684,486684,494853,500713,502752,502752
