# TIC 0048372732_morp_ 0.553_T0_ 1544.491443_P_ 1.0955633_analysis_6, none, Eclipse indices (see function measure_eclipses_dt).
# zeros_1, minimum_1, peaks_2_n, peaks_1, p_2_p, minimum_1_in, zeros_1_in, minimum_1_in_mid, zeros_1_in, minimum_1_in, p_2_p, peaks_1, peaks_2_n, minimum_1, zeros_1
0,31066,36059,47957,65185,65185,65185,65185,65185,65185,65185,82609,94523,99481,185705
185706,281736,285962,297636,315340,315340,315340,315340,315340,315340,315340,333045,344663,348834,426405
