# TIC 0306723230_morp_ 0.519_T0_ 1655.428388_P_ 2.5257948_analysis_6, none, Eclipse indices (see function measure_eclipses_dt).
# zeros_1, minimum_1, peaks_2_n, peaks_1, p_2_p, minimum_1_in, zeros_1_in, minimum_1_in_mid, zeros_1_in, minimum_1_in, p_2_p, peaks_1, peaks_2_n, minimum_1, zeros_1
466143,466143,466148,466289,466429,466436,466436,482755,499075,499075,499081,499222,499363,499368,499367
920269,920268,920269,920408,920547,920551,920550,936027,951503,951503,951503,951644,951785,951786,951786
