# TIC 0277649549_morp_ 0.063_T0_ 1329.101682_P_ 14.4904608_analysis_6, none, Eclipse indices (see function measure_eclipses_dt).
# zeros_1, minimum_1, peaks_2_n, peaks_1, p_2_p, minimum_1_in, zeros_1_in, minimum_1_in_mid, zeros_1_in, minimum_1_in, p_2_p, peaks_1, peaks_2_n, minimum_1, zeros_1
847014,847014,847014,847394,849260,849260,849260,849260,849260,849260,849260,849682,850073,850113,850112
877644,877644,877687,878085,878478,878532,878532,880023,881515,881514,881515,881929,882294,882401,882400
