# TIC 0263925187_morp_ 0.529_T0_ 1655.773789_P_ 0.6662304_analysis_6, none, Eclipse indices (see function measure_eclipses_dt).
# zeros_1, minimum_1, peaks_2_n, peaks_1, p_2_p, minimum_1_in, zeros_1_in, minimum_1_in_mid, zeros_1_in, minimum_1_in, p_2_p, peaks_1, peaks_2_n, minimum_1, zeros_1
34928,34928,41603,49104,59520,59520,59520,59520,59520,59520,59520,70164,77925,85060,85059
786271,786271,791843,799191,809209,809209,809209,809209,809209,809209,809209,819686,827433,833174,833173
