# TIC 0265015162_morp_ 0.951_T0_ 1491.810306_P_ 0.3278391_analysis_6, none, Eclipse indices (see function measure_eclipses_dt).
# zeros_1, minimum_1, peaks_2_n, peaks_1, p_2_p, minimum_1_in, zeros_1_in, minimum_1_in_mid, zeros_1_in, minimum_1_in, p_2_p, peaks_1, peaks_2_n, minimum_1, zeros_1
0,54840,61657,73018,120471,120471,120471,120471,120471,120471,120471,167010,178209,184858,251092
251093,268219,270413,325661,367888,367888,367888,367888,367888,367888,367888,414418,469451,471402,493864
