# TIC 0433277449_morp_ 0.376_T0_ 1574.686269_P_ 6.2020381_analysis_6, none, Eclipse indices (see function measure_eclipses_dt).
# zeros_1, minimum_1, peaks_2_n, peaks_1, p_2_p, minimum_1_in, zeros_1_in, minimum_1_in_mid, zeros_1_in, minimum_1_in, p_2_p, peaks_1, peaks_2_n, minimum_1, zeros_1
161695,161695,166078,174031,183817,183817,183817,183817,183817,183817,183817,193765,201764,206785,206784
910165,910164,915347,923073,932874,932874,932874,932874,932874,932874,932874,942957,950322,963807,963807
