# TIC 0436869712_morp_ 0.434_T0_ 1791.393906_P_ 1.4937971_analysis_6, none, Eclipse indices (see function measure_eclipses_dt).
# zeros_1, minimum_1, peaks_2_n, peaks_1, p_2_p, minimum_1_in, zeros_1_in, minimum_1_in_mid, zeros_1_in, minimum_1_in, p_2_p, peaks_1, peaks_2_n, minimum_1, zeros_1
385652,386509,386868,393835,405205,405205,405205,405205,405205,405205,405205,414354,419091,419407,422578
494633,494632,494646,502707,512929,512929,512929,512929,512929,512929,512929,525475,534646,534792,534792
