# TIC 0352940699_morp_ 0.876_T0_ 1816.210090_P_ 0.3650807_analysis_6, none, Eclipse indices (see function measure_eclipses_dt).
# zeros_1, minimum_1, peaks_2_n, peaks_1, p_2_p, minimum_1_in, zeros_1_in, minimum_1_in_mid, zeros_1_in, minimum_1_in, p_2_p, peaks_1, peaks_2_n, minimum_1, zeros_1
341539,341538,341539,402439,470426,470426,470426,470426,470426,470426,470426,538282,587420,600097,600097
600098,600097,600098,658504,723778,723778,723778,723778,723778,723778,723778,767135,835600,841538,841537
