# TIC 0256327585_morp_ 0.165_T0_ 1684.836718_P_ 13.4947763_analysis_6, none, Eclipse indices (see function measure_eclipses_dt).
# zeros_1, minimum_1, peaks_2_n, peaks_1, p_2_p, minimum_1_in, zeros_1_in, minimum_1_in_mid, zeros_1_in, minimum_1_in, p_2_p, peaks_1, peaks_2_n, minimum_1, zeros_1
17560,17560,17560,17841,18122,18123,18123,27186,36250,36249,36254,36541,36828,36834,36833
236150,236149,236150,236440,236732,236732,236732,236732,236732,236732,236732,237024,237316,237318,237317
