# TIC 0305675525_morp_ 0.853_T0_ 1624.989884_P_ 0.2965474_analysis_6, none, Eclipse indices (see function measure_eclipses_dt).
# zeros_1, minimum_1, peaks_2_n, peaks_1, p_2_p, minimum_1_in, zeros_1_in, minimum_1_in_mid, zeros_1_in, minimum_1_in, p_2_p, peaks_1, peaks_2_n, minimum_1, zeros_1
369609,369609,369609,448894,507801,507801,507801,507801,507801,507801,507801,558926,629728,638870,638870
638871,638870,638871,698917,753839,753839,753839,753839,753839,753839,753839,807076,868558,869608,869608
