# KIC02441161_morp_0.22_T0_55004.684524_P_4.38398_analysis_6, none, Eclipse indices (see function measure_eclipses_dt).
# zeros_1, minimum_1, peaks_2_n, peaks_1, p_2_p, minimum_1_in, zeros_1_in, minimum_1_in_mid, zeros_1_in, minimum_1_in, p_2_p, peaks_1, peaks_2_n, minimum_1, zeros_1
148678,148678,151133,153678,157683,157683,157683,157683,157683,157683,157683,161666,164187,166858,166858
398482,398481,401015,403356,407196,407196,407196,407196,407196,407196,407196,411401,413935,415782,415781
