# TIC 0446832107_morp_ 0.217_T0_ 1544.243461_P_ 6.1945476_analysis_6, none, Eclipse indices (see function measure_eclipses_dt).
# zeros_1, minimum_1, peaks_2_n, peaks_1, p_2_p, minimum_1_in, zeros_1_in, minimum_1_in_mid, zeros_1_in, minimum_1_in, p_2_p, peaks_1, peaks_2_n, minimum_1, zeros_1
424574,424573,426061,427633,429199,430871,430871,432503,434137,434136,435822,437390,438963,440464,440464
672519,674897,676482,677726,679108,680002,680001,682550,685099,685098,685944,687301,688546,690072,692699
