# TIC 0071266846_morp_ 0.582_T0_ 1842.643062_P_ 0.1336195_analysis_6, none, Eclipse indices (see function measure_eclipses_dt).
# zeros_1, minimum_1, peaks_2_n, peaks_1, p_2_p, minimum_1_in, zeros_1_in, minimum_1_in_mid, zeros_1_in, minimum_1_in, p_2_p, peaks_1, peaks_2_n, minimum_1, zeros_1
91038,157987,183802,199641,221827,221827,221827,221827,221827,221827,221827,243588,259442,305193,347028
432028,432028,442339,455025,472474,472474,472474,472474,472474,472474,472474,489636,533057,533059,533058
