# TIC 0167890109_morp_ 0.709_T0_ 1570.853334_P_ 0.3769767_analysis_6, none, Eclipse indices (see function measure_eclipses_dt).
# zeros_1, minimum_1, peaks_2_n, peaks_1, p_2_p, minimum_1_in, zeros_1_in, minimum_1_in_mid, zeros_1_in, minimum_1_in, p_2_p, peaks_1, peaks_2_n, minimum_1, zeros_1
148827,148826,207155,238269,270453,270453,270453,270453,270453,270453,270453,295679,334490,388203,388202
388203,388203,476999,496562,519952,519952,519952,519952,519952,519952,519952,543360,565783,648826,648825
