# TIC 0305386053_morp_ 0.552_T0_ 1711.732050_P_ 1.2420120_analysis_6, none, Eclipse indices (see function measure_eclipses_dt).
# zeros_1, minimum_1, peaks_2_n, peaks_1, p_2_p, minimum_1_in, zeros_1_in, minimum_1_in_mid, zeros_1_in, minimum_1_in, p_2_p, peaks_1, peaks_2_n, minimum_1, zeros_1
445282,445281,454708,476016,490837,490837,490837,490837,490837,490837,490837,504853,526936,534273,534272
698881,698880,703564,717752,739157,739157,739157,739157,739157,739157,739157,756640,778294,784943,818512
