# TIC 0157889314_morp_ 0.581_T0_ 1683.933257_P_ 1.4327737_analysis_6, none, Eclipse indices (see function measure_eclipses_dt).
# zeros_1, minimum_1, peaks_2_n, peaks_1, p_2_p, minimum_1_in, zeros_1_in, minimum_1_in_mid, zeros_1_in, minimum_1_in, p_2_p, peaks_1, peaks_2_n, minimum_1, zeros_1
494411,494410,500374,524069,550792,550792,550792,550792,550792,550792,550792,578391,602504,608623,608623
697263,697262,700675,726951,757424,757424,757424,757424,757424,757424,757424,778914,801524,802279,802279
