# TIC 0144000467_morp_ 0.149_T0_ 1333.294331_P_ 8.8831592_analysis_6, none, Eclipse indices (see function measure_eclipses_dt).
# zeros_1, minimum_1, peaks_2_n, peaks_1, p_2_p, minimum_1_in, zeros_1_in, minimum_1_in_mid, zeros_1_in, minimum_1_in, p_2_p, peaks_1, peaks_2_n, minimum_1, zeros_1
176547,176547,176584,178204,183634,183634,183634,183634,183634,183634,183634,186213,186253,187863,187863
879623,879622,879638,879678,879875,879891,879891,888896,897902,897902,897902,897941,897979,897981,897980
