# TIC 0188594653_morp_ 0.765_T0_ 1354.724002_P_ 0.3741055_analysis_6, none, Eclipse indices (see function measure_eclipses_dt).
# zeros_1, minimum_1, peaks_2_n, peaks_1, p_2_p, minimum_1_in, zeros_1_in, minimum_1_in_mid, zeros_1_in, minimum_1_in, p_2_p, peaks_1, peaks_2_n, minimum_1, zeros_1
404915,404914,475579,496959,533221,533221,533221,533221,533221,533221,533221,566915,588143,660774,660774
660775,660774,660775,746996,781087,781087,781087,781087,781087,781087,781087,815777,904912,904914,904913
