# TIC 0356192212_morp_ 0.803_T0_ 1983.863760_P_ 0.7273306_analysis_6, none, Eclipse indices (see function measure_eclipses_dt).
# zeros_1, minimum_1, peaks_2_n, peaks_1, p_2_p, minimum_1_in, zeros_1_in, minimum_1_in_mid, zeros_1_in, minimum_1_in, p_2_p, peaks_1, peaks_2_n, minimum_1, zeros_1
387592,387592,462108,475807,513496,513496,513496,513496,513496,513496,513496,550548,579259,641222,641222
641223,683392,700025,716365,757996,757996,757996,757996,757996,757996,757996,818803,826803,857656,887591
