# KIC11825198_morp_0.8_T0_54999.919156_P_2.1610883_analysis_6, none, Eclipse indices (see function measure_eclipses_dt).
# zeros_1, minimum_1, peaks_2_n, peaks_1, p_2_p, minimum_1_in, zeros_1_in, minimum_1_in_mid, zeros_1_in, minimum_1_in, p_2_p, peaks_1, peaks_2_n, minimum_1, zeros_1
372377,382646,388166,426461,519201,519201,519201,519201,519201,519201,519201,600182,654814,659194,659193
669068,669068,671449,693030,773473,773473,773473,773473,773473,773473,773473,849974,871535,872376,872375
