# TIC 0198011271_morp_ 0.429_T0_ 1385.798661_P_ 1.9335604_analysis_6, none, Eclipse indices (see function measure_eclipses_dt).
# zeros_1, minimum_1, peaks_2_n, peaks_1, p_2_p, minimum_1_in, zeros_1_in, minimum_1_in_mid, zeros_1_in, minimum_1_in, p_2_p, peaks_1, peaks_2_n, minimum_1, zeros_1
635226,635226,640989,649316,657737,657737,657737,657737,657737,657737,657737,665919,674612,680239,680238
886550,886549,891074,899613,907738,907738,907738,907738,907738,907738,907738,915963,924465,928864,928863
