# TIC 0327121928_morp_ 0.259_T0_ 1769.917644_P_ 7.0465247_analysis_6, none, Eclipse indices (see function measure_eclipses_dt).
# zeros_1, minimum_1, peaks_2_n, peaks_1, p_2_p, minimum_1_in, zeros_1_in, minimum_1_in_mid, zeros_1_in, minimum_1_in, p_2_p, peaks_1, peaks_2_n, minimum_1, zeros_1
514793,514792,514835,515260,517394,517427,517427,521660,525894,525893,525927,528061,528487,528525,528525
766500,766500,766540,766965,769105,769128,769128,772522,775917,775917,775947,778086,778513,778547,778547
