# TIC 0356641568_morp_ 0.106_T0_ 1818.117921_P_ 11.4947793_analysis_6, none, Eclipse indices (see function measure_eclipses_dt).
# zeros_1, minimum_1, peaks_2_n, peaks_1, p_2_p, minimum_1_in, zeros_1_in, minimum_1_in_mid, zeros_1_in, minimum_1_in, p_2_p, peaks_1, peaks_2_n, minimum_1, zeros_1
39755,39754,40420,41307,42176,42940,42939,43622,44304,44304,45048,45914,46793,47481,47480
752140,752139,752605,753385,754176,754602,754601,755601,756600,756600,757039,757833,758626,759059,759059
