# TIC 0279918206_morp_ 0.398_T0_ 1684.348796_P_ 1.0837379_analysis_6, none, Eclipse indices (see function measure_eclipses_dt).
# zeros_1, minimum_1, peaks_2_n, peaks_1, p_2_p, minimum_1_in, zeros_1_in, minimum_1_in_mid, zeros_1_in, minimum_1_in, p_2_p, peaks_1, peaks_2_n, minimum_1, zeros_1
466088,466087,469858,477181,486130,486130,486130,486130,486130,486130,486130,495015,502417,505629,505628
716674,716674,719891,727272,736077,736077,736077,736077,736077,736077,736077,744917,752388,755239,755239
