# TIC 0422844353_morp_ 0.191_T0_ 1406.571074_P_ 13.2693897_analysis_6, none, Eclipse indices (see function measure_eclipses_dt).
# zeros_1, minimum_1, peaks_2_n, peaks_1, p_2_p, minimum_1_in, zeros_1_in, minimum_1_in_mid, zeros_1_in, minimum_1_in, p_2_p, peaks_1, peaks_2_n, minimum_1, zeros_1
528135,528134,528211,528996,529838,529838,529838,529838,529838,529838,529838,530625,531407,531439,531439
561246,561245,561297,562072,562861,562861,562861,562861,562861,562861,562861,566866,567646,567713,567712
