# TIC 0212344482_morp_ 0.639_T0_ 1326.659709_P_ 1.5050701_analysis_6, none, Eclipse indices (see function measure_eclipses_dt).
# zeros_1, minimum_1, peaks_2_n, peaks_1, p_2_p, minimum_1_in, zeros_1_in, minimum_1_in_mid, zeros_1_in, minimum_1_in, p_2_p, peaks_1, peaks_2_n, minimum_1, zeros_1
241540,320491,326616,339611,361706,361706,361706,361706,361706,361706,361706,383392,396120,401682,483620
483621,571811,576610,587120,601613,605353,605352,611638,617923,617923,621004,634538,646205,650572,741538
