# TIC 0069889494_morp_ 0.666_T0_ 1354.530540_P_ 0.5090071_analysis_6, none, Eclipse indices (see function measure_eclipses_dt).
# zeros_1, minimum_1, peaks_2_n, peaks_1, p_2_p, minimum_1_in, zeros_1_in, minimum_1_in_mid, zeros_1_in, minimum_1_in, p_2_p, peaks_1, peaks_2_n, minimum_1, zeros_1
352927,352927,424135,443254,472804,472804,472804,472804,472804,472804,472804,501904,522178,552306,605193
605194,605193,614763,684616,720847,720847,720847,720847,720847,720847,720847,758254,793204,852926,852926
