# TIC 0099465976_morp_ 0.631_T0_ 1325.355404_P_ 0.6243709_analysis_6, none, Eclipse indices (see function measure_eclipses_dt).
# zeros_1, minimum_1, peaks_2_n, peaks_1, p_2_p, minimum_1_in, zeros_1_in, minimum_1_in_mid, zeros_1_in, minimum_1_in, p_2_p, peaks_1, peaks_2_n, minimum_1, zeros_1
319009,370829,380354,404827,434209,434209,434209,434209,434209,434209,434209,464860,488458,497416,552188
552189,618333,631634,659279,684231,684231,684231,684231,684231,684231,684231,708964,737115,749487,819007
