# TIC 0121604042_morp_ 0.183_T0_ 1684.994944_P_ 4.4423249_analysis_6, none, Eclipse indices (see function measure_eclipses_dt).
# zeros_1, minimum_1, peaks_2_n, peaks_1, p_2_p, minimum_1_in, zeros_1_in, minimum_1_in_mid, zeros_1_in, minimum_1_in, p_2_p, peaks_1, peaks_2_n, minimum_1, zeros_1
24070,24069,24110,26242,28307,28432,28432,36206,43981,43981,44194,46246,48416,48418,48417
664799,664798,666764,669276,672454,672454,672454,672454,672454,672454,672454,675637,678128,680034,680033
