# TIC 0121604042_morp_ 0.183_T0_ 1684.994944_P_ 4.4423249_analysis_6, none, Eclipse indices (see function measure_eclipses_dt).
# zeros_1, minimum_1, peaks_2_n, peaks_1, p_2_p, minimum_1_in, zeros_1_in, minimum_1_in_mid, zeros_1_in, minimum_1_in, p_2_p, peaks_1, peaks_2_n, minimum_1, zeros_1
524067,524066,524109,526241,528307,528434,528433,536207,543981,543981,544194,546246,548417,548419,548418
664799,664799,666765,669276,672454,672454,672454,672454,672454,672454,672454,675637,678128,680034,680033
