# TIC 0159803421_morp_ 0.435_T0_ 1628.703896_P_ 0.5522213_analysis_6, none, Eclipse indices (see function measure_eclipses_dt).
# zeros_1, minimum_1, peaks_2_n, peaks_1, p_2_p, minimum_1_in, zeros_1_in, minimum_1_in_mid, zeros_1_in, minimum_1_in, p_2_p, peaks_1, peaks_2_n, minimum_1, zeros_1
495037,495037,501573,507565,515499,515499,515499,515499,515499,515499,515499,523431,529428,536949,536948
745735,745734,751757,757691,765504,765504,765504,765504,765504,765504,765504,773307,779247,786072,786071
