# TIC 0404927661_morp_ 0.108_T0_ 1333.977360_P_ 18.5362828_analysis_6, none, Eclipse indices (see function measure_eclipses_dt).
# zeros_1, minimum_1, peaks_2_n, peaks_1, p_2_p, minimum_1_in, zeros_1_in, minimum_1_in_mid, zeros_1_in, minimum_1_in, p_2_p, peaks_1, peaks_2_n, minimum_1, zeros_1
664171,666177,667706,668856,671204,671204,671204,671204,671204,671204,671204,674446,675630,676810,676809
779299,779299,779299,784791,786292,787445,787445,788673,789903,789902,790683,791716,796088,796211,796210
