# TIC 0165797593_morp_ 0.405_T0_ 1842.731333_P_ 0.3697210_analysis_6, none, Eclipse indices (see function measure_eclipses_dt).
# zeros_1, minimum_1, peaks_2_n, peaks_1, p_2_p, minimum_1_in, zeros_1_in, minimum_1_in_mid, zeros_1_in, minimum_1_in, p_2_p, peaks_1, peaks_2_n, minimum_1, zeros_1
141189,141188,141189,143925,224879,224879,224879,224879,224879,224879,224879,310588,359436,359438,359437
606851,606850,611822,617119,624008,624008,624008,624008,624008,624008,624008,630899,636198,641188,641187
