# TIC 0266958963_morp_ 0.141_T0_ 1563.602253_P_ 2.3628171_analysis_6, none, Eclipse indices (see function measure_eclipses_dt).
# zeros_1, minimum_1, peaks_2_n, peaks_1, p_2_p, minimum_1_in, zeros_1_in, minimum_1_in_mid, zeros_1_in, minimum_1_in, p_2_p, peaks_1, peaks_2_n, minimum_1, zeros_1
281493,281492,282295,286702,304249,304249,304249,304249,304249,304249,304249,312656,340800,340829,340829
596835,596834,600996,604993,610236,610236,610236,610236,610236,610236,610236,615487,619495,623571,623570
