# TIC 0271529113_morp_ 0.537_T0_ 1765.622203_P_ 2.3373656_analysis_6, none, Eclipse indices (see function measure_eclipses_dt).
# zeros_1, minimum_1, peaks_2_n, peaks_1, p_2_p, minimum_1_in, zeros_1_in, minimum_1_in_mid, zeros_1_in, minimum_1_in, p_2_p, peaks_1, peaks_2_n, minimum_1, zeros_1
358724,358723,367073,382140,398085,398085,398085,398085,398085,398085,398085,412715,429511,437052,437051
547021,607340,616052,634172,648364,648364,648364,648364,648364,648364,648364,661671,680417,689205,747198
