# TIC 0384812248_morp_ 0.663_T0_ 1791.652861_P_ 3.3653644_analysis_6, none, Eclipse indices (see function measure_eclipses_dt).
# zeros_1, minimum_1, peaks_2_n, peaks_1, p_2_p, minimum_1_in, zeros_1_in, minimum_1_in_mid, zeros_1_in, minimum_1_in, p_2_p, peaks_1, peaks_2_n, minimum_1, zeros_1
22407,22406,22409,22596,52868,52868,52868,52868,52868,52868,52868,83938,84124,84182,84182
293306,293305,293353,293539,294474,294520,294519,339615,384710,384710,384717,384904,385091,385098,385097
