# TIC 0450276745_morp_ 0.585_T0_ 1570.782528_P_ 1.2664780_analysis_6, none, Eclipse indices (see function measure_eclipses_dt).
# zeros_1, minimum_1, peaks_2_n, peaks_1, p_2_p, minimum_1_in, zeros_1_in, minimum_1_in_mid, zeros_1_in, minimum_1_in, p_2_p, peaks_1, peaks_2_n, minimum_1, zeros_1
392007,392006,407420,425070,447385,447385,447385,447385,447385,447385,447385,469874,487526,498709,498708
640317,640316,658647,675603,697617,697617,697617,697617,697617,697617,697617,719855,736924,749736,749736
