# TIC 0280110726_morp_ 0.285_T0_ 1471.337689_P_ 15.8896273_analysis_6, none, Eclipse indices (see function measure_eclipses_dt).
# zeros_1, minimum_1, peaks_2_n, peaks_1, p_2_p, minimum_1_in, zeros_1_in, minimum_1_in_mid, zeros_1_in, minimum_1_in, p_2_p, peaks_1, peaks_2_n, minimum_1, zeros_1
132820,132819,141063,146685,153983,153983,153983,153983,153983,153983,153983,161370,167468,169172,169172
235435,235434,236973,242760,249143,249143,249143,249143,249143,249143,249143,256726,262705,265940,265939
