# TIC 0664915372_morp_ 0.222_T0_ 1817.448313_P_ 2.9716118_analysis_6, none, Eclipse indices (see function measure_eclipses_dt).
# zeros_1, minimum_1, peaks_2_n, peaks_1, p_2_p, minimum_1_in, zeros_1_in, minimum_1_in_mid, zeros_1_in, minimum_1_in, p_2_p, peaks_1, peaks_2_n, minimum_1, zeros_1
101213,101212,103961,106816,110515,110515,110515,110515,110515,110515,110515,114256,117110,119934,119934
351955,351954,354257,356998,360510,360510,360510,360510,360510,360510,360510,364062,366790,369239,369238
