# TIC 0134522557_morp_ 0.294_T0_ 1495.456441_P_ 5.7275413_analysis_6, none, Eclipse indices (see function measure_eclipses_dt).
# zeros_1, minimum_1, peaks_2_n, peaks_1, p_2_p, minimum_1_in, zeros_1_in, minimum_1_in_mid, zeros_1_in, minimum_1_in, p_2_p, peaks_1, peaks_2_n, minimum_1, zeros_1
102961,102961,103328,110518,133980,133980,133980,133980,133980,133980,133980,160582,167278,167280,167279
910073,910073,934348,939510,946586,946586,946586,946586,946586,946586,946586,974230,980310,982161,982161
