# TIC 0083833793_morp_ 0.583_T0_ 1601.474772_P_ 2.1734806_analysis_6, none, Eclipse indices (see function measure_eclipses_dt).
# zeros_1, minimum_1, peaks_2_n, peaks_1, p_2_p, minimum_1_in, zeros_1_in, minimum_1_in_mid, zeros_1_in, minimum_1_in, p_2_p, peaks_1, peaks_2_n, minimum_1, zeros_1
562174,562173,564941,571114,575844,578365,578364,589825,599736,601285,606055,611474,616665,619239,619238
813375,813375,815280,818613,826593,829704,840511,838959,848215,848215,855561,858614,866824,868787,868786
