# TIC 0416264037_morp_ 0.625_T0_ 1684.142487_P_ 1.1599620_analysis_6, none, Eclipse indices (see function measure_eclipses_dt).
# zeros_1, minimum_1, peaks_2_n, peaks_1, p_2_p, minimum_1_in, zeros_1_in, minimum_1_in_mid, zeros_1_in, minimum_1_in, p_2_p, peaks_1, peaks_2_n, minimum_1, zeros_1
74442,74442,87022,92783,98538,111385,111385,122306,133227,133227,146376,152162,157943,169775,169775
333392,333391,337801,343134,348192,354535,365472,372240,379198,389945,396619,401694,407079,411814,411813
