# TIC 0259671983_morp_ 0.496_T0_ 1712.862853_P_ 1.8737817_analysis_6, none, Eclipse indices (see function measure_eclipses_dt).
# zeros_1, minimum_1, peaks_2_n, peaks_1, p_2_p, minimum_1_in, zeros_1_in, minimum_1_in_mid, zeros_1_in, minimum_1_in, p_2_p, peaks_1, peaks_2_n, minimum_1, zeros_1
442710,442710,446176,450619,453995,463863,463863,468544,473227,473226,475942,479765,483819,485863,485862
589097,589096,590106,593728,636520,636520,636520,636520,636520,636520,636520,646761,650010,650711,650710
