# TIC 0033742428_morp_ 0.519_T0_ 1469.016174_P_ 4.9782121_analysis_6, none, Eclipse indices (see function measure_eclipses_dt).
# zeros_1, minimum_1, peaks_2_n, peaks_1, p_2_p, minimum_1_in, zeros_1_in, minimum_1_in_mid, zeros_1_in, minimum_1_in, p_2_p, peaks_1, peaks_2_n, minimum_1, zeros_1
202110,202109,204817,207344,221894,221894,221894,221894,221894,221894,221894,243422,401099,403025,403025
950016,950016,952799,957986,971684,971684,971684,971684,971684,971684,971684,984785,990247,992355,992354
