# TIC 0286310836_morp_ 0.320_T0_ 1545.836063_P_ 8.3748025_analysis_6, none, Eclipse indices (see function measure_eclipses_dt).
# zeros_1, minimum_1, peaks_2_n, peaks_1, p_2_p, minimum_1_in, zeros_1_in, minimum_1_in_mid, zeros_1_in, minimum_1_in, p_2_p, peaks_1, peaks_2_n, minimum_1, zeros_1
133064,133063,144842,150660,158940,158940,158940,158940,158940,158940,158940,167511,174934,179552,179551
355479,355478,361095,366264,373071,373071,373071,373071,373071,373071,373071,379881,385170,389620,389620
