# TIC 0459293335_morp_ 0.486_T0_ 1570.533008_P_ 1.2092164_analysis_6, none, Eclipse indices (see function measure_eclipses_dt).
# zeros_1, minimum_1, peaks_2_n, peaks_1, p_2_p, minimum_1_in, zeros_1_in, minimum_1_in_mid, zeros_1_in, minimum_1_in, p_2_p, peaks_1, peaks_2_n, minimum_1, zeros_1
148105,148105,155472,176449,201508,201508,201508,201508,201508,201508,201508,224152,243790,250946,250945
384996,384996,401413,422851,450265,450265,450265,450265,450265,450265,450265,478191,500182,515159,515158
