# TIC 0295885511_morp_ 0.475_T0_ 1571.944387_P_ 5.0547566_analysis_6, none, Eclipse indices (see function measure_eclipses_dt).
# zeros_1, minimum_1, peaks_2_n, peaks_1, p_2_p, minimum_1_in, zeros_1_in, minimum_1_in_mid, zeros_1_in, minimum_1_in, p_2_p, peaks_1, peaks_2_n, minimum_1, zeros_1
442601,442600,445518,456011,484630,484630,484630,484630,484630,484630,484630,493638,501828,501830,501829
804459,804458,811059,820233,840010,840010,840010,840010,840010,840010,840010,859335,868428,875863,875862
