# KIC07890379_morp_0.92_T0_55000.252101_P_0.3451272_analysis_6, none, Eclipse indices (see function measure_eclipses_dt).
# zeros_1, minimum_1, peaks_2_n, peaks_1, p_2_p, minimum_1_in, zeros_1_in, minimum_1_in_mid, zeros_1_in, minimum_1_in, p_2_p, peaks_1, peaks_2_n, minimum_1, zeros_1
428192,428191,428192,487297,548648,548648,548648,548648,548648,548648,548648,607146,664889,664890,664890
664891,664890,666301,729146,795736,795736,795736,795736,795736,795736,795736,863813,925797,928191,928190
