# TIC 0163965682_morp_ 0.775_T0_ 1711.050510_P_ 0.7858484_analysis_6, none, Eclipse indices (see function measure_eclipses_dt).
# zeros_1, minimum_1, peaks_2_n, peaks_1, p_2_p, minimum_1_in, zeros_1_in, minimum_1_in_mid, zeros_1_in, minimum_1_in, p_2_p, peaks_1, peaks_2_n, minimum_1, zeros_1
389671,389671,462256,476034,510855,510855,510855,510855,510855,510855,510855,551119,633356,633660,633660
644426,646165,646656,728891,763401,763401,763401,763401,763401,763401,763401,796377,812056,880758,880758
