# TIC 0066786762_morp_ 0.246_T0_ 1742.485044_P_ 16.6888008_analysis_6, none, Eclipse indices (see function measure_eclipses_dt).
# zeros_1, minimum_1, peaks_2_n, peaks_1, p_2_p, minimum_1_in, zeros_1_in, minimum_1_in_mid, zeros_1_in, minimum_1_in, p_2_p, peaks_1, peaks_2_n, minimum_1, zeros_1
365666,365665,366790,368212,369595,371061,371061,373734,376407,376407,377888,379274,380723,381740,381739
976144,976144,976985,978343,979580,982658,982657,986481,990306,990305,991493,992779,994087,995103,995103
