# TIC 0396615018_morp_ 0.542_T0_ 1791.862737_P_ 1.6312488_analysis_6, none, Eclipse indices (see function measure_eclipses_dt).
# zeros_1, minimum_1, peaks_2_n, peaks_1, p_2_p, minimum_1_in, zeros_1_in, minimum_1_in_mid, zeros_1_in, minimum_1_in, p_2_p, peaks_1, peaks_2_n, minimum_1, zeros_1
430958,430958,432339,434712,436979,439177,439176,445230,451284,451284,451744,453740,455836,456097,456096
456097,456097,456097,458118,464923,464923,464923,464923,464923,464923,464923,469075,471414,473010,473009
