# TIC 0254003502_morp_ 0.824_T0_ 1656.886837_P_ 0.5914569_analysis_6, none, Eclipse indices (see function measure_eclipses_dt).
# zeros_1, minimum_1, peaks_2_n, peaks_1, p_2_p, minimum_1_in, zeros_1_in, minimum_1_in_mid, zeros_1_in, minimum_1_in, p_2_p, peaks_1, peaks_2_n, minimum_1, zeros_1
226740,226739,296418,311290,346349,346349,346349,346349,346349,346349,346349,388334,408031,471586,471585
471586,471586,542303,557651,599306,599306,599306,599306,599306,599306,599306,643550,663593,726739,726738
