# TIC 0161563111_morp_ 0.701_T0_ 1683.994324_P_ 0.7177675_analysis_6, none, Eclipse indices (see function measure_eclipses_dt).
# zeros_1, minimum_1, peaks_2_n, peaks_1, p_2_p, minimum_1_in, zeros_1_in, minimum_1_in_mid, zeros_1_in, minimum_1_in, p_2_p, peaks_1, peaks_2_n, minimum_1, zeros_1
128567,128567,128567,222968,256277,256277,256277,256277,256277,256277,256277,290083,315355,378065,378064
378065,378065,454452,478843,506277,506277,506277,506277,506277,506277,506277,534467,559421,628566,628566
