# TIC 0103573024_morp_ 0.678_T0_ 1726.543674_P_ 21.5587749_analysis_6, none, Eclipse indices (see function measure_eclipses_dt).
# zeros_1, minimum_1, peaks_2_n, peaks_1, p_2_p, minimum_1_in, zeros_1_in, minimum_1_in_mid, zeros_1_in, minimum_1_in, p_2_p, peaks_1, peaks_2_n, minimum_1, zeros_1
240286,240285,240294,240426,241081,241092,241091,256665,272239,272238,272250,272905,273037,273047,273046
396795,396794,396795,396925,397054,397056,397055,460154,523252,523252,523266,523920,524052,524063,524063
