# TIC 0347506869_morp_ 0.413_T0_ 1525.852953_P_ 10.3149658_analysis_6, none, Eclipse indices (see function measure_eclipses_dt).
# zeros_1, minimum_1, peaks_2_n, peaks_1, p_2_p, minimum_1_in, zeros_1_in, minimum_1_in_mid, zeros_1_in, minimum_1_in, p_2_p, peaks_1, peaks_2_n, minimum_1, zeros_1
83276,83275,86170,93701,100062,100062,100062,100062,100062,100062,100062,106997,114609,117201,117200
333510,333509,335926,342837,346451,349324,349323,350426,351529,351529,354395,358045,364797,367175,367174
