# TIC 0266816672_morp_ 0.726_T0_ 1386.044708_P_ 0.3031493_analysis_6, none, Eclipse indices (see function measure_eclipses_dt).
# zeros_1, minimum_1, peaks_2_n, peaks_1, p_2_p, minimum_1_in, zeros_1_in, minimum_1_in_mid, zeros_1_in, minimum_1_in, p_2_p, peaks_1, peaks_2_n, minimum_1, zeros_1
242402,242401,319192,342115,371545,371545,371545,371545,371545,371545,371545,400350,424797,499399,499399
499400,499399,570259,588863,623005,623005,623005,623005,623005,623005,623005,652217,675302,742401,742400
