# TIC 0155989956_morp_ 0.045_T0_ 1361.782359_P_ 17.8592472_analysis_6, none, Eclipse indices (see function measure_eclipses_dt).
# zeros_1, minimum_1, peaks_2_n, peaks_1, p_2_p, minimum_1_in, zeros_1_in, minimum_1_in_mid, zeros_1_in, minimum_1_in, p_2_p, peaks_1, peaks_2_n, minimum_1, zeros_1
282969,282969,282969,282988,283006,283008,283007,285835,288664,288663,288664,288683,288701,288702,288702
849288,849288,849288,849307,849327,849327,849327,849327,849327,849327,849327,849346,849364,849366,849365
