# TIC 0272086869_morp_ 0.193_T0_ 1627.981518_P_ 3.9826984_analysis_6, none, Eclipse indices (see function measure_eclipses_dt).
# zeros_1, minimum_1, peaks_2_n, peaks_1, p_2_p, minimum_1_in, zeros_1_in, minimum_1_in_mid, zeros_1_in, minimum_1_in, p_2_p, peaks_1, peaks_2_n, minimum_1, zeros_1
539122,539121,542704,546350,551073,551073,551073,551073,551073,551073,551073,555779,559345,563146,563145
762749,762748,765495,769004,773487,773487,773487,773487,773487,773487,773487,777966,781464,784226,784226
