# TIC 0025156751_morp_ 0.445_T0_ 1519.753163_P_ 1.7431151_analysis_6, none, Eclipse indices (see function measure_eclipses_dt).
# zeros_1, minimum_1, peaks_2_n, peaks_1, p_2_p, minimum_1_in, zeros_1_in, minimum_1_in_mid, zeros_1_in, minimum_1_in, p_2_p, peaks_1, peaks_2_n, minimum_1, zeros_1
108480,108479,118472,134064,153516,153516,153516,153516,153516,153516,153516,172133,187662,194561,194561
194562,194561,194562,205919,219815,219815,219815,219815,219815,219815,219815,233755,247109,249827,249827
