# TIC 0268289462_morp_ 0.447_T0_ 1682.908634_P_ 3.5050448_analysis_6, none, Eclipse indices (see function measure_eclipses_dt).
# zeros_1, minimum_1, peaks_2_n, peaks_1, p_2_p, minimum_1_in, zeros_1_in, minimum_1_in_mid, zeros_1_in, minimum_1_in, p_2_p, peaks_1, peaks_2_n, minimum_1, zeros_1
185254,185253,188272,197715,205137,205137,205137,205137,205137,205137,205137,212740,222123,225020,225019
435318,435317,438259,447295,455108,455108,455108,455108,455108,455108,455108,463129,472145,475063,475062
