# TIC 0373128383_morp_ 0.542_T0_ 1793.451682_P_ 2.0868325_analysis_6, none, Eclipse indices (see function measure_eclipses_dt).
# zeros_1, minimum_1, peaks_2_n, peaks_1, p_2_p, minimum_1_in, zeros_1_in, minimum_1_in_mid, zeros_1_in, minimum_1_in, p_2_p, peaks_1, peaks_2_n, minimum_1, zeros_1
601675,601674,604202,612998,622733,622733,622733,622733,622733,622733,622733,633274,642493,644803,644802
644803,644803,644803,653222,664186,664186,664186,664186,664186,664186,664186,691126,703589,703591,703590
