# TIC 0288507910_morp_ 0.078_T0_ 1873.584841_P_ 16.6954722_analysis_6, none, Eclipse indices (see function measure_eclipses_dt).
# zeros_1, minimum_1, peaks_2_n, peaks_1, p_2_p, minimum_1_in, zeros_1_in, minimum_1_in_mid, zeros_1_in, minimum_1_in, p_2_p, peaks_1, peaks_2_n, minimum_1, zeros_1
210282,210282,210289,210515,210832,210834,210833,212479,214126,214125,214131,214405,214679,214684,214683
499270,499270,499273,499549,499825,499829,499829,504187,508546,508546,508552,508828,509104,509112,509111
