# TIC 0035857242_morp_ 0.363_T0_ 1413.316885_P_ 3.6344345_analysis_6, none, Eclipse indices (see function measure_eclipses_dt).
# zeros_1, minimum_1, peaks_2_n, peaks_1, p_2_p, minimum_1_in, zeros_1_in, minimum_1_in_mid, zeros_1_in, minimum_1_in, p_2_p, peaks_1, peaks_2_n, minimum_1, zeros_1
454652,454652,454652,458221,461876,461876,461876,461876,461876,461876,461876,465356,468846,468942,468941
610513,610512,610513,613973,617608,617608,617608,617608,617608,617608,617608,621128,624569,624871,624870
