# TIC 0165626871_morp_ 0.117_T0_ 1745.052241_P_ 8.2570926_analysis_6, none, Eclipse indices (see function measure_eclipses_dt).
# zeros_1, minimum_1, peaks_2_n, peaks_1, p_2_p, minimum_1_in, zeros_1_in, minimum_1_in_mid, zeros_1_in, minimum_1_in, p_2_p, peaks_1, peaks_2_n, minimum_1, zeros_1
486249,486248,487589,489702,492936,492936,492936,492936,492936,492936,492936,496224,498283,499607,499607
768198,768197,769514,771482,774979,774979,774979,774979,774979,774979,774979,778639,780398,782506,782505
