# TIC 0176406202_morp_ 0.452_T0_ 1468.623835_P_ 1.5144824_analysis_6, none, Eclipse indices (see function measure_eclipses_dt).
# zeros_1, minimum_1, peaks_2_n, peaks_1, p_2_p, minimum_1_in, zeros_1_in, minimum_1_in_mid, zeros_1_in, minimum_1_in, p_2_p, peaks_1, peaks_2_n, minimum_1, zeros_1
201640,201640,208780,224869,244084,244084,244084,244084,244084,244084,244084,263701,279896,287210,287209
447164,447163,456449,473264,493737,493737,493737,493737,493737,493737,493737,514334,531535,538966,538965
