# TIC 0176406202_morp_ 0.452_T0_ 1468.623835_P_ 1.5144824_analysis_6, none, Eclipse indices (see function measure_eclipses_dt).
# zeros_1, minimum_1, peaks_2_n, peaks_1, p_2_p, minimum_1_in, zeros_1_in, minimum_1_in_mid, zeros_1_in, minimum_1_in, p_2_p, peaks_1, peaks_2_n, minimum_1, zeros_1
191710,191709,193662,214807,236814,236814,236814,236814,236814,236814,236814,259308,281160,282027,282027
373353,409303,438121,458400,486725,486725,486725,486725,486725,486725,486725,515350,536332,563992,605975
