# TIC 0356820646_morp_ 0.636_T0_ 1683.388863_P_ 0.7943807_analysis_6, none, Eclipse indices (see function measure_eclipses_dt).
# zeros_1, minimum_1, peaks_2_n, peaks_1, p_2_p, minimum_1_in, zeros_1_in, minimum_1_in_mid, zeros_1_in, minimum_1_in, p_2_p, peaks_1, peaks_2_n, minimum_1, zeros_1
214925,246231,269856,290670,317873,317873,317873,317873,317873,317873,317873,344635,366039,388909,420325
420326,502062,516506,530836,567592,567592,567592,567592,567592,567592,567592,606000,620615,634767,714924
