# TIC 0328862783_morp_ 0.191_T0_ 1905.406458_P_ 10.1307743_analysis_6, none, Eclipse indices (see function measure_eclipses_dt).
# zeros_1, minimum_1, peaks_2_n, peaks_1, p_2_p, minimum_1_in, zeros_1_in, minimum_1_in_mid, zeros_1_in, minimum_1_in, p_2_p, peaks_1, peaks_2_n, minimum_1, zeros_1
110506,110506,113773,121269,130275,130275,130275,130275,130275,130275,130275,139060,146257,150003,150002
172254,172253,173674,180569,188062,188062,188062,188062,188062,188062,188062,196931,204871,206521,206520
