# TIC 0161083755_morp_ 0.913_T0_ 1656.322950_P_ 0.3139064_analysis_6, none, Eclipse indices (see function measure_eclipses_dt).
# zeros_1, minimum_1, peaks_2_n, peaks_1, p_2_p, minimum_1_in, zeros_1_in, minimum_1_in_mid, zeros_1_in, minimum_1_in, p_2_p, peaks_1, peaks_2_n, minimum_1, zeros_1
142830,202900,204633,224601,244378,251289,253089,266123,280958,280957,286425,306165,316780,318572,392043
395745,460122,461641,481731,515493,515493,515493,515493,515493,515493,515493,548958,564456,566036,639378
