# TIC 0352964170_morp_ 0.481_T0_ 1712.117382_P_ 2.4004738_analysis_6, none, Eclipse indices (see function measure_eclipses_dt).
# zeros_1, minimum_1, peaks_2_n, peaks_1, p_2_p, minimum_1_in, zeros_1_in, minimum_1_in_mid, zeros_1_in, minimum_1_in, p_2_p, peaks_1, peaks_2_n, minimum_1, zeros_1
177173,177172,180673,190485,200302,200302,200302,200302,200302,200302,200302,210074,219851,223376,223375
427194,427194,430554,440091,450241,450241,450241,450241,450241,450241,450241,460367,469991,473469,473468
