# TIC 0286566392_morp_ 0.552_T0_ 1791.828375_P_ 1.4467198_analysis_6, none, Eclipse indices (see function measure_eclipses_dt).
# zeros_1, minimum_1, peaks_2_n, peaks_1, p_2_p, minimum_1_in, zeros_1_in, minimum_1_in_mid, zeros_1_in, minimum_1_in, p_2_p, peaks_1, peaks_2_n, minimum_1, zeros_1
654274,654274,661417,676962,690256,690256,690256,690256,690256,690256,690256,703775,719381,725241,725241
915960,915959,922105,938944,953231,953231,953231,953231,953231,953231,953231,967437,983963,992279,992278
