# TIC 0026542657_morp_ 0.175_T0_ 1685.721193_P_ 11.0047721_analysis_6, none, Eclipse indices (see function measure_eclipses_dt).
# zeros_1, minimum_1, peaks_2_n, peaks_1, p_2_p, minimum_1_in, zeros_1_in, minimum_1_in_mid, zeros_1_in, minimum_1_in, p_2_p, peaks_1, peaks_2_n, minimum_1, zeros_1
670166,670166,671751,673621,678555,678555,678555,678555,678555,678555,678555,683493,685406,686689,686689
931931,931930,933585,935710,940441,940441,940441,940441,940441,940441,940441,945085,947203,948943,948943
