# TIC 0468948126_morp_ 0.517_T0_ 1493.901675_P_ 2.3064104_analysis_6, none, Eclipse indices (see function measure_eclipses_dt).
# zeros_1, minimum_1, peaks_2_n, peaks_1, p_2_p, minimum_1_in, zeros_1_in, minimum_1_in_mid, zeros_1_in, minimum_1_in, p_2_p, peaks_1, peaks_2_n, minimum_1, zeros_1
130156,130156,130156,132003,138527,138528,138528,153360,168194,168193,168194,183367,191112,191621,191621
568097,568096,572666,574895,577248,578875,578874,590747,602620,602619,604195,606518,608764,610820,610820
