# TIC 0073723286_morp_ 0.102_T0_ 1547.302548_P_ 14.0655737_analysis_6, none, Eclipse indices (see function measure_eclipses_dt).
# zeros_1, minimum_1, peaks_2_n, peaks_1, p_2_p, minimum_1_in, zeros_1_in, minimum_1_in_mid, zeros_1_in, minimum_1_in, p_2_p, peaks_1, peaks_2_n, minimum_1, zeros_1
119764,119764,119774,119803,119948,119958,119958,127476,134994,134994,135006,135035,135064,135077,135077
174238,174522,175153,176126,177879,177879,177879,177879,177879,177879,177879,179674,180639,180926,181572
