# TIC 0122707747_morp_ 0.262_T0_ 1686.381530_P_ 10.1662230_analysis_6, none, Eclipse indices (see function measure_eclipses_dt).
# zeros_1, minimum_1, peaks_2_n, peaks_1, p_2_p, minimum_1_in, zeros_1_in, minimum_1_in_mid, zeros_1_in, minimum_1_in, p_2_p, peaks_1, peaks_2_n, minimum_1, zeros_1
5631,5630,5632,5704,5776,5778,5777,11503,17229,17229,17230,17302,17373,17375,17375
467541,467540,467545,467616,467974,467979,467978,475706,483434,483433,483438,483796,483868,483873,483872
