# TIC 0059038877_morp_ 0.726_T0_ 1439.006043_P_ 0.3053691_analysis_6, none, Eclipse indices (see function measure_eclipses_dt).
# zeros_1, minimum_1, peaks_2_n, peaks_1, p_2_p, minimum_1_in, zeros_1_in, minimum_1_in_mid, zeros_1_in, minimum_1_in, p_2_p, peaks_1, peaks_2_n, minimum_1, zeros_1
87763,87763,152196,182423,210609,210609,210609,210609,210609,210609,210609,235210,266770,333477,333476
333477,380270,413266,432595,450176,455773,455773,459495,463218,463218,468729,485267,504761,536015,587762
