# TIC 0443494454_morp_ 0.410_T0_ 1543.845207_P_ 3.5755330_analysis_6, none, Eclipse indices (see function measure_eclipses_dt).
# zeros_1, minimum_1, peaks_2_n, peaks_1, p_2_p, minimum_1_in, zeros_1_in, minimum_1_in_mid, zeros_1_in, minimum_1_in, p_2_p, peaks_1, peaks_2_n, minimum_1, zeros_1
346393,346393,350277,355466,362014,362014,362014,362014,362014,362014,362014,368585,373731,377577,377577
597047,597047,601437,606090,612110,612110,612110,612110,612110,612110,612110,618272,623117,626354,626353
