# TIC 0310897084_morp_ 0.541_T0_ 1816.770269_P_ 0.8191055_analysis_6, none, Eclipse indices (see function measure_eclipses_dt).
# zeros_1, minimum_1, peaks_2_n, peaks_1, p_2_p, minimum_1_in, zeros_1_in, minimum_1_in_mid, zeros_1_in, minimum_1_in, p_2_p, peaks_1, peaks_2_n, minimum_1, zeros_1
25565,25564,40992,55853,75522,75522,75522,75522,75522,75522,75522,94979,110040,121708,121707
775646,775646,787417,804124,825393,825393,825393,825393,825393,825393,825393,846228,862765,873811,873811
