# TIC 0207085748_morp_ 0.741_T0_ 1354.329347_P_ 0.3623789_analysis_6, none, Eclipse indices (see function measure_eclipses_dt).
# zeros_1, minimum_1, peaks_2_n, peaks_1, p_2_p, minimum_1_in, zeros_1_in, minimum_1_in_mid, zeros_1_in, minimum_1_in, p_2_p, peaks_1, peaks_2_n, minimum_1, zeros_1
150408,150407,197432,229072,272215,272215,272215,272215,272215,272215,272215,315179,346485,400407,400407
400408,400407,447432,479072,522215,522215,522215,522215,522215,522215,522215,565179,596485,650407,650406
