# TIC 0362103921_morp_ 0.625_T0_ 1814.281949_P_ 10.0954209_analysis_6, none, Eclipse indices (see function measure_eclipses_dt).
# zeros_1, minimum_1, peaks_2_n, peaks_1, p_2_p, minimum_1_in, zeros_1_in, minimum_1_in_mid, zeros_1_in, minimum_1_in, p_2_p, peaks_1, peaks_2_n, minimum_1, zeros_1
319338,319337,319342,319650,319956,319958,319957,320581,321205,321205,321208,321519,321830,321831,321831
579646,579646,579648,579958,580267,580269,580268,582755,585242,585241,585242,585544,585847,585858,585857
