# TIC 0450089997_morp_ 0.663_T0_ 1439.274072_P_ 2.4617875_analysis_6, none, Eclipse indices (see function measure_eclipses_dt).
# zeros_1, minimum_1, peaks_2_n, peaks_1, p_2_p, minimum_1_in, zeros_1_in, minimum_1_in_mid, zeros_1_in, minimum_1_in, p_2_p, peaks_1, peaks_2_n, minimum_1, zeros_1
540216,611775,615312,625253,651285,651285,651285,651285,651285,651285,651285,669446,679794,683076,689996
855769,863012,866475,872796,879605,884841,884840,899415,913990,913989,915890,925131,929930,933036,999999
