# TIC 0420137341_morp_ 0.883_T0_ 1931.550424_P_ 0.3758511_analysis_6, none, Eclipse indices (see function measure_eclipses_dt).
# zeros_1, minimum_1, peaks_2_n, peaks_1, p_2_p, minimum_1_in, zeros_1_in, minimum_1_in_mid, zeros_1_in, minimum_1_in, p_2_p, peaks_1, peaks_2_n, minimum_1, zeros_1
495373,495372,507675,576728,618575,618575,618575,618575,618575,618575,618575,660274,730840,743801,743801
743802,743801,743802,822504,869172,869172,869172,869172,869172,869172,869172,919033,995370,995372,995371
