# TIC 0122224804_morp_ 0.412_T0_ 1685.985385_P_ 2.9764739_analysis_6, none, Eclipse indices (see function measure_eclipses_dt).
# zeros_1, minimum_1, peaks_2_n, peaks_1, p_2_p, minimum_1_in, zeros_1_in, minimum_1_in_mid, zeros_1_in, minimum_1_in, p_2_p, peaks_1, peaks_2_n, minimum_1, zeros_1
309645,309644,309645,330309,343457,343457,343457,343457,343457,343457,343457,354432,357170,357882,357881
480452,480452,484144,499676,505927,505927,505927,505927,505927,505927,505927,512265,527483,531626,531625
