# TIC 0181463644_morp_ 0.600_T0_ 1519.582965_P_ 2.7273558_analysis_6, none, Eclipse indices (see function measure_eclipses_dt).
# zeros_1, minimum_1, peaks_2_n, peaks_1, p_2_p, minimum_1_in, zeros_1_in, minimum_1_in_mid, zeros_1_in, minimum_1_in, p_2_p, peaks_1, peaks_2_n, minimum_1, zeros_1
433595,433595,433595,437704,441821,441823,441822,513439,585057,585056,587831,592379,597288,598780,598780
710312,710312,711491,716397,720968,723138,723137,823156,923175,923174,923436,928298,932965,933594,933594
