# TIC 0193728983_morp_ 0.769_T0_ 1983.584207_P_ 0.4549953_analysis_6, none, Eclipse indices (see function measure_eclipses_dt).
# zeros_1, minimum_1, peaks_2_n, peaks_1, p_2_p, minimum_1_in, zeros_1_in, minimum_1_in_mid, zeros_1_in, minimum_1_in, p_2_p, peaks_1, peaks_2_n, minimum_1, zeros_1
45394,45393,127666,138269,168662,168662,168662,168662,168662,168662,168662,195019,230282,291053,291053
291054,291053,377085,386875,420336,420336,420336,420336,420336,420336,420336,453250,463837,545393,545392
