# TIC 0316633520_morp_ 0.535_T0_ 2014.600219_P_ 4.6419811_analysis_6, none, Eclipse indices (see function measure_eclipses_dt).
# zeros_1, minimum_1, peaks_2_n, peaks_1, p_2_p, minimum_1_in, zeros_1_in, minimum_1_in_mid, zeros_1_in, minimum_1_in, p_2_p, peaks_1, peaks_2_n, minimum_1, zeros_1
355030,356748,356836,358311,367769,367857,368546,378876,389215,389896,389984,392847,400570,400638,400637
591070,591070,591129,615514,622732,622732,622732,622732,622732,622732,622732,641023,642500,672887,672887
