# TIC 0342782002_morp_ 0.547_T0_ 1625.499937_P_ 1.0971318_analysis_6, none, Eclipse indices (see function measure_eclipses_dt).
# zeros_1, minimum_1, peaks_2_n, peaks_1, p_2_p, minimum_1_in, zeros_1_in, minimum_1_in_mid, zeros_1_in, minimum_1_in, p_2_p, peaks_1, peaks_2_n, minimum_1, zeros_1
243845,243844,243845,285511,327178,327178,327178,327178,327178,327178,327178,368844,410509,410511,410510
577178,577177,577178,618844,660511,660511,660511,660511,660511,660511,660511,702177,743842,743844,743843
