# TIC 0089543393_morp_ 0.691_T0_ 1354.253223_P_ 0.4707912_analysis_6, none, Eclipse indices (see function measure_eclipses_dt).
# zeros_1, minimum_1, peaks_2_n, peaks_1, p_2_p, minimum_1_in, zeros_1_in, minimum_1_in_mid, zeros_1_in, minimum_1_in, p_2_p, peaks_1, peaks_2_n, minimum_1, zeros_1
249950,249950,310739,328889,372992,372992,372992,372992,372992,372992,372992,416740,434778,497184,497184
497185,497185,565267,592022,622579,622579,622579,622579,622579,622579,622579,653412,679752,749949,749949
