# TIC 0031107108_morp_ 0.644_T0_ 1412.956860_P_ 4.0481965_analysis_6, none, Eclipse indices (see function measure_eclipses_dt).
# zeros_1, minimum_1, peaks_2_n, peaks_1, p_2_p, minimum_1_in, zeros_1_in, minimum_1_in_mid, zeros_1_in, minimum_1_in, p_2_p, peaks_1, peaks_2_n, minimum_1, zeros_1
380685,395230,399406,462263,502743,502743,502743,502743,502743,502743,502743,529243,534726,627774,627774
627775,716041,722611,729828,753437,753437,753437,753437,753437,753437,753437,776879,784059,790710,880683
