# TIC 0192111972_morp_ 0.076_T0_ 1865.170886_P_ 22.8434607_analysis_6, none, Eclipse indices (see function measure_eclipses_dt).
# zeros_1, minimum_1, peaks_2_n, peaks_1, p_2_p, minimum_1_in, zeros_1_in, minimum_1_in_mid, zeros_1_in, minimum_1_in, p_2_p, peaks_1, peaks_2_n, minimum_1, zeros_1
740937,740936,740939,740955,741034,741037,741036,742786,744536,744535,744537,744617,744633,744635,744635
841054,841054,841056,841072,841152,841154,841153,841345,841536,841536,841538,841618,841634,841637,841636
