# TIC 0054957535_morp_ 0.656_T0_ 1517.761504_P_ 0.7928444_analysis_6, none, Eclipse indices (see function measure_eclipses_dt).
# zeros_1, minimum_1, peaks_2_n, peaks_1, p_2_p, minimum_1_in, zeros_1_in, minimum_1_in_mid, zeros_1_in, minimum_1_in, p_2_p, peaks_1, peaks_2_n, minimum_1, zeros_1
208335,208334,214176,276200,341780,341780,341780,341780,341780,341780,341780,406573,468106,474080,474080
474081,474080,474081,531266,590352,590352,590352,590352,590352,590352,590352,650507,708332,708334,708333
