# TIC 0141943694_morp_ 0.380_T0_ 1599.693138_P_ 1.8345625_analysis_6, none, Eclipse indices (see function measure_eclipses_dt).
# zeros_1, minimum_1, peaks_2_n, peaks_1, p_2_p, minimum_1_in, zeros_1_in, minimum_1_in_mid, zeros_1_in, minimum_1_in, p_2_p, peaks_1, peaks_2_n, minimum_1, zeros_1
300060,300060,304247,312471,322437,322437,322437,322437,322437,322437,322437,332461,340700,344711,344710
844711,844710,844711,850534,857794,857794,857794,857794,857794,857794,857794,864773,871812,872526,872526
