# TIC 0272079818_morp_ 0.972_T0_ 1683.762623_P_ 0.4423686_analysis_6, none, Eclipse indices (see function measure_eclipses_dt).
# zeros_1, minimum_1, peaks_2_n, peaks_1, p_2_p, minimum_1_in, zeros_1_in, minimum_1_in_mid, zeros_1_in, minimum_1_in, p_2_p, peaks_1, peaks_2_n, minimum_1, zeros_1
262940,262939,262940,324586,391060,391060,391060,391060,391060,391060,391060,457376,519104,519105,519105
519106,519105,527000,581181,640964,640964,640964,640964,640964,640964,640964,700370,755211,762939,762938
