# TIC 0242323067_morp_ 0.587_T0_ 1601.888780_P_ 2.0454899_analysis_6, none, Eclipse indices (see function measure_eclipses_dt).
# zeros_1, minimum_1, peaks_2_n, peaks_1, p_2_p, minimum_1_in, zeros_1_in, minimum_1_in_mid, zeros_1_in, minimum_1_in, p_2_p, peaks_1, peaks_2_n, minimum_1, zeros_1
262464,262464,267906,269829,275732,275762,275761,282211,288660,288660,288781,290430,292019,292293,292293
518572,518571,520428,522806,525122,527690,527690,542251,556813,556813,559010,561344,563716,565808,565808
