# TIC 0159464498_morp_ 0.222_T0_ 1686.627399_P_ 11.3298056_analysis_6, none, Eclipse indices (see function measure_eclipses_dt).
# zeros_1, minimum_1, peaks_2_n, peaks_1, p_2_p, minimum_1_in, zeros_1_in, minimum_1_in_mid, zeros_1_in, minimum_1_in, p_2_p, peaks_1, peaks_2_n, minimum_1, zeros_1
176525,176525,176534,176947,177363,177364,177364,178193,179024,179023,179024,179440,179852,179862,179861
926524,926524,926533,926945,927361,927363,927362,928192,929021,929021,929021,929438,929849,929859,929859
