# TIC 0349518145_morp_ 0.150_T0_ 1327.574927_P_ 8.2798747_analysis_6, none, Eclipse indices (see function measure_eclipses_dt).
# zeros_1, minimum_1, peaks_2_n, peaks_1, p_2_p, minimum_1_in, zeros_1_in, minimum_1_in_mid, zeros_1_in, minimum_1_in, p_2_p, peaks_1, peaks_2_n, minimum_1, zeros_1
120081,120770,121929,124490,126960,126960,126960,126960,126960,126960,126960,129630,130520,132872,132871
370979,370979,371930,374496,376958,376958,376958,376958,376958,376958,376958,379622,380519,382776,382775
