# TIC 0166090445_morp_ 0.129_T0_ 1712.805666_P_ 5.3246121_analysis_6, none, Eclipse indices (see function measure_eclipses_dt).
# zeros_1, minimum_1, peaks_2_n, peaks_1, p_2_p, minimum_1_in, zeros_1_in, minimum_1_in_mid, zeros_1_in, minimum_1_in, p_2_p, peaks_1, peaks_2_n, minimum_1, zeros_1
490510,490510,490510,491126,491742,491742,491742,491742,491742,491742,491742,492358,492972,492974,492973
741742,741742,741742,742357,742973,742973,742973,742973,742973,742973,742973,743589,744204,744206,744205
