# TIC 0306272819_morp_ 0.445_T0_ 1625.049222_P_ 2.5461439_analysis_6, none, Eclipse indices (see function measure_eclipses_dt).
# zeros_1, minimum_1, peaks_2_n, peaks_1, p_2_p, minimum_1_in, zeros_1_in, minimum_1_in_mid, zeros_1_in, minimum_1_in, p_2_p, peaks_1, peaks_2_n, minimum_1, zeros_1
506650,509314,509464,518413,525509,525509,525509,525509,525509,525509,525509,533005,541953,542103,544293
756641,759313,759464,767862,775508,775508,775508,775508,775508,775508,775508,783555,791953,792103,794761
