# TIC 0193635719_morp_ 0.763_T0_ 1984.106330_P_ 0.4866178_analysis_6, none, Eclipse indices (see function measure_eclipses_dt).
# zeros_1, minimum_1, peaks_2_n, peaks_1, p_2_p, minimum_1_in, zeros_1_in, minimum_1_in_mid, zeros_1_in, minimum_1_in, p_2_p, peaks_1, peaks_2_n, minimum_1, zeros_1
311189,362977,382998,407962,436747,436747,436747,436747,436747,436747,436747,467044,492542,513483,562935
562936,613359,620506,650421,667630,674729,674729,688012,701295,701295,708451,724278,756052,763272,811187
