# TIC 0351297515_morp_ 0.424_T0_ 1712.343616_P_ 3.1462184_analysis_6, none, Eclipse indices (see function measure_eclipses_dt).
# zeros_1, minimum_1, peaks_2_n, peaks_1, p_2_p, minimum_1_in, zeros_1_in, minimum_1_in_mid, zeros_1_in, minimum_1_in, p_2_p, peaks_1, peaks_2_n, minimum_1, zeros_1
676580,676579,680018,685179,694337,694337,694337,694337,694337,694337,694337,704440,709865,713270,713270
926865,926865,929723,934779,945598,945598,945598,945598,945598,945598,945598,954742,960206,962744,962744
