# TIC 0139207681_morp_ 0.649_T0_ 1325.730661_P_ 0.4936816_analysis_6, none, Eclipse indices (see function measure_eclipses_dt).
# zeros_1, minimum_1, peaks_2_n, peaks_1, p_2_p, minimum_1_in, zeros_1_in, minimum_1_in_mid, zeros_1_in, minimum_1_in, p_2_p, peaks_1, peaks_2_n, minimum_1, zeros_1
0,47989,65814,100617,123925,123925,123925,123925,123925,123925,123925,147022,181982,198802,256156
256157,298002,314300,344690,373864,373864,373864,373864,373864,373864,373864,404977,434072,449416,497337
