# TIC 0270288280_morp_ 0.879_T0_ 1600.085180_P_ 0.3057097_analysis_6, none, Eclipse indices (see function measure_eclipses_dt).
# zeros_1, minimum_1, peaks_2_n, peaks_1, p_2_p, minimum_1_in, zeros_1_in, minimum_1_in_mid, zeros_1_in, minimum_1_in, p_2_p, peaks_1, peaks_2_n, minimum_1, zeros_1
192399,192398,192399,247629,303289,303289,303289,303289,303289,303289,303289,365760,425650,425652,425651
425652,425652,430159,494663,563242,563242,563242,563242,563242,563242,563242,626505,687019,692398,692397
