# TIC 0029777922_morp_ 0.876_T0_ 1570.600277_P_ 0.5305975_analysis_6, none, Eclipse indices (see function measure_eclipses_dt).
# zeros_1, minimum_1, peaks_2_n, peaks_1, p_2_p, minimum_1_in, zeros_1_in, minimum_1_in_mid, zeros_1_in, minimum_1_in, p_2_p, peaks_1, peaks_2_n, minimum_1, zeros_1
61357,61357,61357,143703,175600,175600,175600,175600,175600,175600,175600,228626,310610,310612,310611
310612,310612,311631,391210,407399,418237,418237,436213,454190,454190,466170,481710,561284,561356,561356
