# TIC 0256640207_morp_ 0.542_T0_ 1765.708197_P_ 1.1833653_analysis_6, none, Eclipse indices (see function measure_eclipses_dt).
# zeros_1, minimum_1, peaks_2_n, peaks_1, p_2_p, minimum_1_in, zeros_1_in, minimum_1_in_mid, zeros_1_in, minimum_1_in, p_2_p, peaks_1, peaks_2_n, minimum_1, zeros_1
67458,67458,96125,104137,121866,121866,121866,121866,121866,121866,121866,139552,174418,176391,176390
813878,813878,819247,854942,871902,871902,871902,871902,871902,871902,871902,888596,925304,930084,930084
