# TIC 0310516902_morp_ 0.560_T0_ 1956.880194_P_ 1.6136022_analysis_6, none, Eclipse indices (see function measure_eclipses_dt).
# zeros_1, minimum_1, peaks_2_n, peaks_1, p_2_p, minimum_1_in, zeros_1_in, minimum_1_in_mid, zeros_1_in, minimum_1_in, p_2_p, peaks_1, peaks_2_n, minimum_1, zeros_1
388674,468496,476230,504614,519536,519536,519536,519536,519536,519536,519536,531646,562999,569898,569898
696082,718258,723804,741409,769593,769593,769593,769593,769593,769593,769593,799046,815235,818721,818720
