# TIC 0170735592_morp_ 0.537_T0_ 1683.358141_P_ 4.2029176_analysis_6, none, Eclipse indices (see function measure_eclipses_dt).
# zeros_1, minimum_1, peaks_2_n, peaks_1, p_2_p, minimum_1_in, zeros_1_in, minimum_1_in_mid, zeros_1_in, minimum_1_in, p_2_p, peaks_1, peaks_2_n, minimum_1, zeros_1
152095,152094,157451,164363,177362,177362,177362,177362,177362,177362,177362,193056,200553,210658,295074
486283,486283,486283,507624,516733,516733,516733,516733,516733,516733,516733,522441,526208,527330,527329
