# TIC 0173432542_morp_ 0.569_T0_ 1493.214591_P_ 5.0551084_analysis_6, none, Eclipse indices (see function measure_eclipses_dt).
# zeros_1, minimum_1, peaks_2_n, peaks_1, p_2_p, minimum_1_in, zeros_1_in, minimum_1_in_mid, zeros_1_in, minimum_1_in, p_2_p, peaks_1, peaks_2_n, minimum_1, zeros_1
395428,395427,410070,423923,441976,441976,441976,441976,441976,441976,441976,460404,474517,486301,486300
620175,654757,668180,679613,695203,695203,695203,695203,695203,695203,695203,711848,724732,733738,733737
