# TIC 0162035117_morp_ 0.155_T0_ 1716.863454_P_ 13.1503590_analysis_6, none, Eclipse indices (see function measure_eclipses_dt).
# zeros_1, minimum_1, peaks_2_n, peaks_1, p_2_p, minimum_1_in, zeros_1_in, minimum_1_in_mid, zeros_1_in, minimum_1_in, p_2_p, peaks_1, peaks_2_n, minimum_1, zeros_1
725996,725995,726008,726057,726296,726311,726310,729850,733389,733389,733401,733641,733689,733700,733700
817572,817571,817595,817643,817884,817906,817906,819133,820360,820360,820384,820625,820673,820697,820696
