# KIC05461570_morp_0.96_T0_55000.155857_P_0.5076606_analysis_6, none, Eclipse indices (see function measure_eclipses_dt).
# zeros_1, minimum_1, peaks_2_n, peaks_1, p_2_p, minimum_1_in, zeros_1_in, minimum_1_in_mid, zeros_1_in, minimum_1_in, p_2_p, peaks_1, peaks_2_n, minimum_1, zeros_1
136507,136506,136933,195745,255395,255395,255395,255395,255395,255395,255395,315126,375169,375171,375170
375171,375171,375292,436743,505657,505657,505657,505657,505657,505657,505657,575531,636504,636506,636505
