# TIC 0455509774_morp_ 0.618_T0_ 1626.635779_P_ 3.9034251_analysis_6, none, Eclipse indices (see function measure_eclipses_dt).
# zeros_1, minimum_1, peaks_2_n, peaks_1, p_2_p, minimum_1_in, zeros_1_in, minimum_1_in_mid, zeros_1_in, minimum_1_in, p_2_p, peaks_1, peaks_2_n, minimum_1, zeros_1
178473,178472,178489,178578,179026,179042,179042,195697,212353,212353,212368,212817,212907,212922,212921
536614,536614,536614,536703,536791,536792,536792,540022,543253,543252,543253,543343,543431,543433,543432
