# TIC 0278784173_morp_ 0.196_T0_ 1325.710734_P_ 1.4948338_analysis_6, none, Eclipse indices (see function measure_eclipses_dt).
# zeros_1, minimum_1, peaks_2_n, peaks_1, p_2_p, minimum_1_in, zeros_1_in, minimum_1_in_mid, zeros_1_in, minimum_1_in, p_2_p, peaks_1, peaks_2_n, minimum_1, zeros_1
624324,624323,625871,627810,630294,630294,630294,630294,630294,630294,630294,632787,634740,636251,636250
874323,874323,875870,877810,880294,880294,880294,880294,880294,880294,880294,882786,884740,886250,886250
