# TIC 0051947865_morp_ 0.257_T0_ 1519.523703_P_ 7.4016964_analysis_6, none, Eclipse indices (see function measure_eclipses_dt).
# zeros_1, minimum_1, peaks_2_n, peaks_1, p_2_p, minimum_1_in, zeros_1_in, minimum_1_in_mid, zeros_1_in, minimum_1_in, p_2_p, peaks_1, peaks_2_n, minimum_1, zeros_1
233517,233516,233577,235708,246087,246345,246344,254450,262557,262556,262733,264811,266919,267043,267043
816753,816752,816901,819001,821087,821261,821261,829360,837460,837460,837733,848111,850241,850265,850264
