# TIC 0257273424_morp_ 0.762_T0_ 1983.814249_P_ 0.3985663_analysis_6, none, Eclipse indices (see function measure_eclipses_dt).
# zeros_1, minimum_1, peaks_2_n, peaks_1, p_2_p, minimum_1_in, zeros_1_in, minimum_1_in_mid, zeros_1_in, minimum_1_in, p_2_p, peaks_1, peaks_2_n, minimum_1, zeros_1
209184,209184,287349,305244,325550,332397,332397,336423,340451,340450,347319,366864,386425,461803,461803
461804,461803,536906,556452,583235,583235,583235,583235,583235,583235,583235,615495,636438,709183,709183
