# TIC 0421714420_morp_ 0.043_T0_ 1780.192082_P_ 41.1246562_analysis_6, none, Eclipse indices (see function measure_eclipses_dt).
# zeros_1, minimum_1, peaks_2_n, peaks_1, p_2_p, minimum_1_in, zeros_1_in, minimum_1_in_mid, zeros_1_in, minimum_1_in, p_2_p, peaks_1, peaks_2_n, minimum_1, zeros_1
589847,589846,589858,589884,590007,590024,590023,591585,593147,593146,593166,593388,593413,593427,593426
770922,771014,771039,771657,773856,773856,773856,773856,773856,773856,773856,775654,775680,775694,775694
