# TIC 0188630094_morp_ 0.621_T0_ 1354.852959_P_ 0.8627317_analysis_6, none, Eclipse indices (see function measure_eclipses_dt).
# zeros_1, minimum_1, peaks_2_n, peaks_1, p_2_p, minimum_1_in, zeros_1_in, minimum_1_in_mid, zeros_1_in, minimum_1_in, p_2_p, peaks_1, peaks_2_n, minimum_1, zeros_1
366290,437691,445891,480907,501752,501752,501752,501752,501752,501752,501752,521136,557937,566479,629628
629629,689542,695640,725286,751452,751452,751452,751452,751452,751452,751452,781876,807448,814930,866289
