# TIC 0468162834_morp_ 0.640_T0_ 1572.236700_P_ 2.6173180_analysis_6, none, Eclipse indices (see function measure_eclipses_dt).
# zeros_1, minimum_1, peaks_2_n, peaks_1, p_2_p, minimum_1_in, zeros_1_in, minimum_1_in_mid, zeros_1_in, minimum_1_in, p_2_p, peaks_1, peaks_2_n, minimum_1, zeros_1
132111,132110,132111,194610,257110,257110,257110,257110,257110,257110,257110,319610,382108,382110,382109
382110,382110,382110,444610,507110,507110,507110,507110,507110,507110,507110,569610,632108,632110,632109
