# TIC 0385231167_morp_ 0.547_T0_ 1546.032701_P_ 2.3675168_analysis_6, none, Eclipse indices (see function measure_eclipses_dt).
# zeros_1, minimum_1, peaks_2_n, peaks_1, p_2_p, minimum_1_in, zeros_1_in, minimum_1_in_mid, zeros_1_in, minimum_1_in, p_2_p, peaks_1, peaks_2_n, minimum_1, zeros_1
47767,47767,47767,75224,104619,104619,104619,104619,104619,104619,104619,214192,239595,239597,239596
354619,354618,354619,380054,489597,489597,489597,489597,489597,489597,489597,519546,547334,547766,547766
