# TIC 0292013448_morp_ 0.403_T0_ 1658.335775_P_ 4.3281368_analysis_6, none, Eclipse indices (see function measure_eclipses_dt).
# zeros_1, minimum_1, peaks_2_n, peaks_1, p_2_p, minimum_1_in, zeros_1_in, minimum_1_in_mid, zeros_1_in, minimum_1_in, p_2_p, peaks_1, peaks_2_n, minimum_1, zeros_1
211649,212308,212399,223595,229392,229392,229392,229392,229392,229392,229392,233827,234607,245405,245405
461488,462834,462925,468908,478187,478187,478187,478187,478187,478187,478187,483307,494498,494589,495257
