# KIC05876805_morp_0.15_T0_55188.230522_P_18.1730361_analysis_6, none, Eclipse indices (see function measure_eclipses_dt).
# zeros_1, minimum_1, peaks_2_n, peaks_1, p_2_p, minimum_1_in, zeros_1_in, minimum_1_in_mid, zeros_1_in, minimum_1_in, p_2_p, peaks_1, peaks_2_n, minimum_1, zeros_1
755923,755922,757390,758936,763236,763236,763236,763236,763236,763236,763236,766895,768482,769955,769955
950999,950998,951737,952883,955172,955172,955172,955172,955172,955172,955172,958379,959540,960487,960486
