# TIC 0149622009_morp_ 0.733_T0_ 1930.469541_P_ 0.2552290_analysis_6, none, Eclipse indices (see function measure_eclipses_dt).
# zeros_1, minimum_1, peaks_2_n, peaks_1, p_2_p, minimum_1_in, zeros_1_in, minimum_1_in_mid, zeros_1_in, minimum_1_in, p_2_p, peaks_1, peaks_2_n, minimum_1, zeros_1
154642,154641,232010,253392,284872,284872,284872,284872,284872,284872,284872,315825,338697,411338,411338
411339,411338,483485,504648,534744,534744,534744,534744,534744,534744,534744,564218,585783,654641,654640
