# TIC 0053292822_morp_ 0.538_T0_ 1520.757692_P_ 3.2898896_analysis_6, none, Eclipse indices (see function measure_eclipses_dt).
# zeros_1, minimum_1, peaks_2_n, peaks_1, p_2_p, minimum_1_in, zeros_1_in, minimum_1_in_mid, zeros_1_in, minimum_1_in, p_2_p, peaks_1, peaks_2_n, minimum_1, zeros_1
373943,373942,378852,386591,419855,419855,419855,419855,419855,419855,419855,429848,464118,466088,466087
533509,533509,536502,544300,579041,579041,579041,579041,579041,579041,579041,587198,593481,598263,598262
