# TIC 0280685089_morp_ 0.377_T0_ 1654.163875_P_ 3.3852190_analysis_6, none, Eclipse indices (see function measure_eclipses_dt).
# zeros_1, minimum_1, peaks_2_n, peaks_1, p_2_p, minimum_1_in, zeros_1_in, minimum_1_in_mid, zeros_1_in, minimum_1_in, p_2_p, peaks_1, peaks_2_n, minimum_1, zeros_1
668530,668530,674131,677975,682961,682961,682961,682961,682961,682961,682961,688129,692187,694282,694281
921959,921959,925375,929675,935185,935185,935185,935185,935185,935185,935185,940744,945074,948668,948667
