# TIC 0084628518_morp_ 0.439_T0_ 1684.631514_P_ 2.7707179_analysis_6, none, Eclipse indices (see function measure_eclipses_dt).
# zeros_1, minimum_1, peaks_2_n, peaks_1, p_2_p, minimum_1_in, zeros_1_in, minimum_1_in_mid, zeros_1_in, minimum_1_in, p_2_p, peaks_1, peaks_2_n, minimum_1, zeros_1
194615,194614,201174,207996,216910,216910,216910,216910,216910,216910,216910,225813,232553,240179,240178
444346,444346,451173,457996,466968,466968,466968,466968,466968,466968,466968,475814,482552,489812,489811
