# TIC 0418527327_morp_ 0.825_T0_ 1597.789127_P_ 2.0457806_analysis_6, none, Eclipse indices (see function measure_eclipses_dt).
# zeros_1, minimum_1, peaks_2_n, peaks_1, p_2_p, minimum_1_in, zeros_1_in, minimum_1_in_mid, zeros_1_in, minimum_1_in, p_2_p, peaks_1, peaks_2_n, minimum_1, zeros_1
194139,194139,194139,201271,226042,226042,226042,226042,226042,226042,226042,240919,258568,258570,258569
258570,258570,262095,268592,291261,291261,291261,291261,291261,291261,291261,303059,311579,317768,317767
