# TIC 0311070085_morp_ 0.551_T0_ 1713.404613_P_ 2.3897097_analysis_6, none, Eclipse indices (see function measure_eclipses_dt).
# zeros_1, minimum_1, peaks_2_n, peaks_1, p_2_p, minimum_1_in, zeros_1_in, minimum_1_in_mid, zeros_1_in, minimum_1_in, p_2_p, peaks_1, peaks_2_n, minimum_1, zeros_1
82199,82198,82199,84551,90307,90307,90307,90307,90307,90307,90307,106732,112097,112387,112386
267851,267851,267851,275956,284585,285473,285472,290883,296295,296294,296979,305185,313641,313642,313642
