# TIC 0233390838_morp_ 0.172_T0_ 1718.051206_P_ 12.8955415_analysis_6, none, Eclipse indices (see function measure_eclipses_dt).
# zeros_1, minimum_1, peaks_2_n, peaks_1, p_2_p, minimum_1_in, zeros_1_in, minimum_1_in_mid, zeros_1_in, minimum_1_in, p_2_p, peaks_1, peaks_2_n, minimum_1, zeros_1
228273,228273,228988,230003,231282,231282,231282,231282,231282,231282,231282,232559,233569,234307,234306
978281,978281,978988,980007,981293,981293,981293,981293,981293,981293,981293,982556,983566,984262,984261
