# TIC 0283390331_morp_ 0.552_T0_ 1765.366353_P_ 1.7802353_analysis_6, none, Eclipse indices (see function measure_eclipses_dt).
# zeros_1, minimum_1, peaks_2_n, peaks_1, p_2_p, minimum_1_in, zeros_1_in, minimum_1_in_mid, zeros_1_in, minimum_1_in, p_2_p, peaks_1, peaks_2_n, minimum_1, zeros_1
402237,402236,404634,407846,410738,419112,425198,425965,432819,432819,441024,444011,447206,450182,450182
849047,849046,849471,852020,854512,855342,855341,861987,868633,868633,868633,871065,873375,873632,873631
