# TIC 0185805011_morp_ 0.458_T0_ 1519.402044_P_ 2.0052089_analysis_6, none, Eclipse indices (see function measure_eclipses_dt).
# zeros_1, minimum_1, peaks_2_n, peaks_1, p_2_p, minimum_1_in, zeros_1_in, minimum_1_in_mid, zeros_1_in, minimum_1_in, p_2_p, peaks_1, peaks_2_n, minimum_1, zeros_1
100338,100338,107384,113923,122501,122501,122501,122501,122501,122501,122501,131038,137619,143557,143556
351100,351099,357394,363947,372414,372414,372414,372414,372414,372414,372414,381009,387611,393559,393559
