# TIC 0452544997_morp_ 0.531_T0_ 1713.584352_P_ 2.2452871_analysis_6, none, Eclipse indices (see function measure_eclipses_dt).
# zeros_1, minimum_1, peaks_2_n, peaks_1, p_2_p, minimum_1_in, zeros_1_in, minimum_1_in_mid, zeros_1_in, minimum_1_in, p_2_p, peaks_1, peaks_2_n, minimum_1, zeros_1
92718,92718,95817,119960,124751,124751,124751,124751,124751,124751,124751,135031,152360,157966,157965
337469,342457,346227,363057,374692,374692,374692,374692,374692,374692,374692,386538,403495,406075,406074
