# TIC 0057963765_morp_ 0.925_T0_ 1764.924614_P_ 0.3210187_analysis_6, none, Eclipse indices (see function measure_eclipses_dt).
# zeros_1, minimum_1, peaks_2_n, peaks_1, p_2_p, minimum_1_in, zeros_1_in, minimum_1_in_mid, zeros_1_in, minimum_1_in, p_2_p, peaks_1, peaks_2_n, minimum_1, zeros_1
223751,223751,223751,282519,342609,342609,342609,342609,342609,342609,342609,407339,468053,468055,468054
468055,468055,472509,533860,598330,598330,598330,598330,598330,598330,598330,659095,718862,723750,723750
