# TIC 0307490686_morp_ 0.456_T0_ 1355.615583_P_ 1.9587305_analysis_6, none, Eclipse indices (see function measure_eclipses_dt).
# zeros_1, minimum_1, peaks_2_n, peaks_1, p_2_p, minimum_1_in, zeros_1_in, minimum_1_in_mid, zeros_1_in, minimum_1_in, p_2_p, peaks_1, peaks_2_n, minimum_1, zeros_1
161231,161231,186596,203075,224878,224878,224878,224878,224878,224878,224878,247391,264804,277544,277543
438737,438736,442425,458045,475284,475284,475284,475284,475284,475284,475284,493197,509873,511605,511605
