# TIC 0437242640_morp_ 0.112_T0_ 1546.421985_P_ 8.6353794_analysis_6, none, Eclipse indices (see function measure_eclipses_dt).
# zeros_1, minimum_1, peaks_2_n, peaks_1, p_2_p, minimum_1_in, zeros_1_in, minimum_1_in_mid, zeros_1_in, minimum_1_in, p_2_p, peaks_1, peaks_2_n, minimum_1, zeros_1
483893,483892,484699,491610,498725,498725,498725,498725,498725,498725,498725,506376,513751,513802,513802
513803,513802,513803,521003,528192,528192,528192,528192,528192,528192,528192,535467,542714,542773,542772
