# KIC08579812_morp_0.68_T0_55000.069192_P_0.6610619_analysis_6, none, Eclipse indices (see function measure_eclipses_dt).
# zeros_1, minimum_1, peaks_2_n, peaks_1, p_2_p, minimum_1_in, zeros_1_in, minimum_1_in_mid, zeros_1_in, minimum_1_in, p_2_p, peaks_1, peaks_2_n, minimum_1, zeros_1
148461,148461,148461,229385,272098,272098,272098,272098,272098,272098,272098,312971,396869,400029,400029
400030,400029,464353,491908,520897,520897,520897,520897,520897,520897,520897,549324,575992,648460,648460
