# KIC08579812_morp_0.68_T0_55000.069192_P_0.6610619_analysis_6, none, Eclipse indices (see function measure_eclipses_dt).
# zeros_1, minimum_1, peaks_2_n, peaks_1, p_2_p, minimum_1_in, zeros_1_in, minimum_1_in_mid, zeros_1_in, minimum_1_in, p_2_p, peaks_1, peaks_2_n, minimum_1, zeros_1
148118,148117,148118,229243,271898,271898,271898,271898,271898,271898,271898,312791,396753,399568,399567
399568,399568,464354,491876,520830,520830,520830,520830,520830,520830,520830,549294,575996,648117,648116
