# TIC 0376023519_morp_ 0.829_T0_ 1738.921479_P_ 0.3643775_analysis_6, none, Eclipse indices (see function measure_eclipses_dt).
# zeros_1, minimum_1, peaks_2_n, peaks_1, p_2_p, minimum_1_in, zeros_1_in, minimum_1_in_mid, zeros_1_in, minimum_1_in, p_2_p, peaks_1, peaks_2_n, minimum_1, zeros_1
467128,467127,468822,489138,518831,518831,518831,518831,518831,518831,518831,548082,567635,570943,570943
714190,714189,718763,738377,769085,769085,769085,769085,769085,769085,769085,798806,817686,823770,823769
