# TIC 0138505004_morp_ 0.469_T0_ 1684.266998_P_ 2.2992573_analysis_6, none, Eclipse indices (see function measure_eclipses_dt).
# zeros_1, minimum_1, peaks_2_n, peaks_1, p_2_p, minimum_1_in, zeros_1_in, minimum_1_in_mid, zeros_1_in, minimum_1_in, p_2_p, peaks_1, peaks_2_n, minimum_1, zeros_1
241311,241311,241360,242679,249235,249325,249324,257154,264983,264983,265023,266351,267663,267733,267732
704724,704723,704769,706072,707377,707420,707419,717815,728212,728211,728264,729570,730882,730925,730924
