# TIC 0167747439_morp_ 0.462_T0_ 1439.189650_P_ 6.1309716_analysis_6, none, Eclipse indices (see function measure_eclipses_dt).
# zeros_1, minimum_1, peaks_2_n, peaks_1, p_2_p, minimum_1_in, zeros_1_in, minimum_1_in_mid, zeros_1_in, minimum_1_in, p_2_p, peaks_1, peaks_2_n, minimum_1, zeros_1
120717,126938,129549,132015,143220,143220,143220,143220,143220,143220,143220,154375,156759,159469,165725
257095,257095,257095,282406,286469,286469,286469,286469,286469,286469,286469,304306,309991,310373,310372
