# TIC 0169443390_morp_ 0.325_T0_ 2037.714336_P_ 2.2474890_analysis_6, none, Eclipse indices (see function measure_eclipses_dt).
# zeros_1, minimum_1, peaks_2_n, peaks_1, p_2_p, minimum_1_in, zeros_1_in, minimum_1_in_mid, zeros_1_in, minimum_1_in, p_2_p, peaks_1, peaks_2_n, minimum_1, zeros_1
114517,114517,114517,254553,308164,308164,308164,308164,308164,308164,308164,346861,383169,383171,383170
383171,383171,392688,435079,480891,480891,480891,480891,480891,480891,480891,538311,582060,614516,614516
