# TIC 0356001283_morp_ 0.744_T0_ 1956.036259_P_ 0.2687247_analysis_6, none, Eclipse indices (see function measure_eclipses_dt).
# zeros_1, minimum_1, peaks_2_n, peaks_1, p_2_p, minimum_1_in, zeros_1_in, minimum_1_in_mid, zeros_1_in, minimum_1_in, p_2_p, peaks_1, peaks_2_n, minimum_1, zeros_1
206848,206847,285442,304789,335480,335480,335480,335480,335480,335480,335480,365593,387306,462341,462340
462341,462341,533502,552532,585345,585345,585345,585345,585345,585345,585345,618170,640347,706847,706846
