# TIC 0055404385_morp_ 0.324_T0_ 1571.819040_P_ 2.9520513_analysis_6, none, Eclipse indices (see function measure_eclipses_dt).
# zeros_1, minimum_1, peaks_2_n, peaks_1, p_2_p, minimum_1_in, zeros_1_in, minimum_1_in_mid, zeros_1_in, minimum_1_in, p_2_p, peaks_1, peaks_2_n, minimum_1, zeros_1
712887,712886,717005,722726,729905,729905,729905,729905,729905,729905,729905,737049,742708,746311,746310
963084,963083,967082,972667,979746,979746,979746,979746,979746,979746,979746,986829,992422,996509,996508
