# TIC 0201796819_morp_ 0.906_T0_ 1354.285700_P_ 0.2853729_analysis_6, none, Eclipse indices (see function measure_eclipses_dt).
# zeros_1, minimum_1, peaks_2_n, peaks_1, p_2_p, minimum_1_in, zeros_1_in, minimum_1_in_mid, zeros_1_in, minimum_1_in, p_2_p, peaks_1, peaks_2_n, minimum_1, zeros_1
284859,284858,289903,341397,408841,408841,408841,408841,408841,408841,408841,477955,525542,535907,535907
535908,535907,535908,618166,662168,662168,662168,662168,662168,662168,662168,725294,784856,784858,784857
