# TIC 0309828087_morp_ 0.410_T0_ 1932.434832_P_ 2.5149574_analysis_6, none, Eclipse indices (see function measure_eclipses_dt).
# zeros_1, minimum_1, peaks_2_n, peaks_1, p_2_p, minimum_1_in, zeros_1_in, minimum_1_in_mid, zeros_1_in, minimum_1_in, p_2_p, peaks_1, peaks_2_n, minimum_1, zeros_1
284299,284298,285891,288106,292967,293580,293580,300421,307263,307262,308465,310631,315730,317948,321121
533835,533834,536137,539567,550498,550498,550498,550498,550498,550498,550498,561480,564865,567282,567281
