# TIC 0028188795_morp_ 0.672_T0_ 1930.629076_P_ 1.2694135_analysis_6, none, Eclipse indices (see function measure_eclipses_dt).
# zeros_1, minimum_1, peaks_2_n, peaks_1, p_2_p, minimum_1_in, zeros_1_in, minimum_1_in_mid, zeros_1_in, minimum_1_in, p_2_p, peaks_1, peaks_2_n, minimum_1, zeros_1
488004,488003,491050,497977,506156,506156,506156,506156,506156,506156,506156,515014,521899,526714,526714
889123,889122,891740,922067,965327,965327,965327,965327,965327,965327,965327,982828,988001,988003,988002
