# TIC 0193537392_morp_ 0.537_T0_ 1683.461354_P_ 0.1647381_analysis_6, none, Eclipse indices (see function measure_eclipses_dt).
# zeros_1, minimum_1, peaks_2_n, peaks_1, p_2_p, minimum_1_in, zeros_1_in, minimum_1_in_mid, zeros_1_in, minimum_1_in, p_2_p, peaks_1, peaks_2_n, minimum_1, zeros_1
37451,37450,39030,56494,176871,176871,176871,176871,176871,176871,176871,252187,272954,274254,274254
274255,368781,392996,410483,433761,433761,433761,433761,433761,433761,433761,458330,476461,502964,537449
