# TIC 0141708335_morp_ 0.251_T0_ 1600.007433_P_ 4.7603435_analysis_6, none, Eclipse indices (see function measure_eclipses_dt).
# zeros_1, minimum_1, peaks_2_n, peaks_1, p_2_p, minimum_1_in, zeros_1_in, minimum_1_in_mid, zeros_1_in, minimum_1_in, p_2_p, peaks_1, peaks_2_n, minimum_1, zeros_1
452485,452484,454644,459663,465660,465660,465660,465660,465660,465660,465660,471727,476811,479041,479040
739427,739427,741114,745504,750734,750734,750734,750734,750734,750734,750734,771511,777237,777238,777238
