# TIC 0357979050_morp_ 0.484_T0_ 1713.247319_P_ 2.3466216_analysis_6, none, Eclipse indices (see function measure_eclipses_dt).
# zeros_1, minimum_1, peaks_2_n, peaks_1, p_2_p, minimum_1_in, zeros_1_in, minimum_1_in_mid, zeros_1_in, minimum_1_in, p_2_p, peaks_1, peaks_2_n, minimum_1, zeros_1
48358,48997,50532,59580,69277,69277,69277,69277,69277,69277,69277,80207,90346,91912,92522
798884,799518,799999,806845,814708,816654,816653,820503,824353,824352,825353,834005,840871,841991,841991
