# TIC 0332202405_morp_ 0.365_T0_ 1493.829129_P_ 4.7492496_analysis_6, none, Eclipse indices (see function measure_eclipses_dt).
# zeros_1, minimum_1, peaks_2_n, peaks_1, p_2_p, minimum_1_in, zeros_1_in, minimum_1_in_mid, zeros_1_in, minimum_1_in, p_2_p, peaks_1, peaks_2_n, minimum_1, zeros_1
426350,426349,428707,435249,443721,443721,443721,443721,443721,443721,443721,452097,458639,460911,460910
677073,677072,678661,684928,693533,693533,693533,693533,693533,693533,693533,702253,708680,710724,710724
