# TIC 0063071165_morp_ 0.085_T0_ 1690.174385_P_ 13.6839133_analysis_6, none, Eclipse indices (see function measure_eclipses_dt).
# zeros_1, minimum_1, peaks_2_n, peaks_1, p_2_p, minimum_1_in, zeros_1_in, minimum_1_in_mid, zeros_1_in, minimum_1_in, p_2_p, peaks_1, peaks_2_n, minimum_1, zeros_1
791190,791189,791218,791565,792184,792237,792237,799227,806219,806218,806256,806875,807223,807251,807251
819878,820068,820468,821381,823643,823643,823643,823643,823643,823643,823643,826161,826814,827220,827617
