# TIC 0028157482_morp_ 0.358_T0_ 1930.492955_P_ 3.2817358_analysis_6, none, Eclipse indices (see function measure_eclipses_dt).
# zeros_1, minimum_1, peaks_2_n, peaks_1, p_2_p, minimum_1_in, zeros_1_in, minimum_1_in_mid, zeros_1_in, minimum_1_in, p_2_p, peaks_1, peaks_2_n, minimum_1, zeros_1
654299,654298,656453,661076,668455,668455,668455,668455,668455,668455,668455,676405,681116,683402,683401
904643,904642,906517,908434,913886,914794,914793,918768,922742,922742,923760,929296,931195,932469,932468
