# TIC 0146879345_morp_ 0.434_T0_ 1468.301342_P_ 3.0135580_analysis_6, none, Eclipse indices (see function measure_eclipses_dt).
# zeros_1, minimum_1, peaks_2_n, peaks_1, p_2_p, minimum_1_in, zeros_1_in, minimum_1_in_mid, zeros_1_in, minimum_1_in, p_2_p, peaks_1, peaks_2_n, minimum_1, zeros_1
659004,659003,661910,670603,678170,678170,678170,678170,678170,678170,678170,685752,694451,697239,697239
909003,909003,911910,920603,928170,928170,928170,928170,928170,928170,928170,935752,944451,947242,947241
