# TIC 0321312438_morp_ 0.507_T0_ 1570.679030_P_ 1.1847683_analysis_6, none, Eclipse indices (see function measure_eclipses_dt).
# zeros_1, minimum_1, peaks_2_n, peaks_1, p_2_p, minimum_1_in, zeros_1_in, minimum_1_in_mid, zeros_1_in, minimum_1_in, p_2_p, peaks_1, peaks_2_n, minimum_1, zeros_1
478062,478061,488790,500581,515885,515885,515885,515885,515885,515885,515885,531076,542956,551947,551946
728465,728465,739655,750647,764891,764891,764891,764891,764891,764891,764891,779590,791056,798647,798646
