# TIC 0079492099_morp_ 0.300_T0_ 1327.078438_P_ 4.6034924_analysis_6, none, Eclipse indices (see function measure_eclipses_dt).
# zeros_1, minimum_1, peaks_2_n, peaks_1, p_2_p, minimum_1_in, zeros_1_in, minimum_1_in_mid, zeros_1_in, minimum_1_in, p_2_p, peaks_1, peaks_2_n, minimum_1, zeros_1
124219,124218,126008,129062,135630,135630,135630,135630,135630,135630,135630,142374,145278,147438,147438
373755,373754,376062,379498,385677,385677,385677,385677,385677,385677,385677,391971,395255,397786,397785
