# TIC 0352954787_morp_ 0.733_T0_ 1764.854167_P_ 0.7385986_analysis_6, none, Eclipse indices (see function measure_eclipses_dt).
# zeros_1, minimum_1, peaks_2_n, peaks_1, p_2_p, minimum_1_in, zeros_1_in, minimum_1_in_mid, zeros_1_in, minimum_1_in, p_2_p, peaks_1, peaks_2_n, minimum_1, zeros_1
245967,245967,245967,254132,269245,269245,269245,269245,269245,269245,269245,298063,304719,304721,304720
804721,804720,805294,812617,832140,832140,832140,832140,832140,832140,832140,842001,848675,849907,849906
