# TIC 0409900613_morp_ 0.183_T0_ 1517.191856_P_ 2.2063796_analysis_6, none, Eclipse indices (see function measure_eclipses_dt).
# zeros_1, minimum_1, peaks_2_n, peaks_1, p_2_p, minimum_1_in, zeros_1_in, minimum_1_in_mid, zeros_1_in, minimum_1_in, p_2_p, peaks_1, peaks_2_n, minimum_1, zeros_1
575235,575235,577133,579485,582498,582498,582498,582498,582498,582498,582498,585534,587921,589665,589664
830805,830805,832464,834898,837970,837970,837970,837970,837970,837970,837970,840983,843337,845265,845265
