# TIC 0178051504_morp_ 0.554_T0_ 1492.599450_P_ 1.4631077_analysis_6, none, Eclipse indices (see function measure_eclipses_dt).
# zeros_1, minimum_1, peaks_2_n, peaks_1, p_2_p, minimum_1_in, zeros_1_in, minimum_1_in_mid, zeros_1_in, minimum_1_in, p_2_p, peaks_1, peaks_2_n, minimum_1, zeros_1
610740,610739,620373,636082,651716,651716,651716,651716,651716,651716,651716,668056,680994,692539,692539
846136,846136,857957,871842,888969,888969,888969,888969,888969,888969,888969,905308,920102,934462,968796
