# TIC 0063644417_morp_ 0.377_T0_ 1717.968028_P_ 6.2124706_analysis_6, none, Eclipse indices (see function measure_eclipses_dt).
# zeros_1, minimum_1, peaks_2_n, peaks_1, p_2_p, minimum_1_in, zeros_1_in, minimum_1_in_mid, zeros_1_in, minimum_1_in, p_2_p, peaks_1, peaks_2_n, minimum_1, zeros_1
537116,537116,540785,551536,564004,564004,564004,564004,564004,564004,564004,576794,587506,591779,591778
783556,783555,789442,800181,813143,813143,813143,813143,813143,813143,813143,826824,838245,842607,842606
