# TIC 0271701447_morp_ 0.525_T0_ 1570.995523_P_ 1.6388205_analysis_6, none, Eclipse indices (see function measure_eclipses_dt).
# zeros_1, minimum_1, peaks_2_n, peaks_1, p_2_p, minimum_1_in, zeros_1_in, minimum_1_in_mid, zeros_1_in, minimum_1_in, p_2_p, peaks_1, peaks_2_n, minimum_1, zeros_1
637181,637180,637181,646986,656614,656614,656614,656614,656614,656614,656614,678092,694616,698020,698020
752622,752621,756583,772964,794465,794465,794465,794465,794465,794465,794465,804439,814677,814679,814678
