# TIC 0268297677_morp_ 0.644_T0_ 1683.295841_P_ 0.8851284_analysis_6, none, Eclipse indices (see function measure_eclipses_dt).
# zeros_1, minimum_1, peaks_2_n, peaks_1, p_2_p, minimum_1_in, zeros_1_in, minimum_1_in_mid, zeros_1_in, minimum_1_in, p_2_p, peaks_1, peaks_2_n, minimum_1, zeros_1
321873,374486,388510,410604,440906,440906,440906,440906,440906,440906,440906,473639,494017,508144,564390
564391,622757,640862,665544,691161,691161,691161,691161,691161,691161,691161,716514,741640,759116,821871
