# TIC 0391906858_morp_ 0.933_T0_ 1545.197888_P_ 1.1471897_analysis_6, none, Eclipse indices (see function measure_eclipses_dt).
# zeros_1, minimum_1, peaks_2_n, peaks_1, p_2_p, minimum_1_in, zeros_1_in, minimum_1_in_mid, zeros_1_in, minimum_1_in, p_2_p, peaks_1, peaks_2_n, minimum_1, zeros_1
269100,269100,269100,323125,395836,395836,395836,395836,395836,395836,395836,468537,524255,524256,524256
524257,524256,531818,587153,647039,647039,647039,647039,647039,647039,647039,708556,762994,769099,769099
