# TIC 0256640561_morp_ 0.620_T0_ 1764.794195_P_ 1.7202707_analysis_6, none, Eclipse indices (see function measure_eclipses_dt).
# zeros_1, minimum_1, peaks_2_n, peaks_1, p_2_p, minimum_1_in, zeros_1_in, minimum_1_in_mid, zeros_1_in, minimum_1_in, p_2_p, peaks_1, peaks_2_n, minimum_1, zeros_1
262744,262744,263589,275398,314905,318737,318736,342001,365266,365265,367842,407123,419156,419988,419987
670470,670469,670561,678597,689005,689005,689005,689005,689005,689005,689005,697834,703131,724245,724245
