# TIC 0120251815_morp_ 0.576_T0_ 1683.714228_P_ 1.5102144_analysis_6, none, Eclipse indices (see function measure_eclipses_dt).
# zeros_1, minimum_1, peaks_2_n, peaks_1, p_2_p, minimum_1_in, zeros_1_in, minimum_1_in_mid, zeros_1_in, minimum_1_in, p_2_p, peaks_1, peaks_2_n, minimum_1, zeros_1
585785,585785,585809,588938,592079,592081,592081,598346,604612,604612,604619,607766,610890,610941,610940
829496,829496,829539,832665,835810,835816,835815,842080,848346,848345,848349,851492,854619,854653,854653
