# TIC 0396953669_morp_ 0.595_T0_ 1438.318609_P_ 0.3327633_analysis_6, none, Eclipse indices (see function measure_eclipses_dt).
# zeros_1, minimum_1, peaks_2_n, peaks_1, p_2_p, minimum_1_in, zeros_1_in, minimum_1_in_mid, zeros_1_in, minimum_1_in, p_2_p, peaks_1, peaks_2_n, minimum_1, zeros_1
433850,468017,493381,510970,534555,534555,534555,534555,534555,534555,534555,557705,575331,593735,593734
644072,711537,741938,758880,782752,782752,782752,782752,782752,782752,782752,804423,819990,840360,933848
