# TIC 0303351921_morp_ 0.713_T0_ 1714.083777_P_ 5.8898076_analysis_6, none, Eclipse indices (see function measure_eclipses_dt).
# zeros_1, minimum_1, peaks_2_n, peaks_1, p_2_p, minimum_1_in, zeros_1_in, minimum_1_in_mid, zeros_1_in, minimum_1_in, p_2_p, peaks_1, peaks_2_n, minimum_1, zeros_1
267085,267085,267498,329337,356728,356728,356728,356728,356728,356728,356728,372539,376656,379428,379427
454981,490045,493074,578528,606859,606859,606859,606859,606859,606859,606859,621445,626493,760096,760096
