# TIC 0353077789_morp_ 0.546_T0_ 1792.269148_P_ 1.8390292_analysis_6, none, Eclipse indices (see function measure_eclipses_dt).
# zeros_1, minimum_1, peaks_2_n, peaks_1, p_2_p, minimum_1_in, zeros_1_in, minimum_1_in_mid, zeros_1_in, minimum_1_in, p_2_p, peaks_1, peaks_2_n, minimum_1, zeros_1
641487,641486,641487,659849,680450,680450,680450,680450,680450,680450,680450,698453,714849,714850,714850
714851,714850,723487,751070,928601,928601,928601,928601,928601,928601,928601,958351,974597,992397,999999
