# TIC 0337544122_morp_ 0.161_T0_ 1743.218406_P_ 4.7077619_analysis_6, none, Eclipse indices (see function measure_eclipses_dt).
# zeros_1, minimum_1, peaks_2_n, peaks_1, p_2_p, minimum_1_in, zeros_1_in, minimum_1_in_mid, zeros_1_in, minimum_1_in, p_2_p, peaks_1, peaks_2_n, minimum_1, zeros_1
136417,136417,136417,137108,137795,137805,137805,140575,143346,143345,143346,144019,144702,144704,144703
628121,628121,628121,628806,629488,629488,629488,629488,629488,629488,629488,630190,630882,630892,630891
