# TIC 0139700621_morp_ 0.763_T0_ 1325.556763_P_ 0.3467937_analysis_6, none, Eclipse indices (see function measure_eclipses_dt).
# zeros_1, minimum_1, peaks_2_n, peaks_1, p_2_p, minimum_1_in, zeros_1_in, minimum_1_in_mid, zeros_1_in, minimum_1_in, p_2_p, peaks_1, peaks_2_n, minimum_1, zeros_1
75837,75836,156304,179187,208101,208101,208101,208101,208101,208101,208101,236475,262483,340657,340656
340657,340657,405219,430938,458537,458537,458537,458537,458537,458537,458537,484102,513411,575836,575835
