# TIC 0356240274_morp_ 0.547_T0_ 1685.253372_P_ 2.3475876_analysis_6, none, Eclipse indices (see function measure_eclipses_dt).
# zeros_1, minimum_1, peaks_2_n, peaks_1, p_2_p, minimum_1_in, zeros_1_in, minimum_1_in_mid, zeros_1_in, minimum_1_in, p_2_p, peaks_1, peaks_2_n, minimum_1, zeros_1
121946,121946,126525,141044,159272,159272,159272,159272,159272,159272,159272,177234,190438,194367,194367
352662,352661,374119,390917,409148,409148,409148,409148,409148,409148,409148,428423,443912,462279,462278
