# TIC 0355635441_morp_ 0.771_T0_ 1325.480767_P_ 0.3925830_analysis_6, none, Eclipse indices (see function measure_eclipses_dt).
# zeros_1, minimum_1, peaks_2_n, peaks_1, p_2_p, minimum_1_in, zeros_1_in, minimum_1_in_mid, zeros_1_in, minimum_1_in, p_2_p, peaks_1, peaks_2_n, minimum_1, zeros_1
108811,108810,176226,203493,233144,233144,233144,233144,233144,233144,233144,263580,291144,355288,355287
355288,355288,427531,452314,483449,483449,483449,483449,483449,483449,483449,515171,539073,608810,608809
