# TIC 0349911034_morp_ 0.553_T0_ 1544.251113_P_ 0.5384816_analysis_6, none, Eclipse indices (see function measure_eclipses_dt).
# zeros_1, minimum_1, peaks_2_n, peaks_1, p_2_p, minimum_1_in, zeros_1_in, minimum_1_in_mid, zeros_1_in, minimum_1_in, p_2_p, peaks_1, peaks_2_n, minimum_1, zeros_1
158343,158343,158343,213806,231003,231003,231003,231003,231003,231003,231003,249020,265563,267311,267310
767311,808750,829865,848070,872059,872059,872059,872059,872059,872059,872059,895655,912631,931469,973573
