# TIC 0254039358_morp_ 0.354_T0_ 1660.757780_P_ 1.4956248_analysis_6, none, Eclipse indices (see function measure_eclipses_dt).
# zeros_1, minimum_1, peaks_2_n, peaks_1, p_2_p, minimum_1_in, zeros_1_in, minimum_1_in_mid, zeros_1_in, minimum_1_in, p_2_p, peaks_1, peaks_2_n, minimum_1, zeros_1
568461,568461,572379,577044,583057,583057,583057,583057,583057,583057,583057,589095,593719,598210,598209
818455,818455,822378,827048,833074,833074,833074,833074,833074,833074,833074,839091,843718,848083,848082
