# TIC 0168426455_morp_ 0.329_T0_ 1493.831937_P_ 3.8671518_analysis_6, none, Eclipse indices (see function measure_eclipses_dt).
# zeros_1, minimum_1, peaks_2_n, peaks_1, p_2_p, minimum_1_in, zeros_1_in, minimum_1_in_mid, zeros_1_in, minimum_1_in, p_2_p, peaks_1, peaks_2_n, minimum_1, zeros_1
466558,466557,472077,478635,488083,488083,488083,488083,488083,488083,488083,498070,505445,509959,509958
684358,684357,689964,695640,702974,702974,702974,702974,702974,702974,702974,710329,716094,720338,720338
