# TIC 0387562256_morp_ 0.305_T0_ 1961.621506_P_ 5.1861841_analysis_6, none, Eclipse indices (see function measure_eclipses_dt).
# zeros_1, minimum_1, peaks_2_n, peaks_1, p_2_p, minimum_1_in, zeros_1_in, minimum_1_in_mid, zeros_1_in, minimum_1_in, p_2_p, peaks_1, peaks_2_n, minimum_1, zeros_1
107672,107672,109153,112997,118604,118604,118604,118604,118604,118604,118604,124334,128057,129540,129539
357533,357533,359168,363202,368606,368606,368606,368606,368606,368606,368606,374094,378042,379685,379684
