# TIC 0140659978_morp_ 0.090_T0_ 1469.876902_P_ 9.4400954_analysis_6, none, Eclipse indices (see function measure_eclipses_dt).
# zeros_1, minimum_1, peaks_2_n, peaks_1, p_2_p, minimum_1_in, zeros_1_in, minimum_1_in_mid, zeros_1_in, minimum_1_in, p_2_p, peaks_1, peaks_2_n, minimum_1, zeros_1
177114,177114,178414,180388,182866,182866,182866,182866,182866,182866,182866,185364,187331,188751,188750
411485,411484,413527,416007,419460,419460,419460,419460,419460,419460,419460,422688,425090,426644,426643
