# TIC 0025354620_morp_ 0.165_T0_ 2060.972831_P_ 5.0180904_analysis_6, none, Eclipse indices (see function measure_eclipses_dt).
# zeros_1, minimum_1, peaks_2_n, peaks_1, p_2_p, minimum_1_in, zeros_1_in, minimum_1_in_mid, zeros_1_in, minimum_1_in, p_2_p, peaks_1, peaks_2_n, minimum_1, zeros_1
166389,166388,166389,174777,180346,180346,180346,180346,180346,180346,180346,185248,189449,189952,189951
887069,887069,888493,892494,897049,897049,897049,897049,897049,897049,897049,902013,906171,907857,907856
