# TIC 0302043038_morp_ 0.131_T0_ 1546.653054_P_ 16.7212031_analysis_6, none, Eclipse indices (see function measure_eclipses_dt).
# zeros_1, minimum_1, peaks_2_n, peaks_1, p_2_p, minimum_1_in, zeros_1_in, minimum_1_in_mid, zeros_1_in, minimum_1_in, p_2_p, peaks_1, peaks_2_n, minimum_1, zeros_1
128490,128490,128490,128573,128657,128657,128657,128657,128657,128657,128657,128742,128826,128828,128827
416930,416930,416933,417017,417102,417104,417104,418778,420453,420453,420454,420539,420623,420626,420625
