# TIC 0219699532_morp_ 0.594_T0_ 1571.469284_P_ 1.0810901_analysis_6, none, Eclipse indices (see function measure_eclipses_dt).
# zeros_1, minimum_1, peaks_2_n, peaks_1, p_2_p, minimum_1_in, zeros_1_in, minimum_1_in_mid, zeros_1_in, minimum_1_in, p_2_p, peaks_1, peaks_2_n, minimum_1, zeros_1
252378,252377,261243,267818,292354,292354,292354,292354,292354,292354,292354,319040,325695,337665,406893
406894,501687,512307,519163,542754,542754,542754,542754,542754,542754,542754,543763,574668,584890,661142
