# TIC 0275537496_morp_ 0.644_T0_ 1711.386952_P_ 0.8562521_analysis_6, none, Eclipse indices (see function measure_eclipses_dt).
# zeros_1, minimum_1, peaks_2_n, peaks_1, p_2_p, minimum_1_in, zeros_1_in, minimum_1_in_mid, zeros_1_in, minimum_1_in, p_2_p, peaks_1, peaks_2_n, minimum_1, zeros_1
408933,458425,470714,497976,527798,527798,527798,527798,527798,527798,527798,557689,583020,610815,643287
643288,706776,721523,751440,777698,777698,777698,777698,777698,777698,777698,803678,832300,848423,908932
