# TIC 0230017324_morp_ 0.235_T0_ 1556.965695_P_ 19.3876438_analysis_6, none, Eclipse indices (see function measure_eclipses_dt).
# zeros_1, minimum_1, peaks_2_n, peaks_1, p_2_p, minimum_1_in, zeros_1_in, minimum_1_in_mid, zeros_1_in, minimum_1_in, p_2_p, peaks_1, peaks_2_n, minimum_1, zeros_1
358836,358836,358875,359119,360327,360373,360373,362253,364134,364133,364194,365400,365645,365679,365679
608359,608359,608392,608635,609843,609892,609891,611772,613653,613652,613710,614917,615162,615207,615206
