# TIC 0050743469_morp_ 0.574_T0_ 1473.363685_P_ 5.7344094_analysis_6, none, Eclipse indices (see function measure_eclipses_dt).
# zeros_1, minimum_1, peaks_2_n, peaks_1, p_2_p, minimum_1_in, zeros_1_in, minimum_1_in_mid, zeros_1_in, minimum_1_in, p_2_p, peaks_1, peaks_2_n, minimum_1, zeros_1
172900,172899,175833,202338,213690,213690,213690,213690,213690,213690,213690,231758,240133,243027,243026
443181,443181,452984,460425,469326,477756,477756,483731,489707,489706,496380,503040,508919,517110,538207
