# KIC07436177_morp_0.1_T0_54996.882286_P_19.9335233_analysis_6, none, Eclipse indices (see function measure_eclipses_dt).
# zeros_1, minimum_1, peaks_2_n, peaks_1, p_2_p, minimum_1_in, zeros_1_in, minimum_1_in_mid, zeros_1_in, minimum_1_in, p_2_p, peaks_1, peaks_2_n, minimum_1, zeros_1
125885,125884,126788,128221,130875,130875,130875,130875,130875,130875,130875,133534,134944,135874,135874
352942,352941,354184,355540,358573,358573,358573,358573,358573,358573,358573,361589,363094,364128,364127
