# TIC 0376524552_morp_ 0.225_T0_ 1903.581781_P_ 3.7133010_analysis_6, none, Eclipse indices (see function measure_eclipses_dt).
# zeros_1, minimum_1, peaks_2_n, peaks_1, p_2_p, minimum_1_in, zeros_1_in, minimum_1_in_mid, zeros_1_in, minimum_1_in, p_2_p, peaks_1, peaks_2_n, minimum_1, zeros_1
221312,221311,222977,225375,229404,229404,229404,229404,229404,229404,229404,233246,235584,237506,237505
356619,356619,356654,358586,360317,360948,360947,370714,380482,380481,380879,382549,384300,384550,384549
