# TIC 0158713903_morp_ 0.481_T0_ 1546.438457_P_ 3.5943016_analysis_6, none, Eclipse indices (see function measure_eclipses_dt).
# zeros_1, minimum_1, peaks_2_n, peaks_1, p_2_p, minimum_1_in, zeros_1_in, minimum_1_in_mid, zeros_1_in, minimum_1_in, p_2_p, peaks_1, peaks_2_n, minimum_1, zeros_1
212738,212738,215917,232643,238762,238762,238762,238762,238762,238762,238762,244860,261639,265031,265030
928812,928812,932026,945773,954815,954815,954815,954815,954815,954815,954815,963434,977485,981159,981158
