# TIC 0177118177_morp_ 0.648_T0_ 1598.705891_P_ 2.5041961_analysis_6, none, Eclipse indices (see function measure_eclipses_dt).
# zeros_1, minimum_1, peaks_2_n, peaks_1, p_2_p, minimum_1_in, zeros_1_in, minimum_1_in_mid, zeros_1_in, minimum_1_in, p_2_p, peaks_1, peaks_2_n, minimum_1, zeros_1
569462,569462,573483,576580,579836,581707,581707,595792,609878,609877,611730,614853,617784,621342,621342
808667,808666,810157,812966,821218,821858,821857,835867,838243,849876,853325,855738,858211,860952,866487
