# TIC 0173756896_morp_ 0.139_T0_ 1495.615163_P_ 11.3408662_analysis_6, none, Eclipse indices (see function measure_eclipses_dt).
# zeros_1, minimum_1, peaks_2_n, peaks_1, p_2_p, minimum_1_in, zeros_1_in, minimum_1_in_mid, zeros_1_in, minimum_1_in, p_2_p, peaks_1, peaks_2_n, minimum_1, zeros_1
427679,427678,431465,433634,439064,439064,439064,439064,439064,439064,439064,445187,447588,450137,450137
630534,630534,632401,634734,638183,638183,638183,638183,638183,638183,638183,641579,643924,645562,645562
