# TIC 0137905775_morp_ 0.516_T0_ 1870.810651_P_ 0.4031699_analysis_6, none, Eclipse indices (see function measure_eclipses_dt).
# zeros_1, minimum_1, peaks_2_n, peaks_1, p_2_p, minimum_1_in, zeros_1_in, minimum_1_in_mid, zeros_1_in, minimum_1_in, p_2_p, peaks_1, peaks_2_n, minimum_1, zeros_1
467885,467884,475591,487402,502101,502101,502101,502101,502101,502101,502101,517173,528969,537515,537514
713890,713889,726254,737844,753276,753276,753276,753276,753276,753276,753276,767424,778800,786356,786356
