# TIC 0067982365_morp_ 0.364_T0_ 1627.981102_P_ 2.4938218_analysis_6, none, Eclipse indices (see function measure_eclipses_dt).
# zeros_1, minimum_1, peaks_2_n, peaks_1, p_2_p, minimum_1_in, zeros_1_in, minimum_1_in_mid, zeros_1_in, minimum_1_in, p_2_p, peaks_1, peaks_2_n, minimum_1, zeros_1
19181,19180,24534,29644,36455,36455,36455,36455,36455,36455,36455,42684,47607,51882,51882
773626,773625,775542,780439,786143,786143,786143,786143,786143,786143,786143,792021,796752,799556,799555
