# TIC 0034236395_morp_ 0.526_T0_ 1438.343796_P_ 0.8793064_analysis_6, none, Eclipse indices (see function measure_eclipses_dt).
# zeros_1, minimum_1, peaks_2_n, peaks_1, p_2_p, minimum_1_in, zeros_1_in, minimum_1_in_mid, zeros_1_in, minimum_1_in, p_2_p, peaks_1, peaks_2_n, minimum_1, zeros_1
553406,553405,556431,574113,585367,585367,585367,585367,585367,585367,585367,596458,614233,617227,617227
802487,802487,806394,817952,835398,835398,835398,835398,835398,835398,835398,852848,864237,867309,867308
