# TIC 0123311124_morp_ 0.751_T0_ 1684.135624_P_ 0.8715843_analysis_6, none, Eclipse indices (see function measure_eclipses_dt).
# zeros_1, minimum_1, peaks_2_n, peaks_1, p_2_p, minimum_1_in, zeros_1_in, minimum_1_in_mid, zeros_1_in, minimum_1_in, p_2_p, peaks_1, peaks_2_n, minimum_1, zeros_1
47858,47857,65143,86345,141597,141597,141597,141597,141597,141597,141597,257351,280160,289749,289749
289750,289749,316296,338196,379785,379785,379785,379785,379785,379785,379785,411097,427418,473771,473771
