# TIC 0470391356_morp_ 0.479_T0_ 1818.408398_P_ 5.0255956_analysis_6, none, Eclipse indices (see function measure_eclipses_dt).
# zeros_1, minimum_1, peaks_2_n, peaks_1, p_2_p, minimum_1_in, zeros_1_in, minimum_1_in_mid, zeros_1_in, minimum_1_in, p_2_p, peaks_1, peaks_2_n, minimum_1, zeros_1
210611,210610,212423,215527,218563,220610,220610,228754,236899,236898,238265,241783,244604,248385,265599
959738,959737,962280,966217,969952,974261,974261,978904,983549,983548,987314,991148,995167,998040,998040
