# TIC 0048191564_morp_ 0.248_T0_ 1679.863017_P_ 9.5689982_analysis_6, none, Eclipse indices (see function measure_eclipses_dt).
# zeros_1, minimum_1, peaks_2_n, peaks_1, p_2_p, minimum_1_in, zeros_1_in, minimum_1_in_mid, zeros_1_in, minimum_1_in, p_2_p, peaks_1, peaks_2_n, minimum_1, zeros_1
49576,49576,49576,50075,50562,50586,50586,75083,99582,99581,99613,100111,100611,100637,100636
495939,495938,495947,496438,496935,496935,496935,496935,496935,496935,496935,497427,497917,497921,497920
