# TIC 0262020326_morp_ 0.536_T0_ 2038.264747_P_ 3.2139293_analysis_6, none, Eclipse indices (see function measure_eclipses_dt).
# zeros_1, minimum_1, peaks_2_n, peaks_1, p_2_p, minimum_1_in, zeros_1_in, minimum_1_in_mid, zeros_1_in, minimum_1_in, p_2_p, peaks_1, peaks_2_n, minimum_1, zeros_1
773654,773654,774331,775905,777409,778441,778440,789227,800015,800014,800830,802367,803875,804725,804724
959880,959880,960161,961594,963076,963229,963228,973473,983719,983718,983719,985219,987086,987088,987087
