# TIC 0306578324_morp_ 0.842_T0_ 1354.734027_P_ 1.2947789_analysis_6, none, Eclipse indices (see function measure_eclipses_dt).
# zeros_1, minimum_1, peaks_2_n, peaks_1, p_2_p, minimum_1_in, zeros_1_in, minimum_1_in_mid, zeros_1_in, minimum_1_in, p_2_p, peaks_1, peaks_2_n, minimum_1, zeros_1
74843,74843,85786,141592,203803,203803,203803,203803,203803,203803,203803,266556,324636,334824,334824
334825,334824,334825,388529,456559,456559,456559,456559,456559,456559,456559,521403,574841,574842,574842
