# TIC 0268686130_morp_ 0.826_T0_ 1386.387105_P_ 0.4667023_analysis_6, none, Eclipse indices (see function measure_eclipses_dt).
# zeros_1, minimum_1, peaks_2_n, peaks_1, p_2_p, minimum_1_in, zeros_1_in, minimum_1_in_mid, zeros_1_in, minimum_1_in, p_2_p, peaks_1, peaks_2_n, minimum_1, zeros_1
393127,433440,454781,482667,509357,509357,509357,509357,509357,509357,509357,549640,578780,599682,639726
639727,684433,704531,732354,742869,750030,750029,766493,782957,782957,789971,805418,828642,848450,893126
