# TIC 0220315592_morp_ 0.426_T0_ 1469.770428_P_ 1.9711998_analysis_6, none, Eclipse indices (see function measure_eclipses_dt).
# zeros_1, minimum_1, peaks_2_n, peaks_1, p_2_p, minimum_1_in, zeros_1_in, minimum_1_in_mid, zeros_1_in, minimum_1_in, p_2_p, peaks_1, peaks_2_n, minimum_1, zeros_1
347867,347867,351848,356847,362957,362957,362957,362957,362957,362957,362957,370051,375951,377467,377466
572304,572304,579334,585799,594291,594291,594291,594291,594291,594291,594291,602838,609420,615336,615336
