# TIC 0346338553_morp_ 0.226_T0_ 1739.941449_P_ 4.4654940_analysis_6, none, Eclipse indices (see function measure_eclipses_dt).
# zeros_1, minimum_1, peaks_2_n, peaks_1, p_2_p, minimum_1_in, zeros_1_in, minimum_1_in_mid, zeros_1_in, minimum_1_in, p_2_p, peaks_1, peaks_2_n, minimum_1, zeros_1
338797,338796,341421,344281,348977,348977,348977,348977,348977,348977,348977,353857,356804,359125,359124
914904,914904,914949,916929,918603,919307,919306,922216,925126,925125,925607,927562,929526,929982,929982
