# TIC 0126325291_morp_ 0.530_T0_ 1871.158246_P_ 0.8293766_analysis_6, none, Eclipse indices (see function measure_eclipses_dt).
# zeros_1, minimum_1, peaks_2_n, peaks_1, p_2_p, minimum_1_in, zeros_1_in, minimum_1_in_mid, zeros_1_in, minimum_1_in, p_2_p, peaks_1, peaks_2_n, minimum_1, zeros_1
234813,234813,238122,253956,267664,267664,267664,267664,267664,267664,267664,281696,295790,299220,299219
485635,486621,487301,499637,508456,509934,509933,517274,523846,524615,525456,534232,546603,547326,553421
