# TIC 0315060984_morp_ 0.430_T0_ 1738.714839_P_ 1.0955090_analysis_6, none, Eclipse indices (see function measure_eclipses_dt).
# zeros_1, minimum_1, peaks_2_n, peaks_1, p_2_p, minimum_1_in, zeros_1_in, minimum_1_in_mid, zeros_1_in, minimum_1_in, p_2_p, peaks_1, peaks_2_n, minimum_1, zeros_1
218500,218500,226035,234242,244909,244909,244909,244909,244909,244909,244909,255443,263638,270361,270360
471821,471820,477650,485158,494709,494709,494709,494709,494709,494709,494709,504760,512151,521995,539486
