# TIC 0049175300_morp_ 0.888_T0_ 1544.410518_P_ 0.2641902_analysis_6, none, Eclipse indices (see function measure_eclipses_dt).
# zeros_1, minimum_1, peaks_2_n, peaks_1, p_2_p, minimum_1_in, zeros_1_in, minimum_1_in_mid, zeros_1_in, minimum_1_in, p_2_p, peaks_1, peaks_2_n, minimum_1, zeros_1
457183,457182,457183,518478,582168,582168,582168,582168,582168,582168,582168,642330,702783,702785,702784
702785,702785,705128,766700,828196,828196,828196,828196,828196,828196,828196,892838,955071,957182,957181
