# TIC 0146688260_morp_ 0.520_T0_ 1386.265605_P_ 0.5030694_analysis_6, none, Eclipse indices (see function measure_eclipses_dt).
# zeros_1, minimum_1, peaks_2_n, peaks_1, p_2_p, minimum_1_in, zeros_1_in, minimum_1_in_mid, zeros_1_in, minimum_1_in, p_2_p, peaks_1, peaks_2_n, minimum_1, zeros_1
339954,478341,487589,494675,501933,508074,508074,513553,519033,519032,525547,533038,540116,549876,684703
729176,729175,736892,745873,765523,765523,765523,765523,765523,765523,765523,781929,790550,799947,799946
