# TIC 0256516208_morp_ 0.258_T0_ 1957.862044_P_ 3.5725365_analysis_6, none, Eclipse indices (see function measure_eclipses_dt).
# zeros_1, minimum_1, peaks_2_n, peaks_1, p_2_p, minimum_1_in, zeros_1_in, minimum_1_in_mid, zeros_1_in, minimum_1_in, p_2_p, peaks_1, peaks_2_n, minimum_1, zeros_1
49940,49939,51697,55698,60500,60500,60500,60500,60500,60500,60500,65320,69286,71338,71337
302100,302099,302430,306423,310773,310773,310773,310773,310773,310773,310773,314576,318091,318991,318991
