# TIC 0390996644_morp_ 0.574_T0_ 1657.149871_P_ 1.9194360_analysis_6, none, Eclipse indices (see function measure_eclipses_dt).
# zeros_1, minimum_1, peaks_2_n, peaks_1, p_2_p, minimum_1_in, zeros_1_in, minimum_1_in_mid, zeros_1_in, minimum_1_in, p_2_p, peaks_1, peaks_2_n, minimum_1, zeros_1
569493,569492,571655,584749,594481,594481,594481,594481,594481,594481,594481,603823,616962,619401,619400
755491,755490,758297,777917,784454,786848,786847,787416,787985,787985,790405,797088,816703,819257,819256
