# TIC 0283640314_morp_ 0.422_T0_ 1765.251915_P_ 5.5054613_analysis_6, none, Eclipse indices (see function measure_eclipses_dt).
# zeros_1, minimum_1, peaks_2_n, peaks_1, p_2_p, minimum_1_in, zeros_1_in, minimum_1_in_mid, zeros_1_in, minimum_1_in, p_2_p, peaks_1, peaks_2_n, minimum_1, zeros_1
183453,183452,188084,194077,202898,202898,202898,202898,202898,202898,202898,211721,217737,222580,222580
433207,433207,438168,443734,452610,452610,452610,452610,452610,452610,452610,462092,467679,472807,472807
