# TIC 0077044472_morp_ 0.391_T0_ 1356.104448_P_ 2.6857078_analysis_6, none, Eclipse indices (see function measure_eclipses_dt).
# zeros_1, minimum_1, peaks_2_n, peaks_1, p_2_p, minimum_1_in, zeros_1_in, minimum_1_in_mid, zeros_1_in, minimum_1_in, p_2_p, peaks_1, peaks_2_n, minimum_1, zeros_1
302930,302929,305016,314202,324504,324504,324504,324504,324504,324504,324504,334639,343710,345966,345965
637108,637108,641029,648876,658220,658220,658220,658220,658220,658220,658220,668905,677949,680695,680694
