# TIC 0244250449_morp_ 0.540_T0_ 1439.727751_P_ 1.7460727_analysis_6, none, Eclipse indices (see function measure_eclipses_dt).
# zeros_1, minimum_1, peaks_2_n, peaks_1, p_2_p, minimum_1_in, zeros_1_in, minimum_1_in_mid, zeros_1_in, minimum_1_in, p_2_p, peaks_1, peaks_2_n, minimum_1, zeros_1
267754,267753,271139,299507,311878,311878,311878,311878,311878,311878,311878,323403,352587,356091,356091
519342,519341,522603,541585,561915,561915,561915,561915,561915,561915,561915,590230,601813,604804,604803
