# TIC 0279640088_morp_ 0.369_T0_ 1471.079752_P_ 5.9268456_analysis_6, none, Eclipse indices (see function measure_eclipses_dt).
# zeros_1, minimum_1, peaks_2_n, peaks_1, p_2_p, minimum_1_in, zeros_1_in, minimum_1_in_mid, zeros_1_in, minimum_1_in, p_2_p, peaks_1, peaks_2_n, minimum_1, zeros_1
292253,292252,297406,303391,311151,311151,311151,311151,311151,311151,311151,318791,324861,329287,329286
546646,546645,556082,562238,570558,570558,570558,570558,570558,570558,570558,578833,584761,599101,599101
