# TIC 0053993965_morp_ 0.427_T0_ 2061.525000_P_ 1.1538562_analysis_6, none, Eclipse indices (see function measure_eclipses_dt).
# zeros_1, minimum_1, peaks_2_n, peaks_1, p_2_p, minimum_1_in, zeros_1_in, minimum_1_in_mid, zeros_1_in, minimum_1_in, p_2_p, peaks_1, peaks_2_n, minimum_1, zeros_1
150179,150179,152839,160488,169340,169340,169340,169340,169340,169340,169340,178878,186407,191417,191416
897996,897995,902498,910035,919448,919448,919448,919448,919448,919448,919448,928954,936669,941191,941191
