# TIC 0399814051_morp_ 0.601_T0_ 1438.911574_P_ 1.1024380_analysis_6, none, Eclipse indices (see function measure_eclipses_dt).
# zeros_1, minimum_1, peaks_2_n, peaks_1, p_2_p, minimum_1_in, zeros_1_in, minimum_1_in_mid, zeros_1_in, minimum_1_in, p_2_p, peaks_1, peaks_2_n, minimum_1, zeros_1
233989,285074,290076,318736,332188,332188,332188,332188,332188,332188,332188,345850,374116,379113,379113
485393,534834,540082,569417,582161,582161,582161,582161,582161,582161,582161,595132,624087,629605,733988
