# TIC 0337470211_morp_ 0.303_T0_ 1765.833708_P_ 1.3238004_analysis_6, none, Eclipse indices (see function measure_eclipses_dt).
# zeros_1, minimum_1, peaks_2_n, peaks_1, p_2_p, minimum_1_in, zeros_1_in, minimum_1_in_mid, zeros_1_in, minimum_1_in, p_2_p, peaks_1, peaks_2_n, minimum_1, zeros_1
187971,187970,191851,195751,200866,200866,200866,200866,200866,200866,200866,205908,209757,213604,213603
437060,437059,441976,445751,450762,450762,450762,450762,450762,450762,450762,455801,459578,464222,464221
