# TIC 0284925600_morp_ 0.532_T0_ 1765.250614_P_ 1.2457081_analysis_6, none, Eclipse indices (see function measure_eclipses_dt).
# zeros_1, minimum_1, peaks_2_n, peaks_1, p_2_p, minimum_1_in, zeros_1_in, minimum_1_in_mid, zeros_1_in, minimum_1_in, p_2_p, peaks_1, peaks_2_n, minimum_1, zeros_1
196796,196795,204445,218814,236293,236293,236293,236293,236293,236293,236293,251222,267720,275787,275787
448025,448024,454959,466330,486246,486246,486246,486246,486246,486246,486246,506005,517275,524643,524643
