# TIC 0377192675_morp_ 0.401_T0_ 1684.624233_P_ 1.8183809_analysis_6, none, Eclipse indices (see function measure_eclipses_dt).
# zeros_1, minimum_1, peaks_2_n, peaks_1, p_2_p, minimum_1_in, zeros_1_in, minimum_1_in_mid, zeros_1_in, minimum_1_in, p_2_p, peaks_1, peaks_2_n, minimum_1, zeros_1
387993,387993,388018,390805,393608,393608,393608,393608,393608,393608,393608,396417,399228,399232,399231
399232,399232,399232,402054,404891,404891,404891,404891,404891,404891,404891,407715,410546,410556,410556
