# TIC 0366972961_morp_ 0.455_T0_ 1766.054698_P_ 2.5127197_analysis_6, none, Eclipse indices (see function measure_eclipses_dt).
# zeros_1, minimum_1, peaks_2_n, peaks_1, p_2_p, minimum_1_in, zeros_1_in, minimum_1_in_mid, zeros_1_in, minimum_1_in, p_2_p, peaks_1, peaks_2_n, minimum_1, zeros_1
475406,475405,490631,509629,598561,598561,598561,598561,598561,598561,598561,684857,703278,722748,722747
722748,722748,740152,758239,849807,849807,849807,849807,849807,849807,849807,936273,954035,975405,975404
