# TIC 0234211934_morp_ 0.489_T0_ 1468.811066_P_ 1.0649345_analysis_6, none, Eclipse indices (see function measure_eclipses_dt).
# zeros_1, minimum_1, peaks_2_n, peaks_1, p_2_p, minimum_1_in, zeros_1_in, minimum_1_in_mid, zeros_1_in, minimum_1_in, p_2_p, peaks_1, peaks_2_n, minimum_1, zeros_1
326007,326006,329220,337097,346473,346473,346473,346473,346473,346473,346473,355862,363203,366381,366380
576290,576289,579243,587239,596617,596617,596617,596617,596617,596617,596617,606266,613219,616462,616461
