# TIC 0349484636_morp_ 0.756_T0_ 1598.143648_P_ 0.3719685_analysis_6, none, Eclipse indices (see function measure_eclipses_dt).
# zeros_1, minimum_1, peaks_2_n, peaks_1, p_2_p, minimum_1_in, zeros_1_in, minimum_1_in_mid, zeros_1_in, minimum_1_in, p_2_p, peaks_1, peaks_2_n, minimum_1, zeros_1
143795,143795,206938,228876,264780,264780,264780,264780,264780,264780,264780,299608,320721,384756,384755
384756,384756,458399,479583,513812,513812,513812,513812,513812,513812,513812,548698,569728,643794,643794
