# TIC 0414807623_morp_ 0.448_T0_ 1766.812833_P_ 2.1191162_analysis_6, none, Eclipse indices (see function measure_eclipses_dt).
# zeros_1, minimum_1, peaks_2_n, peaks_1, p_2_p, minimum_1_in, zeros_1_in, minimum_1_in_mid, zeros_1_in, minimum_1_in, p_2_p, peaks_1, peaks_2_n, minimum_1, zeros_1
631607,631607,636414,641942,651412,651412,651412,651412,651412,651412,651412,660231,665588,670405,670404
879688,879687,880538,894134,899519,899519,899519,899519,899519,899519,899519,905645,973905,976333,976332
