# TIC 0193391232_morp_ 0.522_T0_ 1714.769482_P_ 3.4510694_analysis_6, none, Eclipse indices (see function measure_eclipses_dt).
# zeros_1, minimum_1, peaks_2_n, peaks_1, p_2_p, minimum_1_in, zeros_1_in, minimum_1_in_mid, zeros_1_in, minimum_1_in, p_2_p, peaks_1, peaks_2_n, minimum_1, zeros_1
514313,536748,536856,536964,551302,551302,551302,551302,551302,551302,551302,560481,565765,565863,565863
764524,766661,766769,782379,788967,788967,788967,788967,788967,788967,788967,805417,805524,825828,825828
