# TIC 0389658055_morp_ 0.769_T0_ 1325.358535_P_ 0.3283473_analysis_6, none, Eclipse indices (see function measure_eclipses_dt).
# zeros_1, minimum_1, peaks_2_n, peaks_1, p_2_p, minimum_1_in, zeros_1_in, minimum_1_in_mid, zeros_1_in, minimum_1_in, p_2_p, peaks_1, peaks_2_n, minimum_1, zeros_1
312109,312108,314699,406650,440011,440011,440011,440011,440011,440011,440011,473515,565467,573077,573077
573078,573077,573078,656557,692012,692012,692012,692012,692012,692012,692012,725918,812106,812108,812107
