# TIC 0044560801_morp_ 0.444_T0_ 1767.237100_P_ 2.7935345_analysis_6, none, Eclipse indices (see function measure_eclipses_dt).
# zeros_1, minimum_1, peaks_2_n, peaks_1, p_2_p, minimum_1_in, zeros_1_in, minimum_1_in_mid, zeros_1_in, minimum_1_in, p_2_p, peaks_1, peaks_2_n, minimum_1, zeros_1
269375,269374,278786,289995,304376,304376,304376,304376,304376,304376,304376,319115,330828,339054,339053
473475,473475,474293,484456,495203,495203,495203,495203,495203,495203,495203,505197,514915,515596,515596
