# TIC 0343757299_morp_ 0.260_T0_ 1630.704162_P_ 5.8192347_analysis_6, none, Eclipse indices (see function measure_eclipses_dt).
# zeros_1, minimum_1, peaks_2_n, peaks_1, p_2_p, minimum_1_in, zeros_1_in, minimum_1_in_mid, zeros_1_in, minimum_1_in, p_2_p, peaks_1, peaks_2_n, minimum_1, zeros_1
514983,516847,517010,518623,525130,525130,525130,525130,525130,525130,525130,533114,535218,535380,536738
766914,766913,767010,768610,771685,771810,772272,775392,778974,778974,779067,783126,784726,784824,784823
