# TIC 0236313673_morp_ 0.577_T0_ 1956.023322_P_ 0.4954296_analysis_6, none, Eclipse indices (see function measure_eclipses_dt).
# zeros_1, minimum_1, peaks_2_n, peaks_1, p_2_p, minimum_1_in, zeros_1_in, minimum_1_in_mid, zeros_1_in, minimum_1_in, p_2_p, peaks_1, peaks_2_n, minimum_1, zeros_1
286084,317885,322454,443095,487832,487832,487832,487832,487832,487832,487832,507670,514189,520925,652164
700749,700748,707142,716310,734852,734852,734852,734852,734852,734852,734852,754183,764195,771938,771938
