# TIC 0055659311_morp_ 0.049_T0_ 1347.594072_P_ 31.1134188_analysis_6, none, Eclipse indices (see function measure_eclipses_dt).
# zeros_1, minimum_1, peaks_2_n, peaks_1, p_2_p, minimum_1_in, zeros_1_in, minimum_1_in_mid, zeros_1_in, minimum_1_in, p_2_p, peaks_1, peaks_2_n, minimum_1, zeros_1
593781,593781,593784,593910,594037,594037,594037,594037,594037,594037,594037,594167,594294,594298,594297
863173,863172,863175,863302,863430,863432,863431,865181,866930,866930,866935,867062,867189,867193,867192
