# KIC04738426_morp_0.96_T0_54964.659616_P_0.2488352_analysis_6, none, Eclipse indices (see function measure_eclipses_dt).
# zeros_1, minimum_1, peaks_2_n, peaks_1, p_2_p, minimum_1_in, zeros_1_in, minimum_1_in_mid, zeros_1_in, minimum_1_in, p_2_p, peaks_1, peaks_2_n, minimum_1, zeros_1
328025,328024,328025,390239,451175,451175,451175,451175,451175,451175,451175,513460,575565,575821,575821
575822,575821,575822,643840,702832,702832,702832,702832,702832,702832,702832,761377,827306,828024,828023
