# TIC 0175182754_morp_ 0.337_T0_ 1492.229208_P_ 3.8093294_analysis_6, none, Eclipse indices (see function measure_eclipses_dt).
# zeros_1, minimum_1, peaks_2_n, peaks_1, p_2_p, minimum_1_in, zeros_1_in, minimum_1_in_mid, zeros_1_in, minimum_1_in, p_2_p, peaks_1, peaks_2_n, minimum_1, zeros_1
366624,366623,366624,370282,373636,374129,374129,413633,453138,453137,453434,456860,460450,460452,460451
460452,460452,460519,464270,467752,468407,468406,499721,531036,531035,531258,534686,538143,538292,538291
