# TIC 0320913313_morp_ 0.251_T0_ 2041.143518_P_ 5.4687886_analysis_6, none, Eclipse indices (see function measure_eclipses_dt).
# zeros_1, minimum_1, peaks_2_n, peaks_1, p_2_p, minimum_1_in, zeros_1_in, minimum_1_in_mid, zeros_1_in, minimum_1_in, p_2_p, peaks_1, peaks_2_n, minimum_1, zeros_1
594692,594692,596492,598890,602884,602884,602884,602884,602884,602884,602884,606888,609297,611163,611163
844696,844696,846492,848890,852882,852882,852882,852882,852882,852882,852882,856888,859297,861167,861167
