# TIC 0179985566_morp_ 0.159_T0_ 1363.430455_P_ 11.0349920_analysis_6, none, Eclipse indices (see function measure_eclipses_dt).
# zeros_1, minimum_1, peaks_2_n, peaks_1, p_2_p, minimum_1_in, zeros_1_in, minimum_1_in_mid, zeros_1_in, minimum_1_in, p_2_p, peaks_1, peaks_2_n, minimum_1, zeros_1
40147,40147,42467,42499,42788,42817,42816,45407,47998,47998,48027,49454,50758,50783,50782
796528,796528,798587,799638,800183,800216,800722,802417,804113,804619,804651,805324,807773,807805,808313
