# TIC 0150101472_morp_ 0.352_T0_ 1547.331721_P_ 3.2785242_analysis_6, none, Eclipse indices (see function measure_eclipses_dt).
# zeros_1, minimum_1, peaks_2_n, peaks_1, p_2_p, minimum_1_in, zeros_1_in, minimum_1_in_mid, zeros_1_in, minimum_1_in, p_2_p, peaks_1, peaks_2_n, minimum_1, zeros_1
87568,105372,113111,119624,128352,128352,128352,128352,128352,128352,128352,137084,143610,151514,168581
842863,842863,842863,866428,876138,876138,876138,876138,876138,876138,876138,885222,913741,913743,913742
