# TIC 0363933313_morp_ 0.194_T0_ 1625.517584_P_ 4.6866172_analysis_6, none, Eclipse indices (see function measure_eclipses_dt).
# zeros_1, minimum_1, peaks_2_n, peaks_1, p_2_p, minimum_1_in, zeros_1_in, minimum_1_in_mid, zeros_1_in, minimum_1_in, p_2_p, peaks_1, peaks_2_n, minimum_1, zeros_1
62566,64330,64406,65078,66647,66723,67912,69198,71673,71673,71726,75082,75156,75232,79017
803523,803522,803532,803607,803980,803990,803990,816344,828700,828699,828700,828774,828848,828850,828849
