# TIC 0038936062_morp_ 0.319_T0_ 2037.892658_P_ 1.8547426_analysis_6, none, Eclipse indices (see function measure_eclipses_dt).
# zeros_1, minimum_1, peaks_2_n, peaks_1, p_2_p, minimum_1_in, zeros_1_in, minimum_1_in_mid, zeros_1_in, minimum_1_in, p_2_p, peaks_1, peaks_2_n, minimum_1, zeros_1
650719,650718,653470,657100,661721,661721,661721,661721,661721,661721,661721,666331,669944,672756,672756
900739,900739,903470,907099,911711,911711,911711,911711,911711,911711,911711,916331,919944,922792,922792
