# TIC 0338104678_morp_ 0.679_T0_ 1628.320928_P_ 1.4466495_analysis_6, none, Eclipse indices (see function measure_eclipses_dt).
# zeros_1, minimum_1, peaks_2_n, peaks_1, p_2_p, minimum_1_in, zeros_1_in, minimum_1_in_mid, zeros_1_in, minimum_1_in, p_2_p, peaks_1, peaks_2_n, minimum_1, zeros_1
217425,229312,327797,338861,364203,364203,364203,364203,364203,364203,364203,393461,406789,508765,508765
508766,508766,576639,587332,613883,613883,613883,613883,613883,613883,613883,642852,706456,717424,717423
