# TIC 0278076037_morp_ 0.712_T0_ 1711.565101_P_ 1.2337008_analysis_6, none, Eclipse indices (see function measure_eclipses_dt).
# zeros_1, minimum_1, peaks_2_n, peaks_1, p_2_p, minimum_1_in, zeros_1_in, minimum_1_in_mid, zeros_1_in, minimum_1_in, p_2_p, peaks_1, peaks_2_n, minimum_1, zeros_1
129152,187077,200234,215514,247522,247522,247522,247522,247522,247522,247522,279518,295612,309473,367162
367163,435036,450632,468221,498256,498256,498256,498256,498256,498256,498256,528183,545220,560511,629150
