# TIC 0164720673_morp_ 0.889_T0_ 1386.116324_P_ 0.3659915_analysis_6, none, Eclipse indices (see function measure_eclipses_dt).
# zeros_1, minimum_1, peaks_2_n, peaks_1, p_2_p, minimum_1_in, zeros_1_in, minimum_1_in_mid, zeros_1_in, minimum_1_in, p_2_p, peaks_1, peaks_2_n, minimum_1, zeros_1
156827,156827,219874,239135,280354,280354,280354,280354,280354,280354,280354,323376,341626,402844,402844
402845,402844,470101,489152,531543,531543,531543,531543,531543,531543,531543,572908,591359,656826,656826
