# TIC 0180570279_morp_ 0.533_T0_ 1900.533026_P_ 4.7980204_analysis_6, none, Eclipse indices (see function measure_eclipses_dt).
# zeros_1, minimum_1, peaks_2_n, peaks_1, p_2_p, minimum_1_in, zeros_1_in, minimum_1_in_mid, zeros_1_in, minimum_1_in, p_2_p, peaks_1, peaks_2_n, minimum_1, zeros_1
371882,371881,371885,372027,372170,372173,372173,387669,403166,403165,403167,403310,403454,403455,403455
403456,403455,403456,403599,403743,403744,403744,418342,432941,432941,432941,433080,433218,433219,433219
