# TIC 0425675208_morp_ 0.407_T0_ 1656.490793_P_ 3.4083681_analysis_6, none, Eclipse indices (see function measure_eclipses_dt).
# zeros_1, minimum_1, peaks_2_n, peaks_1, p_2_p, minimum_1_in, zeros_1_in, minimum_1_in_mid, zeros_1_in, minimum_1_in, p_2_p, peaks_1, peaks_2_n, minimum_1, zeros_1
765261,765260,765295,765405,767662,767662,767662,767662,767662,767662,767662,770398,770508,770575,770574
852113,852113,852176,853155,855434,855504,855503,864122,872740,872740,872810,874221,875200,875264,875263
