# TIC 0161685680_morp_ 0.211_T0_ 1958.546217_P_ 3.7392234_analysis_6, none, Eclipse indices (see function measure_eclipses_dt).
# zeros_1, minimum_1, peaks_2_n, peaks_1, p_2_p, minimum_1_in, zeros_1_in, minimum_1_in_mid, zeros_1_in, minimum_1_in, p_2_p, peaks_1, peaks_2_n, minimum_1, zeros_1
270840,270839,272572,275171,278442,278442,278442,278442,278442,278442,278442,281715,284311,286109,286109
519380,519380,522019,524781,528371,528371,528371,528371,528371,528371,528371,531956,534732,537166,537166
