# TIC 0454058066_morp_ 0.667_T0_ 1628.994065_P_ 6.4562843_analysis_6, none, Eclipse indices (see function measure_eclipses_dt).
# zeros_1, minimum_1, peaks_2_n, peaks_1, p_2_p, minimum_1_in, zeros_1_in, minimum_1_in_mid, zeros_1_in, minimum_1_in, p_2_p, peaks_1, peaks_2_n, minimum_1, zeros_1
94612,94611,94612,94666,94718,94720,94719,175390,256060,256060,256062,256116,256170,256172,256172
491324,491323,491324,491377,491429,491430,491430,541228,591027,591027,591027,591081,591134,591136,591135
