# TIC 0232612416_morp_ 0.197_T0_ 1931.289328_P_ 4.3601328_analysis_6, none, Eclipse indices (see function measure_eclipses_dt).
# zeros_1, minimum_1, peaks_2_n, peaks_1, p_2_p, minimum_1_in, zeros_1_in, minimum_1_in_mid, zeros_1_in, minimum_1_in, p_2_p, peaks_1, peaks_2_n, minimum_1, zeros_1
480324,480324,480414,484324,488364,488364,488364,488364,488364,488364,488364,491957,495202,496090,496090
636163,636162,638765,642227,646633,646633,646633,646633,646633,646633,646633,651039,654498,657076,657075
