# TIC 0053963396_morp_ 0.507_T0_ 1957.953358_P_ 2.7336262_analysis_6, none, Eclipse indices (see function measure_eclipses_dt).
# zeros_1, minimum_1, peaks_2_n, peaks_1, p_2_p, minimum_1_in, zeros_1_in, minimum_1_in_mid, zeros_1_in, minimum_1_in, p_2_p, peaks_1, peaks_2_n, minimum_1, zeros_1
204544,204544,204657,206925,209191,209326,210899,221741,234157,234156,234252,238117,241450,241542,241541
287334,287334,287337,287470,287604,287607,287606,299082,310557,310557,310561,310695,310828,310833,310833
