# TIC 0141333573_morp_ 0.378_T0_ 1574.203975_P_ 4.2473074_analysis_6, none, Eclipse indices (see function measure_eclipses_dt).
# zeros_1, minimum_1, peaks_2_n, peaks_1, p_2_p, minimum_1_in, zeros_1_in, minimum_1_in_mid, zeros_1_in, minimum_1_in, p_2_p, peaks_1, peaks_2_n, minimum_1, zeros_1
161786,161786,161822,172790,197652,197652,197652,197652,197652,197652,197652,255763,266256,267572,267572
431266,431265,434444,441093,446109,447738,447738,464540,481343,481342,482159,487444,494316,496958,496957
