# TIC 0165987272_morp_ 0.212_T0_ 1936.851391_P_ 15.6888569_analysis_6, none, Eclipse indices (see function measure_eclipses_dt).
# zeros_1, minimum_1, peaks_2_n, peaks_1, p_2_p, minimum_1_in, zeros_1_in, minimum_1_in_mid, zeros_1_in, minimum_1_in, p_2_p, peaks_1, peaks_2_n, minimum_1, zeros_1
307180,307180,308821,310690,313917,313917,313917,313917,313917,313917,313917,317201,319101,320712,320712
631391,631391,631525,632842,634089,634359,634359,639052,643746,643746,643784,645172,646331,646976,646975
