# TIC 0173424364_morp_ 0.642_T0_ 1738.736837_P_ 1.4790434_analysis_6, none, Eclipse indices (see function measure_eclipses_dt).
# zeros_1, minimum_1, peaks_2_n, peaks_1, p_2_p, minimum_1_in, zeros_1_in, minimum_1_in_mid, zeros_1_in, minimum_1_in, p_2_p, peaks_1, peaks_2_n, minimum_1, zeros_1
67976,162285,185248,200084,225890,225890,225890,225890,225890,225890,225890,249024,262968,282213,337459
432049,432048,435956,451918,485795,485795,485795,485795,485795,485795,485795,506356,550004,567975,567974
