# TIC 0031054255_morp_ 0.295_T0_ 1438.429859_P_ 0.8738720_analysis_6, none, Eclipse indices (see function measure_eclipses_dt).
# zeros_1, minimum_1, peaks_2_n, peaks_1, p_2_p, minimum_1_in, zeros_1_in, minimum_1_in_mid, zeros_1_in, minimum_1_in, p_2_p, peaks_1, peaks_2_n, minimum_1, zeros_1
461360,461360,464887,477938,492392,492392,492392,492392,492392,492392,492392,508478,522962,525041,525041
851317,851316,853909,868049,883788,883788,883788,883788,883788,883788,883788,898759,912210,915534,915534
