# TIC 0055896456_morp_ 0.788_T0_ 1438.353555_P_ 0.4647737_analysis_6, none, Eclipse indices (see function measure_eclipses_dt).
# zeros_1, minimum_1, peaks_2_n, peaks_1, p_2_p, minimum_1_in, zeros_1_in, minimum_1_in_mid, zeros_1_in, minimum_1_in, p_2_p, peaks_1, peaks_2_n, minimum_1, zeros_1
89344,89344,89344,187859,215950,215950,215950,215950,215950,215950,215950,243923,335101,341525,341524
341525,341525,349997,441637,465864,465864,465864,465864,465864,465864,465864,490044,583328,589343,589343
