# TIC 0253826623_morp_ 0.123_T0_ 1667.331670_P_ 18.3530326_analysis_6, none, Eclipse indices (see function measure_eclipses_dt).
# zeros_1, minimum_1, peaks_2_n, peaks_1, p_2_p, minimum_1_in, zeros_1_in, minimum_1_in_mid, zeros_1_in, minimum_1_in, p_2_p, peaks_1, peaks_2_n, minimum_1, zeros_1
59880,59879,59880,59899,59917,59919,59918,75645,91371,91371,91371,91391,91409,91411,91410
841916,841916,841920,841940,842038,842043,842043,844828,847614,847613,847618,847717,847736,847741,847740
