# TIC 0353894978_morp_ 0.430_T0_ 1685.643850_P_ 3.3418257_analysis_6, none, Eclipse indices (see function measure_eclipses_dt).
# zeros_1, minimum_1, peaks_2_n, peaks_1, p_2_p, minimum_1_in, zeros_1_in, minimum_1_in_mid, zeros_1_in, minimum_1_in, p_2_p, peaks_1, peaks_2_n, minimum_1, zeros_1
547248,547247,548623,552225,576167,576167,576167,576167,576167,576167,576167,600154,603640,605839,605838
797247,797247,798623,802225,806280,806402,806401,826167,845933,845932,845935,850154,853640,855839,855838
