# TIC 0467294853_morp_ 0.512_T0_ 1956.142225_P_ 1.0881088_analysis_6, none, Eclipse indices (see function measure_eclipses_dt).
# zeros_1, minimum_1, peaks_2_n, peaks_1, p_2_p, minimum_1_in, zeros_1_in, minimum_1_in_mid, zeros_1_in, minimum_1_in, p_2_p, peaks_1, peaks_2_n, minimum_1, zeros_1
47271,47270,52389,63517,73792,73792,73792,73792,73792,73792,73792,86071,95220,100775,100774
297281,297281,302395,313589,323806,323806,323806,323806,323806,323806,323806,335739,345198,350202,350202
