# KIC09119652_morp_0.43_T0_54964.698572_P_2.216238_analysis_6, none, Eclipse indices (see function measure_eclipses_dt).
# zeros_1, minimum_1, peaks_2_n, peaks_1, p_2_p, minimum_1_in, zeros_1_in, minimum_1_in_mid, zeros_1_in, minimum_1_in, p_2_p, peaks_1, peaks_2_n, minimum_1, zeros_1
554811,554810,558141,567524,573024,573024,573024,573024,573024,573024,573024,578416,587932,590882,590881
804149,804148,808167,817553,822947,822947,822947,822947,822947,822947,822947,828395,837706,843337,849469
