# TIC 0103566595_morp_ 0.844_T0_ 1816.214538_P_ 4.1944503_analysis_6, none, Eclipse indices (see function measure_eclipses_dt).
# zeros_1, minimum_1, peaks_2_n, peaks_1, p_2_p, minimum_1_in, zeros_1_in, minimum_1_in_mid, zeros_1_in, minimum_1_in, p_2_p, peaks_1, peaks_2_n, minimum_1, zeros_1
433438,445034,450007,474983,496775,500555,500554,517163,533773,533772,533791,554849,558847,561360,561360
678157,678157,688930,693115,784071,784071,784071,784071,784071,784071,784071,874560,904489,905693,905693
