# TIC 0088916475_morp_ 0.129_T0_ 1492.116758_P_ 11.2994767_analysis_6, none, Eclipse indices (see function measure_eclipses_dt).
# zeros_1, minimum_1, peaks_2_n, peaks_1, p_2_p, minimum_1_in, zeros_1_in, minimum_1_in_mid, zeros_1_in, minimum_1_in, p_2_p, peaks_1, peaks_2_n, minimum_1, zeros_1
351390,351389,353650,355590,358174,358174,358174,358174,358174,358174,358174,360764,362744,364924,364924
473945,473944,475797,477737,480254,480254,480254,480254,480254,480254,480254,482759,484678,486520,486520
