# TIC 0387834907_morp_ 0.199_T0_ 1739.884119_P_ 12.6526261_analysis_6, none, Eclipse indices (see function measure_eclipses_dt).
# zeros_1, minimum_1, peaks_2_n, peaks_1, p_2_p, minimum_1_in, zeros_1_in, minimum_1_in_mid, zeros_1_in, minimum_1_in, p_2_p, peaks_1, peaks_2_n, minimum_1, zeros_1
458196,458195,458702,461297,464202,464202,464202,464202,464202,464202,464202,467290,469770,471730,471730
495870,495870,497879,500703,504275,504275,504275,504275,504275,504275,504275,507816,510520,513318,513318
