# TIC 0290032774_morp_ 0.673_T0_ 1683.884458_P_ 0.5778514_analysis_6, none, Eclipse indices (see function measure_eclipses_dt).
# zeros_1, minimum_1, peaks_2_n, peaks_1, p_2_p, minimum_1_in, zeros_1_in, minimum_1_in_mid, zeros_1_in, minimum_1_in, p_2_p, peaks_1, peaks_2_n, minimum_1, zeros_1
445080,507285,523980,545698,575714,575714,575714,575714,575714,575714,575714,605355,627300,643931,705216
705217,759205,771738,784903,825962,825962,825962,825962,825962,825962,825962,865744,879952,892140,945078
