# TIC 0072588909_morp_ 0.922_T0_ 1388.816052_P_ 0.5731825_analysis_6, none, Eclipse indices (see function measure_eclipses_dt).
# zeros_1, minimum_1, peaks_2_n, peaks_1, p_2_p, minimum_1_in, zeros_1_in, minimum_1_in_mid, zeros_1_in, minimum_1_in, p_2_p, peaks_1, peaks_2_n, minimum_1, zeros_1
242411,242411,242411,296366,363410,363410,363410,363410,363410,363410,363410,434546,485836,485838,485837
485838,485838,488174,550932,614963,614963,614963,614963,614963,614963,614963,682426,736142,742410,742410
