# TIC 0288882010_morp_ 0.513_T0_ 2010.408597_P_ 2.5924356_analysis_6, none, Eclipse indices (see function measure_eclipses_dt).
# zeros_1, minimum_1, peaks_2_n, peaks_1, p_2_p, minimum_1_in, zeros_1_in, minimum_1_in_mid, zeros_1_in, minimum_1_in, p_2_p, peaks_1, peaks_2_n, minimum_1, zeros_1
489953,489953,490021,492308,494268,495096,495096,512912,530729,530729,530729,532491,534203,534204,534204
858201,858200,860184,863461,869850,872341,872341,879869,887398,887397,889441,896010,899374,902224,902223
