# TIC 0038423705_morp_ 0.809_T0_ 1570.647352_P_ 0.5336538_analysis_6, none, Eclipse indices (see function measure_eclipses_dt).
# zeros_1, minimum_1, peaks_2_n, peaks_1, p_2_p, minimum_1_in, zeros_1_in, minimum_1_in_mid, zeros_1_in, minimum_1_in, p_2_p, peaks_1, peaks_2_n, minimum_1, zeros_1
97684,97683,108110,184119,221489,221489,221489,221489,221489,221489,221489,258697,334637,346174,346173
346174,346174,346174,426124,472170,472170,472170,472170,472170,472170,472170,547526,597681,597683,597682
