# TIC 0202442974_morp_ 0.383_T0_ 1871.071276_P_ 2.7389210_analysis_6, none, Eclipse indices (see function measure_eclipses_dt).
# zeros_1, minimum_1, peaks_2_n, peaks_1, p_2_p, minimum_1_in, zeros_1_in, minimum_1_in_mid, zeros_1_in, minimum_1_in, p_2_p, peaks_1, peaks_2_n, minimum_1, zeros_1
18030,18030,18030,22129,26796,26796,26796,26796,26796,26796,26796,35456,40213,50731,50730
488226,488226,489992,496406,503119,503119,503119,503119,503119,503119,503119,509746,516243,518029,518029
