# TIC 0301072091_morp_ 0.323_T0_ 1683.605392_P_ 7.9062585_analysis_6, none, Eclipse indices (see function measure_eclipses_dt).
# zeros_1, minimum_1, peaks_2_n, peaks_1, p_2_p, minimum_1_in, zeros_1_in, minimum_1_in_mid, zeros_1_in, minimum_1_in, p_2_p, peaks_1, peaks_2_n, minimum_1, zeros_1
472730,472730,472759,474263,474673,474719,476347,477785,480853,480852,480878,483311,485194,485228,485227
722354,724181,724228,724274,726516,726551,726550,729246,731230,731941,731988,733309,733901,733948,734850
