# TIC 0355601553_morp_ 0.952_T0_ 1325.335270_P_ 0.4299469_analysis_6, none, Eclipse indices (see function measure_eclipses_dt).
# zeros_1, minimum_1, peaks_2_n, peaks_1, p_2_p, minimum_1_in, zeros_1_in, minimum_1_in_mid, zeros_1_in, minimum_1_in, p_2_p, peaks_1, peaks_2_n, minimum_1, zeros_1
366945,366944,367449,368261,372319,372831,372831,435635,498440,498439,498942,503000,503813,504309,504308
623469,623468,623942,624754,628813,629288,629288,685622,741957,741956,742449,746507,747319,747803,747802
