# TIC 0357911163_morp_ 0.236_T0_ 1599.815016_P_ 4.7818281_analysis_6, none, Eclipse indices (see function measure_eclipses_dt).
# zeros_1, minimum_1, peaks_2_n, peaks_1, p_2_p, minimum_1_in, zeros_1_in, minimum_1_in_mid, zeros_1_in, minimum_1_in, p_2_p, peaks_1, peaks_2_n, minimum_1, zeros_1
92904,92903,94866,97122,102115,102115,102115,102115,102115,102115,102115,106886,109598,111160,111160
343800,343799,345581,348132,352929,352929,352929,352929,352929,352929,352929,357720,360156,362058,362057
