# TIC 0089428764_morp_ 0.841_T0_ 1325.515149_P_ 0.3766095_analysis_6, none, Eclipse indices (see function measure_eclipses_dt).
# zeros_1, minimum_1, peaks_2_n, peaks_1, p_2_p, minimum_1_in, zeros_1_in, minimum_1_in_mid, zeros_1_in, minimum_1_in, p_2_p, peaks_1, peaks_2_n, minimum_1, zeros_1
424381,470530,488445,512276,532302,539786,539786,551153,562521,562521,572645,591570,606659,635015,678816
678817,678816,738381,764194,801372,801372,801372,801372,801372,801372,801372,840360,909334,924380,924380
