# TIC 0279322914_morp_ 0.118_T0_ 1601.805774_P_ 18.8676842_analysis_6, none, Eclipse indices (see function measure_eclipses_dt).
# zeros_1, minimum_1, peaks_2_n, peaks_1, p_2_p, minimum_1_in, zeros_1_in, minimum_1_in_mid, zeros_1_in, minimum_1_in, p_2_p, peaks_1, peaks_2_n, minimum_1, zeros_1
144127,144126,144874,145872,146858,147674,147673,148637,149600,149600,150397,151378,152389,153171,153171
886681,886680,886681,889188,889956,890378,890378,892004,893631,893630,894081,894830,895524,896425,896424
