# TIC 0305633328_morp_ 0.622_T0_ 1739.223614_P_ 2.5034441_analysis_6, none, Eclipse indices (see function measure_eclipses_dt).
# zeros_1, minimum_1, peaks_2_n, peaks_1, p_2_p, minimum_1_in, zeros_1_in, minimum_1_in_mid, zeros_1_in, minimum_1_in, p_2_p, peaks_1, peaks_2_n, minimum_1, zeros_1
305940,372063,379319,408427,425308,425308,425308,425308,425308,425308,425308,441830,471676,478653,546697
555349,621636,629363,657334,675328,675328,675328,675328,675328,675328,675328,693245,721610,728973,796471
