# TIC 0279217728_morp_ 0.345_T0_ 1630.062738_P_ 8.7305630_analysis_6, none, Eclipse indices (see function measure_eclipses_dt).
# zeros_1, minimum_1, peaks_2_n, peaks_1, p_2_p, minimum_1_in, zeros_1_in, minimum_1_in_mid, zeros_1_in, minimum_1_in, p_2_p, peaks_1, peaks_2_n, minimum_1, zeros_1
134658,134658,136214,138558,147349,147349,147349,147349,147349,147349,147349,155933,158235,160141,160140
383326,383325,384464,386641,388831,389987,389986,393338,396689,396689,397728,400275,402620,404099,404099
