# TIC 0387513384_morp_ 0.782_T0_ 1411.079651_P_ 0.2974686_analysis_6, none, Eclipse indices (see function measure_eclipses_dt).
# zeros_1, minimum_1, peaks_2_n, peaks_1, p_2_p, minimum_1_in, zeros_1_in, minimum_1_in_mid, zeros_1_in, minimum_1_in, p_2_p, peaks_1, peaks_2_n, minimum_1, zeros_1
168220,168220,240337,259039,291807,291807,291807,291807,291807,291807,291807,324531,342756,418286,418286
418287,418286,418287,508262,543569,543569,543569,543569,543569,543569,543569,577615,668218,668219,668219
