# TIC 0356340346_morp_ 0.103_T0_ 1703.874749_P_ 23.8543071_analysis_6, none, Eclipse indices (see function measure_eclipses_dt).
# zeros_1, minimum_1, peaks_2_n, peaks_1, p_2_p, minimum_1_in, zeros_1_in, minimum_1_in_mid, zeros_1_in, minimum_1_in, p_2_p, peaks_1, peaks_2_n, minimum_1, zeros_1
366464,366463,366519,366720,367723,367776,367775,369733,371691,371691,371742,372746,372946,373001,373000
731154,731154,731278,731476,732471,732564,732564,736495,740427,740426,740469,741484,741682,741766,741766
