# TIC 0038023570_morp_ 0.426_T0_ 1468.799434_P_ 1.2215651_analysis_6, none, Eclipse indices (see function measure_eclipses_dt).
# zeros_1, minimum_1, peaks_2_n, peaks_1, p_2_p, minimum_1_in, zeros_1_in, minimum_1_in_mid, zeros_1_in, minimum_1_in, p_2_p, peaks_1, peaks_2_n, minimum_1, zeros_1
701700,701699,707378,713678,721843,721843,721843,721843,721843,721843,721843,729932,736350,740464,740463
953542,953541,957481,963979,972091,972091,972091,972091,972091,972091,972091,979702,986242,988726,988726
