# TIC 0088380001_morp_ 0.147_T0_ 1413.255663_P_ 4.4332324_analysis_6, none, Eclipse indices (see function measure_eclipses_dt).
# zeros_1, minimum_1, peaks_2_n, peaks_1, p_2_p, minimum_1_in, zeros_1_in, minimum_1_in_mid, zeros_1_in, minimum_1_in, p_2_p, peaks_1, peaks_2_n, minimum_1, zeros_1
749777,749776,751539,753483,756441,756441,756441,756441,756441,756441,756441,759306,761184,763133,763133
956633,956633,956782,957917,959058,959058,959058,959058,959058,959058,959058,960536,961798,962049,962048
