# TIC 0326374705_morp_ 0.631_T0_ 1742.731809_P_ 5.4051507_analysis_6, none, Eclipse indices (see function measure_eclipses_dt).
# zeros_1, minimum_1, peaks_2_n, peaks_1, p_2_p, minimum_1_in, zeros_1_in, minimum_1_in_mid, zeros_1_in, minimum_1_in, p_2_p, peaks_1, peaks_2_n, minimum_1, zeros_1
123055,123054,124430,140693,157930,157930,157930,157930,157930,157930,157930,168412,170603,170935,170935
787428,787428,790842,800269,816913,816913,816913,816913,816913,816913,816913,834851,844603,848413,848412
