# TIC 0088703412_morp_ 0.352_T0_ 1843.470553_P_ 2.8699727_analysis_6, none, Eclipse indices (see function measure_eclipses_dt).
# zeros_1, minimum_1, peaks_2_n, peaks_1, p_2_p, minimum_1_in, zeros_1_in, minimum_1_in_mid, zeros_1_in, minimum_1_in, p_2_p, peaks_1, peaks_2_n, minimum_1, zeros_1
70684,70683,70684,112242,123257,123257,123257,123257,123257,123257,123257,135776,144264,165043,165042
347555,347555,351612,361152,372398,372398,372398,372398,372398,372398,372398,384292,394063,398753,398752
