# TIC 0166074503_morp_ 0.708_T0_ 1712.669021_P_ 2.3288589_analysis_6, none, Eclipse indices (see function measure_eclipses_dt).
# zeros_1, minimum_1, peaks_2_n, peaks_1, p_2_p, minimum_1_in, zeros_1_in, minimum_1_in_mid, zeros_1_in, minimum_1_in, p_2_p, peaks_1, peaks_2_n, minimum_1, zeros_1
51294,79007,84143,129858,157044,162082,162081,169812,177543,177542,182193,209306,240141,247493,288545
303053,342928,349417,379475,406941,410941,410941,419745,428550,428549,432300,459641,490074,497360,536701
