# TIC 0274602479_morp_ 0.361_T0_ 1819.923543_P_ 3.9538363_analysis_6, none, Eclipse indices (see function measure_eclipses_dt).
# zeros_1, minimum_1, peaks_2_n, peaks_1, p_2_p, minimum_1_in, zeros_1_in, minimum_1_in_mid, zeros_1_in, minimum_1_in, p_2_p, peaks_1, peaks_2_n, minimum_1, zeros_1
634196,634196,635243,639583,645715,646614,646614,648947,651281,651280,652163,656112,662656,663566,663565
883982,883981,885274,892367,898913,898913,898913,898913,898913,898913,898913,905451,912600,913753,913752
