# TIC 0353129911_morp_ 0.298_T0_ 1817.446670_P_ 2.9718172_analysis_6, none, Eclipse indices (see function measure_eclipses_dt).
# zeros_1, minimum_1, peaks_2_n, peaks_1, p_2_p, minimum_1_in, zeros_1_in, minimum_1_in_mid, zeros_1_in, minimum_1_in, p_2_p, peaks_1, peaks_2_n, minimum_1, zeros_1
354707,354706,354822,356526,359275,359346,359345,360574,361804,361803,361895,364644,366348,366454,366453
602634,603111,603248,606512,610296,610330,610329,610558,610788,610787,610818,614602,617870,617984,617984
