# TIC 0121598562_morp_ 0.309_T0_ 1683.616788_P_ 3.3488462_analysis_6, none, Eclipse indices (see function measure_eclipses_dt).
# zeros_1, minimum_1, peaks_2_n, peaks_1, p_2_p, minimum_1_in, zeros_1_in, minimum_1_in_mid, zeros_1_in, minimum_1_in, p_2_p, peaks_1, peaks_2_n, minimum_1, zeros_1
16067,16067,21220,26519,33467,33467,33467,33467,33467,33467,33467,40391,45701,51042,51042
280888,280888,281581,286673,292766,292766,292766,292766,292766,292766,292766,297204,314192,314193,314193
