# TIC 0348770361_morp_ 0.489_T0_ 1623.427118_P_ 2.7684404_analysis_6, none, Eclipse indices (see function measure_eclipses_dt).
# zeros_1, minimum_1, peaks_2_n, peaks_1, p_2_p, minimum_1_in, zeros_1_in, minimum_1_in_mid, zeros_1_in, minimum_1_in, p_2_p, peaks_1, peaks_2_n, minimum_1, zeros_1
89897,89896,95964,104796,124469,124469,124469,124469,124469,124469,124469,139552,147389,157494,198255
470545,470544,470924,479450,508000,508000,508000,508000,508000,508000,508000,537150,545530,545531,545531
