# TIC 0611402948_morp_ 0.472_T0_ 1764.854262_P_ 0.0933697_analysis_6, none, Eclipse indices (see function measure_eclipses_dt).
# zeros_1, minimum_1, peaks_2_n, peaks_1, p_2_p, minimum_1_in, zeros_1_in, minimum_1_in_mid, zeros_1_in, minimum_1_in, p_2_p, peaks_1, peaks_2_n, minimum_1, zeros_1
579575,579574,584857,598781,615210,615210,615210,615210,615210,615210,615210,631306,644985,650681,650680
817376,817375,830681,845523,864679,864679,864679,864679,864679,864679,864679,884024,898988,912242,912241
