# TIC 0063074282_morp_ 0.408_T0_ 1686.179347_P_ 5.3318272_analysis_6, none, Eclipse indices (see function measure_eclipses_dt).
# zeros_1, minimum_1, peaks_2_n, peaks_1, p_2_p, minimum_1_in, zeros_1_in, minimum_1_in_mid, zeros_1_in, minimum_1_in, p_2_p, peaks_1, peaks_2_n, minimum_1, zeros_1
358144,358143,360941,365681,374426,374426,374426,374426,374426,374426,374426,383160,388001,390727,390726
608313,608312,610943,615568,624415,624415,624415,624415,624415,624415,624415,633216,637993,640487,640486
