# TIC 0142148228_morp_ 0.460_T0_ 1325.319553_P_ 1.5612094_analysis_6, none, Eclipse indices (see function measure_eclipses_dt).
# zeros_1, minimum_1, peaks_2_n, peaks_1, p_2_p, minimum_1_in, zeros_1_in, minimum_1_in_mid, zeros_1_in, minimum_1_in, p_2_p, peaks_1, peaks_2_n, minimum_1, zeros_1
77206,88662,93338,97424,103779,103779,103779,103779,103779,103779,103779,110917,115742,119298,119297
839319,839318,843337,847408,853567,853567,853567,853567,853567,853567,853567,860937,865741,870324,881368
