# TIC 0293619461_morp_ 0.853_T0_ 1386.001576_P_ 0.3106550_analysis_6, none, Eclipse indices (see function measure_eclipses_dt).
# zeros_1, minimum_1, peaks_2_n, peaks_1, p_2_p, minimum_1_in, zeros_1_in, minimum_1_in_mid, zeros_1_in, minimum_1_in, p_2_p, peaks_1, peaks_2_n, minimum_1, zeros_1
213425,259913,283942,303705,322502,330380,330380,341605,352832,352831,363131,381667,401439,426284,468994
468995,468994,533408,554709,593102,593102,593102,593102,593102,593102,593102,629790,651930,713424,713424
