# TIC 0380127556_morp_ 0.947_T0_ 1571.140536_P_ 0.4510887_analysis_6, none, Eclipse indices (see function measure_eclipses_dt).
# zeros_1, minimum_1, peaks_2_n, peaks_1, p_2_p, minimum_1_in, zeros_1_in, minimum_1_in_mid, zeros_1_in, minimum_1_in, p_2_p, peaks_1, peaks_2_n, minimum_1, zeros_1
223866,223865,223866,286473,350719,350719,350719,350719,350719,350719,350719,413722,477499,477501,477500
477501,477501,484521,546397,600831,600831,600831,600831,600831,600831,600831,655325,715821,723865,723864
