# TIC 0255744818_morp_ 0.603_T0_ 1470.082201_P_ 3.0472948_analysis_6, none, Eclipse indices (see function measure_eclipses_dt).
# zeros_1, minimum_1, peaks_2_n, peaks_1, p_2_p, minimum_1_in, zeros_1_in, minimum_1_in_mid, zeros_1_in, minimum_1_in, p_2_p, peaks_1, peaks_2_n, minimum_1, zeros_1
297086,297086,297219,297590,299398,299592,299591,333829,368068,368067,368128,369938,370307,370344,370343
539637,539636,539826,547685,559783,560084,560084,566289,565436,572495,572873,576135,582312,582693,583954
