# TIC 0236327696_morp_ 0.662_T0_ 1955.948135_P_ 0.5888841_analysis_6, none, Eclipse indices (see function measure_eclipses_dt).
# zeros_1, minimum_1, peaks_2_n, peaks_1, p_2_p, minimum_1_in, zeros_1_in, minimum_1_in_mid, zeros_1_in, minimum_1_in, p_2_p, peaks_1, peaks_2_n, minimum_1, zeros_1
340836,399090,402721,451565,467408,467408,467408,467408,467408,467408,467408,482923,531223,534766,601502
601503,649106,652690,700163,717595,717595,717595,717595,717595,717595,717595,741445,781279,784767,840835
