# TIC 0233650330_morp_ 0.249_T0_ 1956.143221_P_ 5.2186550_analysis_6, none, Eclipse indices (see function measure_eclipses_dt).
# zeros_1, minimum_1, peaks_2_n, peaks_1, p_2_p, minimum_1_in, zeros_1_in, minimum_1_in_mid, zeros_1_in, minimum_1_in, p_2_p, peaks_1, peaks_2_n, minimum_1, zeros_1
235500,235499,237073,242800,246031,246031,246031,246031,246031,246031,246031,249182,254955,256520,256519
485630,485629,487088,491955,496033,496033,496033,496033,496033,496033,496033,499749,504921,506357,506356
