# TIC 0286396160_morp_ 0.336_T0_ 1545.308898_P_ 7.4284966_analysis_6, none, Eclipse indices (see function measure_eclipses_dt).
# zeros_1, minimum_1, peaks_2_n, peaks_1, p_2_p, minimum_1_in, zeros_1_in, minimum_1_in_mid, zeros_1_in, minimum_1_in, p_2_p, peaks_1, peaks_2_n, minimum_1, zeros_1
233326,233325,236720,247893,260506,260506,260506,260506,260506,260506,260506,274480,285850,291357,291356
482606,482606,486714,497790,510656,510656,510656,510656,510656,510656,510656,524590,535851,541758,541758
