# TIC 0376915487_morp_ 0.550_T0_ 1570.695474_P_ 2.5395591_analysis_6, none, Eclipse indices (see function measure_eclipses_dt).
# zeros_1, minimum_1, peaks_2_n, peaks_1, p_2_p, minimum_1_in, zeros_1_in, minimum_1_in_mid, zeros_1_in, minimum_1_in, p_2_p, peaks_1, peaks_2_n, minimum_1, zeros_1
585163,585163,600556,613784,631955,631955,631955,631955,631955,631955,631955,647872,659878,714982,714982
828560,828559,844860,860161,880258,880258,880258,880258,880258,880258,880258,900421,915743,933048,933047
