# TIC 0279484342_morp_ 0.671_T0_ 1411.486125_P_ 0.6322016_analysis_6, none, Eclipse indices (see function measure_eclipses_dt).
# zeros_1, minimum_1, peaks_2_n, peaks_1, p_2_p, minimum_1_in, zeros_1_in, minimum_1_in_mid, zeros_1_in, minimum_1_in, p_2_p, peaks_1, peaks_2_n, minimum_1, zeros_1
218874,218874,276548,300811,338697,338697,338697,338697,338697,338697,338697,377095,402629,461807,461806
461807,461807,530428,561703,588898,588898,588898,588898,588898,588898,588898,615719,646596,718873,718873
