# TIC 0031779608_morp_ 0.387_T0_ 1354.465966_P_ 0.5056946_analysis_6, none, Eclipse indices (see function measure_eclipses_dt).
# zeros_1, minimum_1, peaks_2_n, peaks_1, p_2_p, minimum_1_in, zeros_1_in, minimum_1_in_mid, zeros_1_in, minimum_1_in, p_2_p, peaks_1, peaks_2_n, minimum_1, zeros_1
276912,276912,289713,306583,328255,328255,328255,328255,328255,328255,328255,350009,366351,388078,433607
531180,531180,540337,557487,578823,578823,578823,578823,578823,578823,578823,598795,615667,623708,623708
