# TIC 0278826996_morp_ 0.088_T0_ 1468.402282_P_ 19.1689746_analysis_6, none, Eclipse indices (see function measure_eclipses_dt).
# zeros_1, minimum_1, peaks_2_n, peaks_1, p_2_p, minimum_1_in, zeros_1_in, minimum_1_in_mid, zeros_1_in, minimum_1_in, p_2_p, peaks_1, peaks_2_n, minimum_1, zeros_1
489075,489075,489909,491360,493462,493462,493462,493462,493462,493462,493462,495596,497022,497866,497866
875982,875981,876926,878581,880551,880551,880551,880551,880551,880551,880551,882523,884150,885103,885102
