# TIC 0033864821_morp_ 0.495_T0_ 1468.903998_P_ 0.8104650_analysis_6, none, Eclipse indices (see function measure_eclipses_dt).
# zeros_1, minimum_1, peaks_2_n, peaks_1, p_2_p, minimum_1_in, zeros_1_in, minimum_1_in_mid, zeros_1_in, minimum_1_in, p_2_p, peaks_1, peaks_2_n, minimum_1, zeros_1
148645,148644,158586,173960,193427,193427,193427,193427,193427,193427,193427,212840,228014,239246,239246
896373,896372,905214,921913,942179,942179,942179,942179,942179,942179,942179,963021,980150,988260,988259
