# TIC 0123201494_morp_ 0.560_T0_ 1683.422597_P_ 0.2868434_analysis_6, none, Eclipse indices (see function measure_eclipses_dt).
# zeros_1, minimum_1, peaks_2_n, peaks_1, p_2_p, minimum_1_in, zeros_1_in, minimum_1_in_mid, zeros_1_in, minimum_1_in, p_2_p, peaks_1, peaks_2_n, minimum_1, zeros_1
190670,190670,190670,253170,315670,315670,315670,315670,315670,315670,315670,378170,440668,440670,440669
440670,440670,440670,503169,565669,565669,565669,565669,565669,565669,565669,628169,690668,690669,690669
