# TIC 0143924219_morp_ 0.376_T0_ 1326.815838_P_ 2.8201001_analysis_6, none, Eclipse indices (see function measure_eclipses_dt).
# zeros_1, minimum_1, peaks_2_n, peaks_1, p_2_p, minimum_1_in, zeros_1_in, minimum_1_in_mid, zeros_1_in, minimum_1_in, p_2_p, peaks_1, peaks_2_n, minimum_1, zeros_1
159854,159854,161180,167003,173196,173198,173197,184724,196251,196250,200543,206749,213994,215301,215300
946250,946249,950542,956748,965300,965300,965300,965300,965300,965300,965300,971360,977145,978350,978350
