# TIC 0053085065_morp_ 0.656_T0_ 1818.815766_P_ 2.9330659_analysis_6, none, Eclipse indices (see function measure_eclipses_dt).
# zeros_1, minimum_1, peaks_2_n, peaks_1, p_2_p, minimum_1_in, zeros_1_in, minimum_1_in_mid, zeros_1_in, minimum_1_in, p_2_p, peaks_1, peaks_2_n, minimum_1, zeros_1
452978,544214,548912,558740,577113,577113,577113,577113,577113,577113,577113,597610,607537,611959,702364
720035,793627,798914,808625,826690,826690,826690,826690,826690,826690,826690,847167,857435,862336,952976
