# TIC 0428942240_morp_ 0.785_T0_ 1816.999290_P_ 1.0521955_analysis_6, none, Eclipse indices (see function measure_eclipses_dt).
# zeros_1, minimum_1, peaks_2_n, peaks_1, p_2_p, minimum_1_in, zeros_1_in, minimum_1_in_mid, zeros_1_in, minimum_1_in, p_2_p, peaks_1, peaks_2_n, minimum_1, zeros_1
310166,310166,314203,367091,439779,439779,439779,439779,439779,439779,439779,511184,522592,532451,532451
602627,602626,605813,616925,626957,633530,633529,651590,669651,669650,669651,680623,689297,696085,696085
