# TIC 0159983399_morp_ 0.782_T0_ 1929.893339_P_ 0.4190329_analysis_6, none, Eclipse indices (see function measure_eclipses_dt).
# zeros_1, minimum_1, peaks_2_n, peaks_1, p_2_p, minimum_1_in, zeros_1_in, minimum_1_in_mid, zeros_1_in, minimum_1_in, p_2_p, peaks_1, peaks_2_n, minimum_1, zeros_1
396870,396869,471638,493738,527286,527286,527286,527286,527286,527286,527286,556814,576761,602323,651724
651725,651724,725857,742088,774684,774684,774684,774684,774684,774684,774684,808328,824884,896869,896868
