# TIC 0299135660_morp_ 0.337_T0_ 1389.901184_P_ 5.7698052_analysis_6, none, Eclipse indices (see function measure_eclipses_dt).
# zeros_1, minimum_1, peaks_2_n, peaks_1, p_2_p, minimum_1_in, zeros_1_in, minimum_1_in_mid, zeros_1_in, minimum_1_in, p_2_p, peaks_1, peaks_2_n, minimum_1, zeros_1
449546,449546,453345,468971,486564,486564,486564,486564,486564,486564,486564,503596,519058,522587,522586
522587,522587,522587,536737,553669,553669,553669,553669,553669,553669,553669,573477,609847,609849,609848
