# TIC 0380822025_morp_ 0.223_T0_ 1659.891305_P_ 8.4809570_analysis_6, none, Eclipse indices (see function measure_eclipses_dt).
# zeros_1, minimum_1, peaks_2_n, peaks_1, p_2_p, minimum_1_in, zeros_1_in, minimum_1_in_mid, zeros_1_in, minimum_1_in, p_2_p, peaks_1, peaks_2_n, minimum_1, zeros_1
427419,427419,427461,430339,434519,434519,434519,434519,434519,434519,434519,438700,442102,442133,442132
760348,760347,760349,760393,760437,760439,760438,761856,763273,763273,763273,763317,763360,763362,763361
