# TIC 0103452621_morp_ 0.191_T0_ 1819.789813_P_ 6.4198319_analysis_6, none, Eclipse indices (see function measure_eclipses_dt).
# zeros_1, minimum_1, peaks_2_n, peaks_1, p_2_p, minimum_1_in, zeros_1_in, minimum_1_in_mid, zeros_1_in, minimum_1_in, p_2_p, peaks_1, peaks_2_n, minimum_1, zeros_1
666709,666708,666722,667171,667624,667629,667629,674614,681599,681599,681621,682053,682492,682498,682497
694950,694950,694957,695410,695868,695868,695868,695868,695868,695868,695868,696323,696775,696780,696780
