# TIC 0273501820_morp_ 0.576_T0_ 1684.318321_P_ 1.6554549_analysis_6, none, Eclipse indices (see function measure_eclipses_dt).
# zeros_1, minimum_1, peaks_2_n, peaks_1, p_2_p, minimum_1_in, zeros_1_in, minimum_1_in_mid, zeros_1_in, minimum_1_in, p_2_p, peaks_1, peaks_2_n, minimum_1, zeros_1
534610,610098,615747,621960,639971,639971,639971,639971,639971,639971,639971,660271,666385,672414,734801
859345,859344,866116,874234,891013,891013,891013,891013,891013,891013,891013,907841,915893,922185,922185
