# TIC 0051955546_morp_ 0.593_T0_ 1765.588886_P_ 1.8160334_analysis_6, none, Eclipse indices (see function measure_eclipses_dt).
# zeros_1, minimum_1, peaks_2_n, peaks_1, p_2_p, minimum_1_in, zeros_1_in, minimum_1_in_mid, zeros_1_in, minimum_1_in, p_2_p, peaks_1, peaks_2_n, minimum_1, zeros_1
521823,521823,529154,540465,563735,566485,566485,592970,619456,619456,619456,636481,654366,658415,658415
771351,771350,779011,790258,814621,817329,817329,843496,869664,869663,869664,885786,904650,907735,907734
