# TIC 0346627403_morp_ 0.432_T0_ 1793.546416_P_ 3.0097297_analysis_6, none, Eclipse indices (see function measure_eclipses_dt).
# zeros_1, minimum_1, peaks_2_n, peaks_1, p_2_p, minimum_1_in, zeros_1_in, minimum_1_in_mid, zeros_1_in, minimum_1_in, p_2_p, peaks_1, peaks_2_n, minimum_1, zeros_1
457189,457188,459573,466958,475848,475848,475848,475848,475848,475848,475848,484387,492318,494445,494444
707181,707479,709369,716736,725816,725816,725816,725816,725816,725816,725816,734737,742100,743995,744316
