# TIC 0375477302_morp_ 0.251_T0_ 1546.995301_P_ 3.0728583_analysis_6, none, Eclipse indices (see function measure_eclipses_dt).
# zeros_1, minimum_1, peaks_2_n, peaks_1, p_2_p, minimum_1_in, zeros_1_in, minimum_1_in_mid, zeros_1_in, minimum_1_in, p_2_p, peaks_1, peaks_2_n, minimum_1, zeros_1
210654,210653,211322,216006,222311,222311,222311,222311,222311,222311,222311,227779,237479,237480,237480
462445,462445,465310,469780,475347,475347,475347,475347,475347,475347,475347,480900,485342,488116,488116
