# TIC 0375477302_morp_ 0.251_T0_ 1546.995301_P_ 3.0728583_analysis_6, none, Eclipse indices (see function measure_eclipses_dt).
# zeros_1, minimum_1, peaks_2_n, peaks_1, p_2_p, minimum_1_in, zeros_1_in, minimum_1_in_mid, zeros_1_in, minimum_1_in, p_2_p, peaks_1, peaks_2_n, minimum_1, zeros_1
710653,710652,711320,716005,722309,722309,722309,722309,722309,722309,722309,727775,737473,737475,737474
962444,962443,965309,969779,975346,975346,975346,975346,975346,975346,975346,980899,985341,988116,988115
