# TIC 0232967440_morp_ 0.143_T0_ 1716.973743_P_ 7.0643648_analysis_6, none, Eclipse indices (see function measure_eclipses_dt).
# zeros_1, minimum_1, peaks_2_n, peaks_1, p_2_p, minimum_1_in, zeros_1_in, minimum_1_in_mid, zeros_1_in, minimum_1_in, p_2_p, peaks_1, peaks_2_n, minimum_1, zeros_1
468550,468549,468550,468991,469432,469432,469432,469432,469432,469432,469432,469899,470354,470367,470366
779046,779045,779080,779508,783519,783519,783519,783519,783519,783519,783519,787557,788008,788009,788009
