# TIC 0150300654_morp_ 0.366_T0_ 1599.459017_P_ 5.4498972_analysis_6, none, Eclipse indices (see function measure_eclipses_dt).
# zeros_1, minimum_1, peaks_2_n, peaks_1, p_2_p, minimum_1_in, zeros_1_in, minimum_1_in_mid, zeros_1_in, minimum_1_in, p_2_p, peaks_1, peaks_2_n, minimum_1, zeros_1
127658,127657,127675,127868,128833,128849,128849,131922,134997,134996,135015,135209,135402,135421,135420
170793,171477,171683,172655,175166,175326,175326,182128,188930,188930,189112,192349,194081,194295,194900
