# TIC 0309257814_morp_ 0.362_T0_ 1571.762231_P_ 1.2383848_analysis_6, none, Eclipse indices (see function measure_eclipses_dt).
# zeros_1, minimum_1, peaks_2_n, peaks_1, p_2_p, minimum_1_in, zeros_1_in, minimum_1_in_mid, zeros_1_in, minimum_1_in, p_2_p, peaks_1, peaks_2_n, minimum_1, zeros_1
426917,426916,437945,456760,479820,479820,479820,479820,479820,479820,479820,503774,522890,534331,534330
730464,730464,730464,746687,761495,761495,761495,761495,761495,761495,761495,785819,806504,809080,809080
