# TIC 0270704947_morp_ 0.481_T0_ 1684.185752_P_ 2.6598094_analysis_6, none, Eclipse indices (see function measure_eclipses_dt).
# zeros_1, minimum_1, peaks_2_n, peaks_1, p_2_p, minimum_1_in, zeros_1_in, minimum_1_in_mid, zeros_1_in, minimum_1_in, p_2_p, peaks_1, peaks_2_n, minimum_1, zeros_1
313526,313525,321106,331360,344588,344588,344588,344588,344588,344588,344588,357169,366734,380879,380879
669545,669545,669545,702952,713299,720607,720607,756760,792914,792913,799928,806514,813523,813525,813524
