# TIC 0311188656_morp_ 0.293_T0_ 1741.954585_P_ 2.3947368_analysis_6, none, Eclipse indices (see function measure_eclipses_dt).
# zeros_1, minimum_1, peaks_2_n, peaks_1, p_2_p, minimum_1_in, zeros_1_in, minimum_1_in_mid, zeros_1_in, minimum_1_in, p_2_p, peaks_1, peaks_2_n, minimum_1, zeros_1
400104,400104,400104,415275,434182,434182,434182,434182,434182,434182,434182,446189,457387,462911,462910
831001,831000,833286,848817,865477,865477,865477,865477,865477,865477,865477,882217,897828,900103,900103
