# TIC 0349519544_morp_ 0.620_T0_ 1379.729244_P_ 18.7537886_analysis_6, none, Eclipse indices (see function measure_eclipses_dt).
# zeros_1, minimum_1, peaks_2_n, peaks_1, p_2_p, minimum_1_in, zeros_1_in, minimum_1_in_mid, zeros_1_in, minimum_1_in, p_2_p, peaks_1, peaks_2_n, minimum_1, zeros_1
0,90573,96520,104784,121508,121508,121508,121508,121508,121508,121508,138453,146726,152644,247375
247376,341599,346104,351359,371550,371550,371550,371550,371550,371550,371550,406523,428834,431601,498381
