# TIC 0460820330_morp_ 0.199_T0_ 1605.069211_P_ 5.0739877_analysis_6, none, Eclipse indices (see function measure_eclipses_dt).
# zeros_1, minimum_1, peaks_2_n, peaks_1, p_2_p, minimum_1_in, zeros_1_in, minimum_1_in_mid, zeros_1_in, minimum_1_in, p_2_p, peaks_1, peaks_2_n, minimum_1, zeros_1
65245,65245,67172,69481,72436,72436,72436,72436,72436,72436,72436,75384,77682,79480,79480
314260,314260,316862,319255,322376,322376,322376,322376,322376,322376,322376,325516,327901,330261,330261
