# TIC 0158582801_morp_ 0.516_T0_ 1354.794146_P_ 1.0801048_analysis_6, none, Eclipse indices (see function measure_eclipses_dt).
# zeros_1, minimum_1, peaks_2_n, peaks_1, p_2_p, minimum_1_in, zeros_1_in, minimum_1_in_mid, zeros_1_in, minimum_1_in, p_2_p, peaks_1, peaks_2_n, minimum_1, zeros_1
338916,338916,340408,362854,367077,370144,370143,393591,417039,417038,419081,433677,436872,439343,439342
447435,447434,452493,467832,483701,483701,483701,483701,483701,483701,483701,499613,514805,519621,519620
