# TIC 0146520491_morp_ 0.829_T0_ 1438.394070_P_ 0.4486455_analysis_6, none, Eclipse indices (see function measure_eclipses_dt).
# zeros_1, minimum_1, peaks_2_n, peaks_1, p_2_p, minimum_1_in, zeros_1_in, minimum_1_in_mid, zeros_1_in, minimum_1_in, p_2_p, peaks_1, peaks_2_n, minimum_1, zeros_1
254743,254742,255718,320412,381991,381991,381991,381991,381991,381991,381991,443666,503079,503577,503576
503577,503577,503577,563369,626094,626094,626094,626094,626094,626094,626094,688944,754740,754742,754741
