# TIC 0461660512_morp_ 0.908_T0_ 1843.218990_P_ 1.1662118_analysis_6, none, Eclipse indices (see function measure_eclipses_dt).
# zeros_1, minimum_1, peaks_2_n, peaks_1, p_2_p, minimum_1_in, zeros_1_in, minimum_1_in_mid, zeros_1_in, minimum_1_in, p_2_p, peaks_1, peaks_2_n, minimum_1, zeros_1
376038,376037,376038,433208,506395,506395,506395,506395,506395,506395,506395,574329,631596,631597,631597
631598,631597,632980,691828,754104,754104,754104,754104,754104,754104,754104,817371,872444,876037,876036
