# TIC 0193271278_morp_ 0.506_T0_ 1544.603962_P_ 2.1742728_analysis_6, none, Eclipse indices (see function measure_eclipses_dt).
# zeros_1, minimum_1, peaks_2_n, peaks_1, p_2_p, minimum_1_in, zeros_1_in, minimum_1_in_mid, zeros_1_in, minimum_1_in, p_2_p, peaks_1, peaks_2_n, minimum_1, zeros_1
112612,112611,115195,124260,134654,134654,134654,134654,134654,134654,134654,144131,153631,153632,153632
653632,653632,653680,663208,672711,672711,672711,672711,672711,672711,672711,683136,692243,694776,694775
