# TIC 0382391899_morp_ 0.288_T0_ 1411.092415_P_ 1.9550953_analysis_6, none, Eclipse indices (see function measure_eclipses_dt).
# zeros_1, minimum_1, peaks_2_n, peaks_1, p_2_p, minimum_1_in, zeros_1_in, minimum_1_in_mid, zeros_1_in, minimum_1_in, p_2_p, peaks_1, peaks_2_n, minimum_1, zeros_1
280715,280714,281262,289058,296953,296953,296953,296953,296953,296953,296953,305194,313180,313182,313181
813182,813181,813343,821333,829406,829406,829406,829406,829406,829406,829406,837475,845461,845634,845633
