# TIC 0141663326_morp_ 0.198_T0_ 1601.445281_P_ 6.6546536_analysis_6, none, Eclipse indices (see function measure_eclipses_dt).
# zeros_1, minimum_1, peaks_2_n, peaks_1, p_2_p, minimum_1_in, zeros_1_in, minimum_1_in_mid, zeros_1_in, minimum_1_in, p_2_p, peaks_1, peaks_2_n, minimum_1, zeros_1
204073,204072,205732,208029,210929,210929,210929,210929,210929,210929,210929,213806,216082,217772,217771
498744,498744,499559,501908,504662,504662,504662,504662,504662,504662,504662,507386,509706,510485,510485
