# TIC 0183469904_morp_ 0.663_T0_ 1518.448189_P_ 3.5114994_analysis_6, none, Eclipse indices (see function measure_eclipses_dt).
# zeros_1, minimum_1, peaks_2_n, peaks_1, p_2_p, minimum_1_in, zeros_1_in, minimum_1_in_mid, zeros_1_in, minimum_1_in, p_2_p, peaks_1, peaks_2_n, minimum_1, zeros_1
148202,148202,222191,232476,254167,254167,254167,254167,254167,254167,254167,278761,288550,299085,357341
357342,460796,473437,485009,506064,506064,506064,506064,506064,506064,506064,527040,537835,550386,648200
