# TIC 0358018612_morp_ 0.598_T0_ 1817.805408_P_ 2.3328912_analysis_6, none, Eclipse indices (see function measure_eclipses_dt).
# zeros_1, minimum_1, peaks_2_n, peaks_1, p_2_p, minimum_1_in, zeros_1_in, minimum_1_in_mid, zeros_1_in, minimum_1_in, p_2_p, peaks_1, peaks_2_n, minimum_1, zeros_1
121489,121488,122091,123583,131083,131661,131660,162469,193278,193278,193582,201102,202575,203102,203102
371461,371460,372091,373583,381083,381682,381681,412476,443271,443271,443581,451102,452575,453116,453116
