# TIC 0234290005_morp_ 0.338_T0_ 1329.478426_P_ 6.3292638_analysis_6, none, Eclipse indices (see function measure_eclipses_dt).
# zeros_1, minimum_1, peaks_2_n, peaks_1, p_2_p, minimum_1_in, zeros_1_in, minimum_1_in_mid, zeros_1_in, minimum_1_in, p_2_p, peaks_1, peaks_2_n, minimum_1, zeros_1
312058,312057,314571,318405,325198,325198,325198,325198,325198,325198,325198,332070,335853,338411,338410
562334,562334,564587,568431,575188,575188,575188,575188,575188,575188,575188,582037,585836,588119,588118
