# TIC 0159716878_morp_ 0.143_T0_ 1675.857966_P_ 16.6002043_analysis_6, none, Eclipse indices (see function measure_eclipses_dt).
# zeros_1, minimum_1, peaks_2_n, peaks_1, p_2_p, minimum_1_in, zeros_1_in, minimum_1_in_mid, zeros_1_in, minimum_1_in, p_2_p, peaks_1, peaks_2_n, minimum_1, zeros_1
425979,425979,425979,429008,431374,434175,434175,440447,446721,446720,447078,450491,453809,454601,454600
903359,903359,904780,907528,911019,911019,911019,911019,911019,911019,911019,923047,925874,925978,925978
