# TIC 0231093356_morp_ 0.405_T0_ 1599.206483_P_ 3.4703404_analysis_6, none, Eclipse indices (see function measure_eclipses_dt).
# zeros_1, minimum_1, peaks_2_n, peaks_1, p_2_p, minimum_1_in, zeros_1_in, minimum_1_in_mid, zeros_1_in, minimum_1_in, p_2_p, peaks_1, peaks_2_n, minimum_1, zeros_1
191750,191749,194045,200874,209045,209045,209045,209045,209045,209045,209045,216570,223139,226967,226966
441668,442737,443707,450270,458934,458934,458934,458934,458934,458934,458934,466927,473453,476151,477224
