# TIC 0442829369_morp_ 0.405_T0_ 1631.280529_P_ 3.8623246_analysis_6, none, Eclipse indices (see function measure_eclipses_dt).
# zeros_1, minimum_1, peaks_2_n, peaks_1, p_2_p, minimum_1_in, zeros_1_in, minimum_1_in_mid, zeros_1_in, minimum_1_in, p_2_p, peaks_1, peaks_2_n, minimum_1, zeros_1
569469,569677,571833,575917,586382,586382,586382,586382,586382,586382,586382,596043,600536,600691,602959
819235,821907,822046,827739,836024,836024,836024,836024,836024,836024,836024,844711,850403,850549,853281
