# TIC 0284350181_morp_ 0.039_T0_ 1976.677118_P_ 18.8944038_analysis_6, none, Eclipse indices (see function measure_eclipses_dt).
# zeros_1, minimum_1, peaks_2_n, peaks_1, p_2_p, minimum_1_in, zeros_1_in, minimum_1_in_mid, zeros_1_in, minimum_1_in, p_2_p, peaks_1, peaks_2_n, minimum_1, zeros_1
187000,187000,187007,187027,187123,187131,187130,188360,189591,189590,189598,189694,189713,189721,189720
833980,833980,833980,833999,834017,834018,834018,836724,839431,839430,839431,839449,839467,839469,839468
