# TIC 0350716073_morp_ 0.867_T0_ 1544.484901_P_ 0.3931603_analysis_6, none, Eclipse indices (see function measure_eclipses_dt).
# zeros_1, minimum_1, peaks_2_n, peaks_1, p_2_p, minimum_1_in, zeros_1_in, minimum_1_in_mid, zeros_1_in, minimum_1_in, p_2_p, peaks_1, peaks_2_n, minimum_1, zeros_1
219518,219517,228333,296898,341213,341213,341213,341213,341213,341213,341213,386408,455092,464858,464857
464858,464858,533554,550853,594566,594566,594566,594566,594566,594566,594566,634245,719515,719517,719516
