# TIC 0149573659_morp_ 0.175_T0_ 1412.492457_P_ 4.3737190_analysis_6, none, Eclipse indices (see function measure_eclipses_dt).
# zeros_1, minimum_1, peaks_2_n, peaks_1, p_2_p, minimum_1_in, zeros_1_in, minimum_1_in_mid, zeros_1_in, minimum_1_in, p_2_p, peaks_1, peaks_2_n, minimum_1, zeros_1
206698,206697,206926,211159,214113,218205,224277,227106,236009,236008,237608,242206,248468,248469,248469
626434,626434,628325,631814,636077,636077,636077,636077,636077,636077,636077,640331,643816,645794,645793
