# KIC05524325_morp_0.83_T0_54999.679313_P_0.6249787_analysis_6, none, Eclipse indices (see function measure_eclipses_dt).
# zeros_1, minimum_1, peaks_2_n, peaks_1, p_2_p, minimum_1_in, zeros_1_in, minimum_1_in_mid, zeros_1_in, minimum_1_in, p_2_p, peaks_1, peaks_2_n, minimum_1, zeros_1
245079,245078,245079,337735,374969,374969,374969,374969,374969,374969,374969,412822,502924,502925,502925
502926,502925,516916,585640,624071,624071,624071,624071,624071,624071,624071,663695,734274,745078,745077
