# TIC 0031653503_morp_ 0.549_T0_ 1327.653067_P_ 6.6806299_analysis_6, none, Eclipse indices (see function measure_eclipses_dt).
# zeros_1, minimum_1, peaks_2_n, peaks_1, p_2_p, minimum_1_in, zeros_1_in, minimum_1_in_mid, zeros_1_in, minimum_1_in, p_2_p, peaks_1, peaks_2_n, minimum_1, zeros_1
0,12801,17865,29348,42559,42559,42559,42559,42559,42559,42559,61759,67849,72883,167946
263038,263037,267918,277495,292830,292830,292830,292830,292830,292830,292830,307778,317789,322364,322364
