# TIC 0443171652_morp_ 0.217_T0_ 1468.549889_P_ 6.6276530_analysis_6, none, Eclipse indices (see function measure_eclipses_dt).
# zeros_1, minimum_1, peaks_2_n, peaks_1, p_2_p, minimum_1_in, zeros_1_in, minimum_1_in_mid, zeros_1_in, minimum_1_in, p_2_p, peaks_1, peaks_2_n, minimum_1, zeros_1
682893,682892,685179,688382,692431,692431,692431,692431,692431,692431,692431,696504,699785,702333,702332
934886,934886,934886,940680,944790,944790,944790,944790,944790,944790,944790,948592,951616,952368,952367
