# TIC 0126586580_morp_ 0.553_T0_ 1493.118756_P_ 3.9273332_analysis_6, none, Eclipse indices (see function measure_eclipses_dt).
# zeros_1, minimum_1, peaks_2_n, peaks_1, p_2_p, minimum_1_in, zeros_1_in, minimum_1_in_mid, zeros_1_in, minimum_1_in, p_2_p, peaks_1, peaks_2_n, minimum_1, zeros_1
188335,188334,193682,213150,226421,226421,226421,226421,226421,226421,226421,247943,256220,264710,324934
425701,442950,452085,459043,478012,478012,478012,478012,478012,478012,478012,493017,499658,508556,524842
