# TIC 0160065970_morp_ 0.486_T0_ 1355.330793_P_ 1.3681857_analysis_6, none, Eclipse indices (see function measure_eclipses_dt).
# zeros_1, minimum_1, peaks_2_n, peaks_1, p_2_p, minimum_1_in, zeros_1_in, minimum_1_in_mid, zeros_1_in, minimum_1_in, p_2_p, peaks_1, peaks_2_n, minimum_1, zeros_1
173666,173666,175959,183994,194916,194916,194916,194916,194916,194916,194916,208524,217036,220921,227819
422652,422651,426099,435267,446899,446899,446899,446899,446899,446899,446899,458170,466632,469802,469802
