# TIC 0093681365_morp_ 0.420_T0_ 1491.941481_P_ 0.3960371_analysis_6, none, Eclipse indices (see function measure_eclipses_dt).
# zeros_1, minimum_1, peaks_2_n, peaks_1, p_2_p, minimum_1_in, zeros_1_in, minimum_1_in_mid, zeros_1_in, minimum_1_in, p_2_p, peaks_1, peaks_2_n, minimum_1, zeros_1
374094,374094,392146,419021,452247,452247,452247,452247,452247,452247,452247,486408,514699,526365,526365
526366,526365,526366,547982,575311,575311,575311,575311,575311,575311,575311,599070,621713,628618,628617
