# TIC 0057652994_morp_ 0.367_T0_ 1570.345070_P_ 4.2785301_analysis_6, none, Eclipse indices (see function measure_eclipses_dt).
# zeros_1, minimum_1, peaks_2_n, peaks_1, p_2_p, minimum_1_in, zeros_1_in, minimum_1_in_mid, zeros_1_in, minimum_1_in, p_2_p, peaks_1, peaks_2_n, minimum_1, zeros_1
295277,295276,299524,313570,331082,331082,331082,331082,331082,331082,331082,340734,350167,350169,350168
850169,850168,854285,867114,882041,882041,882041,882041,882041,882041,882041,896916,909720,913757,913756
