# TIC 0233205987_morp_ 0.868_T0_ 1816.280788_P_ 0.3640697_analysis_6, none, Eclipse indices (see function measure_eclipses_dt).
# zeros_1, minimum_1, peaks_2_n, peaks_1, p_2_p, minimum_1_in, zeros_1_in, minimum_1_in_mid, zeros_1_in, minimum_1_in, p_2_p, peaks_1, peaks_2_n, minimum_1, zeros_1
391494,391493,391494,462690,508938,508938,508938,508938,508938,508938,508938,563832,631626,631627,631627
631628,631627,637166,709420,763019,763019,763019,763019,763019,763019,763019,822338,889765,891493,891492
