# TIC 0426588729_morp_ 0.539_T0_ 1439.570216_P_ 2.4258551_analysis_6, none, Eclipse indices (see function measure_eclipses_dt).
# zeros_1, minimum_1, peaks_2_n, peaks_1, p_2_p, minimum_1_in, zeros_1_in, minimum_1_in_mid, zeros_1_in, minimum_1_in, p_2_p, peaks_1, peaks_2_n, minimum_1, zeros_1
141654,141654,141790,143197,146477,146634,147231,155242,163852,163851,163974,167879,169910,170058,170057
178649,178648,178658,178814,178970,178978,178978,209275,239573,239572,239584,240365,240521,240532,240532
