# TIC 0470275219_morp_ 0.640_T0_ 1816.352500_P_ 0.2707743_analysis_6, none, Eclipse indices (see function measure_eclipses_dt).
# zeros_1, minimum_1, peaks_2_n, peaks_1, p_2_p, minimum_1_in, zeros_1_in, minimum_1_in_mid, zeros_1_in, minimum_1_in, p_2_p, peaks_1, peaks_2_n, minimum_1, zeros_1
122613,179098,195299,213799,236744,236744,236744,236744,236744,236744,236744,261517,277518,292309,366921
366922,430136,445330,463779,486374,486374,486374,486374,486374,486374,486374,511349,527374,541263,622612
