# TIC 0309908721_morp_ 0.532_T0_ 1468.979102_P_ 2.8338351_analysis_6, none, Eclipse indices (see function measure_eclipses_dt).
# zeros_1, minimum_1, peaks_2_n, peaks_1, p_2_p, minimum_1_in, zeros_1_in, minimum_1_in_mid, zeros_1_in, minimum_1_in, p_2_p, peaks_1, peaks_2_n, minimum_1, zeros_1
135246,156984,162931,176164,187892,187892,187892,187892,187892,187892,187892,197781,210818,216695,233162
908090,908089,912889,925565,938820,938820,938820,938820,938820,938820,938820,948479,960950,967150,983567
