# TIC 0078817217_morp_ 0.094_T0_ 1478.627951_P_ 17.7775277_analysis_6, none, Eclipse indices (see function measure_eclipses_dt).
# zeros_1, minimum_1, peaks_2_n, peaks_1, p_2_p, minimum_1_in, zeros_1_in, minimum_1_in_mid, zeros_1_in, minimum_1_in, p_2_p, peaks_1, peaks_2_n, minimum_1, zeros_1
113045,113044,114318,117427,119605,119605,119605,119605,119605,119605,119605,121788,124886,126112,126111
548459,548459,549932,553571,556830,556830,556830,556830,556830,556830,556830,560050,563738,565247,565246
