# TIC 0176854066_morp_ 0.486_T0_ 1741.547774_P_ 4.0462111_analysis_6, none, Eclipse indices (see function measure_eclipses_dt).
# zeros_1, minimum_1, peaks_2_n, peaks_1, p_2_p, minimum_1_in, zeros_1_in, minimum_1_in_mid, zeros_1_in, minimum_1_in, p_2_p, peaks_1, peaks_2_n, minimum_1, zeros_1
156623,156623,158498,168251,178302,178302,178302,178302,178302,178302,178302,188064,197962,199884,199883
406463,406463,408526,418068,428256,428256,428256,428256,428256,428256,428256,438363,447914,450026,450025
