# KIC11289003_morp_0.96_T0_55000.013774_P_0.3303415_analysis_6, none, Eclipse indices (see function measure_eclipses_dt).
# zeros_1, minimum_1, peaks_2_n, peaks_1, p_2_p, minimum_1_in, zeros_1_in, minimum_1_in_mid, zeros_1_in, minimum_1_in, p_2_p, peaks_1, peaks_2_n, minimum_1, zeros_1
81594,81593,81594,141664,201329,201329,201329,201329,201329,201329,201329,260544,320004,320006,320005
320006,320006,321187,384628,450238,450238,450238,450238,450238,450238,450238,516330,580514,581593,581592
