# TIC 0445133704_morp_ 0.814_T0_ 1765.019624_P_ 0.3239555_analysis_6, none, Eclipse indices (see function measure_eclipses_dt).
# zeros_1, minimum_1, peaks_2_n, peaks_1, p_2_p, minimum_1_in, zeros_1_in, minimum_1_in_mid, zeros_1_in, minimum_1_in, p_2_p, peaks_1, peaks_2_n, minimum_1, zeros_1
30562,30561,43425,115365,151015,151015,151015,151015,151015,151015,151015,186209,259521,271440,271440
271441,271440,290387,366888,400390,400390,400390,400390,400390,400390,400390,434498,511853,530561,530560
