# TIC 0138256097_morp_ 0.787_T0_ 1931.180570_P_ 0.4639323_analysis_6, none, Eclipse indices (see function measure_eclipses_dt).
# zeros_1, minimum_1, peaks_2_n, peaks_1, p_2_p, minimum_1_in, zeros_1_in, minimum_1_in_mid, zeros_1_in, minimum_1_in, p_2_p, peaks_1, peaks_2_n, minimum_1, zeros_1
172651,172650,249053,262850,284243,293384,293383,299606,305830,305829,314508,336134,351178,426500,426500
426501,426500,499796,518177,546580,546580,546580,546580,546580,546580,546580,579558,600290,672650,672649
