# TIC 0364395234_morp_ 0.505_T0_ 1545.336198_P_ 1.3757531_analysis_6, none, Eclipse indices (see function measure_eclipses_dt).
# zeros_1, minimum_1, peaks_2_n, peaks_1, p_2_p, minimum_1_in, zeros_1_in, minimum_1_in_mid, zeros_1_in, minimum_1_in, p_2_p, peaks_1, peaks_2_n, minimum_1, zeros_1
10260,10259,12713,25342,45178,45178,45178,45178,45178,45178,45178,78464,89624,97865,97864
825035,825035,825035,861290,876721,876721,876721,876721,876721,876721,876721,892895,902819,929103,929103
