# TIC 0156169159_morp_ 0.629_T0_ 1683.852263_P_ 0.7452159_analysis_6, none, Eclipse indices (see function measure_eclipses_dt).
# zeros_1, minimum_1, peaks_2_n, peaks_1, p_2_p, minimum_1_in, zeros_1_in, minimum_1_in_mid, zeros_1_in, minimum_1_in, p_2_p, peaks_1, peaks_2_n, minimum_1, zeros_1
450639,450638,453542,481446,584298,584298,584298,584298,584298,584298,584298,688086,716172,718056,718056
718057,718056,718057,747450,834524,834524,834524,834524,834524,834524,834524,921774,950636,950638,950637
