# TIC 0438790188_morp_ 0.370_T0_ 1599.579349_P_ 2.0947894_analysis_6, none, Eclipse indices (see function measure_eclipses_dt).
# zeros_1, minimum_1, peaks_2_n, peaks_1, p_2_p, minimum_1_in, zeros_1_in, minimum_1_in_mid, zeros_1_in, minimum_1_in, p_2_p, peaks_1, peaks_2_n, minimum_1, zeros_1
365574,365573,368932,375391,383554,383554,383554,383554,383554,383554,383554,405670,413569,414655,414655
782793,782792,786313,802416,813355,813355,813355,813355,813355,813355,813355,822991,829894,835061,835060
