# TIC 0280033934_morp_ 0.761_T0_ 1683.502263_P_ 0.2787725_analysis_6, none, Eclipse indices (see function measure_eclipses_dt).
# zeros_1, minimum_1, peaks_2_n, peaks_1, p_2_p, minimum_1_in, zeros_1_in, minimum_1_in_mid, zeros_1_in, minimum_1_in, p_2_p, peaks_1, peaks_2_n, minimum_1, zeros_1
479967,479966,481966,557998,599067,599067,599067,599067,599067,599067,599067,640195,709831,717907,717907
717908,717907,786948,810351,848429,848429,848429,848429,848429,848429,848429,886594,979964,979966,979965
