# TIC 0074528318_morp_ 0.215_T0_ 1520.120078_P_ 4.6700580_analysis_6, none, Eclipse indices (see function measure_eclipses_dt).
# zeros_1, minimum_1, peaks_2_n, peaks_1, p_2_p, minimum_1_in, zeros_1_in, minimum_1_in_mid, zeros_1_in, minimum_1_in, p_2_p, peaks_1, peaks_2_n, minimum_1, zeros_1
725083,725083,726200,730597,739690,739690,739690,739690,739690,739690,739690,747278,753665,754490,754489
939435,939434,940682,947068,951594,951594,951594,951594,951594,951594,951594,956017,962487,963801,963801
