# TIC 0211170874_morp_ 0.367_T0_ 1655.497328_P_ 1.8040897_analysis_6, none, Eclipse indices (see function measure_eclipses_dt).
# zeros_1, minimum_1, peaks_2_n, peaks_1, p_2_p, minimum_1_in, zeros_1_in, minimum_1_in_mid, zeros_1_in, minimum_1_in, p_2_p, peaks_1, peaks_2_n, minimum_1, zeros_1
242100,242100,242259,243262,246658,246809,246809,252640,258472,258472,258654,262050,263053,263243,263243
493026,493026,493059,493259,494259,494292,494291,502257,510223,510222,510253,511253,511453,511483,511483
