# TIC 0165456443_morp_ 0.301_T0_ 1571.917537_P_ 4.3139651_analysis_6, none, Eclipse indices (see function measure_eclipses_dt).
# zeros_1, minimum_1, peaks_2_n, peaks_1, p_2_p, minimum_1_in, zeros_1_in, minimum_1_in_mid, zeros_1_in, minimum_1_in, p_2_p, peaks_1, peaks_2_n, minimum_1, zeros_1
261762,261762,261807,263402,266109,266109,266109,266109,266109,266109,266109,268840,271935,271998,271997
679595,680669,680786,682386,684350,684467,685879,689414,692950,694362,694477,696439,697666,699190,699190
