# TIC 0290035575_morp_ 0.616_T0_ 1683.417634_P_ 0.9523769_analysis_6, none, Eclipse indices (see function measure_eclipses_dt).
# zeros_1, minimum_1, peaks_2_n, peaks_1, p_2_p, minimum_1_in, zeros_1_in, minimum_1_in_mid, zeros_1_in, minimum_1_in, p_2_p, peaks_1, peaks_2_n, minimum_1, zeros_1
115574,166907,170574,198833,217242,217242,217242,217242,217242,217242,217242,235298,263580,267290,318277
366762,415799,419265,452753,467190,467190,467190,467190,467190,467190,467190,483907,514882,518361,567302
