# TIC 0159105847_morp_ 0.765_T0_ 1684.267319_P_ 1.3147148_analysis_6, none, Eclipse indices (see function measure_eclipses_dt).
# zeros_1, minimum_1, peaks_2_n, peaks_1, p_2_p, minimum_1_in, zeros_1_in, minimum_1_in_mid, zeros_1_in, minimum_1_in, p_2_p, peaks_1, peaks_2_n, minimum_1, zeros_1
354766,354765,354766,402334,486459,486459,486459,486459,486459,486459,486459,543125,589510,604038,604038
604039,604038,659100,696321,743934,743934,743934,743934,743934,743934,743934,797078,840076,854765,854764
