# TIC 0115046240_morp_ 0.832_T0_ 1438.394667_P_ 0.3458225_analysis_6, none, Eclipse indices (see function measure_eclipses_dt).
# zeros_1, minimum_1, peaks_2_n, peaks_1, p_2_p, minimum_1_in, zeros_1_in, minimum_1_in_mid, zeros_1_in, minimum_1_in, p_2_p, peaks_1, peaks_2_n, minimum_1, zeros_1
34505,34504,34505,124639,158631,158631,158631,158631,158631,158631,158631,192326,283433,284503,284502
284503,284503,284503,370947,408901,408901,408901,408901,408901,408901,408901,446506,532214,534504,534503
