# TIC 0318290913_morp_ 0.066_T0_ 1874.949591_P_ 15.0214690_analysis_6, none, Eclipse indices (see function measure_eclipses_dt).
# zeros_1, minimum_1, peaks_2_n, peaks_1, p_2_p, minimum_1_in, zeros_1_in, minimum_1_in_mid, zeros_1_in, minimum_1_in, p_2_p, peaks_1, peaks_2_n, minimum_1, zeros_1
193138,193137,193157,193463,194988,194988,194988,194988,194988,194988,194988,196037,196061,196072,196071
977457,979001,979025,979048,979260,979279,979279,980525,981771,981771,981780,981897,981921,981931,981931
