# TIC 0349308842_morp_ 0.384_T0_ 1414.565521_P_ 3.5827778_analysis_6, none, Eclipse indices (see function measure_eclipses_dt).
# zeros_1, minimum_1, peaks_2_n, peaks_1, p_2_p, minimum_1_in, zeros_1_in, minimum_1_in_mid, zeros_1_in, minimum_1_in, p_2_p, peaks_1, peaks_2_n, minimum_1, zeros_1
412648,412648,412894,413883,419097,419130,419130,431229,443329,443328,443409,444423,445465,445466,445466
474669,474669,474741,475812,476878,476961,476961,485199,493438,493437,493520,494586,495657,495731,495730
