# TIC 0384534266_morp_ 0.937_T0_ 1625.368946_P_ 0.9877761_analysis_6, none, Eclipse indices (see function measure_eclipses_dt).
# zeros_1, minimum_1, peaks_2_n, peaks_1, p_2_p, minimum_1_in, zeros_1_in, minimum_1_in_mid, zeros_1_in, minimum_1_in, p_2_p, peaks_1, peaks_2_n, minimum_1, zeros_1
297149,297149,297149,351809,425251,425251,425251,425251,425251,425251,425251,494919,548334,548335,548335
548336,548335,553086,608212,671379,671379,671379,671379,671379,671379,671379,736425,792194,797148,797148
