# KIC07119912_morp_0.98_T0_54999.340939_P_10.1150937_analysis_6, none, Eclipse indices (see function measure_eclipses_dt).
# zeros_1, minimum_1, peaks_2_n, peaks_1, p_2_p, minimum_1_in, zeros_1_in, minimum_1_in_mid, zeros_1_in, minimum_1_in, p_2_p, peaks_1, peaks_2_n, minimum_1, zeros_1
399336,399335,399336,449421,518081,518081,518081,518081,518081,518081,518081,610528,645931,649037,649037
649038,649037,649038,699237,767527,767527,767527,767527,767527,767527,767527,860513,895949,899335,899334
