# KIC08459354_morp_-1.0_T0_54963.39982_P_53.5573181_analysis_6, none, Eclipse indices (see function measure_eclipses_dt).
# zeros_1, minimum_1, peaks_2_n, peaks_1, p_2_p, minimum_1_in, zeros_1_in, minimum_1_in_mid, zeros_1_in, minimum_1_in, p_2_p, peaks_1, peaks_2_n, minimum_1, zeros_1
450251,450250,450260,450378,450503,450503,450503,450503,450503,450503,450503,450626,450748,450755,450755
482969,482968,482974,483092,483212,483212,483212,483212,483212,483212,483212,483338,483458,483469,483468
