# TIC 0063451547_morp_ 0.670_T0_ 1684.078443_P_ 0.9791375_analysis_6, none, Eclipse indices (see function measure_eclipses_dt).
# zeros_1, minimum_1, peaks_2_n, peaks_1, p_2_p, minimum_1_in, zeros_1_in, minimum_1_in_mid, zeros_1_in, minimum_1_in, p_2_p, peaks_1, peaks_2_n, minimum_1, zeros_1
214618,305972,316226,324573,340117,340117,340117,340117,340117,340117,340117,354993,363305,375223,462066
462067,462067,565844,571991,589692,589692,589692,589692,589692,589692,589692,633435,711839,714617,714617
