# TIC 0347448707_morp_ 0.871_T0_ 1517.815217_P_ 2.1996271_analysis_6, none, Eclipse indices (see function measure_eclipses_dt).
# zeros_1, minimum_1, peaks_2_n, peaks_1, p_2_p, minimum_1_in, zeros_1_in, minimum_1_in_mid, zeros_1_in, minimum_1_in, p_2_p, peaks_1, peaks_2_n, minimum_1, zeros_1
190681,190680,194788,230219,335623,335623,335623,335623,335623,335623,335623,405342,439695,442548,442547
442548,442548,463093,494843,564304,564304,564304,564304,564304,564304,564304,637481,669526,690680,690679
