# TIC 0364325969_morp_ 0.798_T0_ 1544.665861_P_ 0.4198945_analysis_6, none, Eclipse indices (see function measure_eclipses_dt).
# zeros_1, minimum_1, peaks_2_n, peaks_1, p_2_p, minimum_1_in, zeros_1_in, minimum_1_in_mid, zeros_1_in, minimum_1_in, p_2_p, peaks_1, peaks_2_n, minimum_1, zeros_1
104721,152082,179731,199639,210661,219160,219159,230159,241159,241158,250861,261977,281637,308911,356921
356922,356922,430127,451439,482680,482680,482680,482680,482680,482680,482680,510131,531225,604720,604719
