# TIC 0249943198_morp_ 0.814_T0_ 1790.855869_P_ 0.7986930_analysis_6, none, Eclipse indices (see function measure_eclipses_dt).
# zeros_1, minimum_1, peaks_2_n, peaks_1, p_2_p, minimum_1_in, zeros_1_in, minimum_1_in_mid, zeros_1_in, minimum_1_in, p_2_p, peaks_1, peaks_2_n, minimum_1, zeros_1
299668,299667,299668,391187,430438,430438,430438,430438,430438,430438,430438,467414,552441,552442,552442
552443,552442,553839,644052,677478,677478,677478,677478,677478,677478,677478,714073,799154,799667,799666
