# TIC 0062762261_morp_ 0.106_T0_ 1332.168670_P_ 19.1588350_analysis_6, none, Eclipse indices (see function measure_eclipses_dt).
# zeros_1, minimum_1, peaks_2_n, peaks_1, p_2_p, minimum_1_in, zeros_1_in, minimum_1_in_mid, zeros_1_in, minimum_1_in, p_2_p, peaks_1, peaks_2_n, minimum_1, zeros_1
52303,52303,52303,52321,52337,52339,52338,52811,53285,53284,53285,53303,53320,53322,53321
608625,608624,608625,608643,608659,608661,608660,612618,616575,616575,616575,616593,616610,616611,616611
