# TIC 0402324760_morp_ 0.808_T0_ 1354.289606_P_ 0.3614124_analysis_6, none, Eclipse indices (see function measure_eclipses_dt).
# zeros_1, minimum_1, peaks_2_n, peaks_1, p_2_p, minimum_1_in, zeros_1_in, minimum_1_in_mid, zeros_1_in, minimum_1_in, p_2_p, peaks_1, peaks_2_n, minimum_1, zeros_1
199632,199632,264604,288927,305326,313006,313006,325126,337246,337246,344089,362238,384385,454949,454949
454950,454949,514633,546170,575625,575625,575625,575625,575625,575625,575625,614172,621316,699631,699631
