# TIC 0391927558_morp_ 0.641_T0_ 1544.414855_P_ 0.5429778_analysis_6, none, Eclipse indices (see function measure_eclipses_dt).
# zeros_1, minimum_1, peaks_2_n, peaks_1, p_2_p, minimum_1_in, zeros_1_in, minimum_1_in_mid, zeros_1_in, minimum_1_in, p_2_p, peaks_1, peaks_2_n, minimum_1, zeros_1
486877,486876,553932,577568,605861,605861,605861,605861,605861,605861,605861,634118,657405,724500,724499
791896,791895,805610,831779,855540,855540,855540,855540,855540,855540,855540,879775,905667,921090,921090
