# TIC 0158329676_morp_ 0.397_T0_ 1548.706122_P_ 3.0672444_analysis_6, none, Eclipse indices (see function measure_eclipses_dt).
# zeros_1, minimum_1, peaks_2_n, peaks_1, p_2_p, minimum_1_in, zeros_1_in, minimum_1_in_mid, zeros_1_in, minimum_1_in, p_2_p, peaks_1, peaks_2_n, minimum_1, zeros_1
465243,465243,468893,481072,494767,494767,494767,494767,494767,494767,494767,508483,520518,524356,524356
725701,725700,726109,728647,739939,740626,740625,744932,749240,749239,749438,761076,763505,764841,764841
