# TIC 0041896812_morp_ 0.577_T0_ 1354.864982_P_ 1.2608353_analysis_6, none, Eclipse indices (see function measure_eclipses_dt).
# zeros_1, minimum_1, peaks_2_n, peaks_1, p_2_p, minimum_1_in, zeros_1_in, minimum_1_in_mid, zeros_1_in, minimum_1_in, p_2_p, peaks_1, peaks_2_n, minimum_1, zeros_1
411424,480770,485411,491187,522704,522704,522704,522704,522704,522704,522704,540656,556889,561604,633123
638001,728487,735575,750233,771024,771024,771024,771024,771024,771024,771024,791704,806452,813289,905013
