# TIC 0198076334_morp_ 0.545_T0_ 1354.242017_P_ 0.7826006_analysis_6, none, Eclipse indices (see function measure_eclipses_dt).
# zeros_1, minimum_1, peaks_2_n, peaks_1, p_2_p, minimum_1_in, zeros_1_in, minimum_1_in_mid, zeros_1_in, minimum_1_in, p_2_p, peaks_1, peaks_2_n, minimum_1, zeros_1
135874,135874,139649,165907,192776,192776,192776,192776,192776,192776,192776,219284,240034,240036,240035
740036,740035,760018,792866,833639,833639,833639,833639,833639,833639,833639,875036,908166,928146,928145
