# TIC 0427385758_morp_ 0.589_T0_ 1767.368354_P_ 4.9085288_analysis_6, none, Eclipse indices (see function measure_eclipses_dt).
# zeros_1, minimum_1, peaks_2_n, peaks_1, p_2_p, minimum_1_in, zeros_1_in, minimum_1_in_mid, zeros_1_in, minimum_1_in, p_2_p, peaks_1, peaks_2_n, minimum_1, zeros_1
0,58426,67606,77292,103721,103721,103721,103721,103721,103721,103721,129712,138124,146767,211612
211613,305094,318233,333715,352797,352797,352797,352797,352797,352797,352797,373379,387401,400468,480909
