# TIC 0148158540_morp_ 0.544_T0_ 1601.288752_P_ 1.8495522_analysis_6, none, Eclipse indices (see function measure_eclipses_dt).
# zeros_1, minimum_1, peaks_2_n, peaks_1, p_2_p, minimum_1_in, zeros_1_in, minimum_1_in_mid, zeros_1_in, minimum_1_in, p_2_p, peaks_1, peaks_2_n, minimum_1, zeros_1
87453,87909,90949,106432,119043,119043,119043,119043,119043,119043,119043,131124,146770,149810,150324
295246,296729,298919,310802,323189,323189,323189,323189,323189,323189,323189,334859,347680,350716,351237
