# TIC 0278988794_morp_ 0.173_T0_ 1328.479532_P_ 7.5923552_analysis_6, none, Eclipse indices (see function measure_eclipses_dt).
# zeros_1, minimum_1, peaks_2_n, peaks_1, p_2_p, minimum_1_in, zeros_1_in, minimum_1_in_mid, zeros_1_in, minimum_1_in, p_2_p, peaks_1, peaks_2_n, minimum_1, zeros_1
344538,344537,345735,352345,357014,357014,357014,357014,357014,357014,357014,361546,368669,369458,369458
595412,595411,595505,602595,607194,607194,607194,607194,607194,607194,607194,611617,618734,618736,618735
