# TIC 0152223725_morp_ 0.542_T0_ 1325.454744_P_ 4.4361742_analysis_6, none, Eclipse indices (see function measure_eclipses_dt).
# zeros_1, minimum_1, peaks_2_n, peaks_1, p_2_p, minimum_1_in, zeros_1_in, minimum_1_in_mid, zeros_1_in, minimum_1_in, p_2_p, peaks_1, peaks_2_n, minimum_1, zeros_1
558394,558393,558403,558484,558893,558903,558902,561448,563994,563994,564011,564415,564497,564508,564508
677881,677881,677904,677985,678391,678414,678413,695155,711897,711897,711944,712347,712428,712472,712472
