# TIC 0198242676_morp_ 0.507_T0_ 1687.696127_P_ 4.6297895_analysis_6, none, Eclipse indices (see function measure_eclipses_dt).
# zeros_1, minimum_1, peaks_2_n, peaks_1, p_2_p, minimum_1_in, zeros_1_in, minimum_1_in_mid, zeros_1_in, minimum_1_in, p_2_p, peaks_1, peaks_2_n, minimum_1, zeros_1
503540,503540,532502,540887,558313,558313,558313,558313,558313,558313,558313,575943,615613,615615,615614
748929,748928,748929,799833,809826,809826,809826,809826,809826,809826,809826,856411,867747,867867,867866
