# TIC 0280206394_morp_ 0.087_T0_ 1547.474698_P_ 11.2366232_analysis_6, none, Eclipse indices (see function measure_eclipses_dt).
# zeros_1, minimum_1, peaks_2_n, peaks_1, p_2_p, minimum_1_in, zeros_1_in, minimum_1_in_mid, zeros_1_in, minimum_1_in, p_2_p, peaks_1, peaks_2_n, minimum_1, zeros_1
129836,129835,131075,134731,138933,138933,138933,138933,138933,138933,138933,143380,147156,148336,148335
160524,160524,161743,165491,169896,169896,169896,169896,169896,169896,169896,174129,177812,178995,178994
