# TIC 0169175441_morp_ 0.938_T0_ 1683.701627_P_ 0.4787275_analysis_6, none, Eclipse indices (see function measure_eclipses_dt).
# zeros_1, minimum_1, peaks_2_n, peaks_1, p_2_p, minimum_1_in, zeros_1_in, minimum_1_in_mid, zeros_1_in, minimum_1_in, p_2_p, peaks_1, peaks_2_n, minimum_1, zeros_1
422637,422636,423065,487089,552534,552534,552534,552534,552534,552534,552534,617680,681266,681750,681749
681750,681750,681750,742062,801871,801871,801871,801871,801871,801871,801871,861959,922634,922636,922635
