# TIC 0408512382_morp_ 0.272_T0_ 1572.671353_P_ 4.0317118_analysis_6, none, Eclipse indices (see function measure_eclipses_dt).
# zeros_1, minimum_1, peaks_2_n, peaks_1, p_2_p, minimum_1_in, zeros_1_in, minimum_1_in_mid, zeros_1_in, minimum_1_in, p_2_p, peaks_1, peaks_2_n, minimum_1, zeros_1
424868,426381,426491,428930,432142,432250,434560,436039,437516,439828,439936,442759,445197,445307,446779
673885,675333,676296,679136,685844,685844,685844,685844,685844,685844,685844,692552,695392,696353,697805
