# TIC 0060657338_morp_ 0.904_T0_ 1519.523590_P_ 0.2996869_analysis_6, none, Eclipse indices (see function measure_eclipses_dt).
# zeros_1, minimum_1, peaks_2_n, peaks_1, p_2_p, minimum_1_in, zeros_1_in, minimum_1_in_mid, zeros_1_in, minimum_1_in, p_2_p, peaks_1, peaks_2_n, minimum_1, zeros_1
429451,429450,429451,488568,551963,551963,551963,551963,551963,551963,551963,608361,663754,663755,663755
663756,663755,666997,727948,793278,793278,793278,793278,793278,793278,793278,863614,925958,929450,929449
