# TIC 0369988687_morp_ 0.340_T0_ 2089.289863_P_ 2.4060820_analysis_6, none, Eclipse indices (see function measure_eclipses_dt).
# zeros_1, minimum_1, peaks_2_n, peaks_1, p_2_p, minimum_1_in, zeros_1_in, minimum_1_in_mid, zeros_1_in, minimum_1_in, p_2_p, peaks_1, peaks_2_n, minimum_1, zeros_1
170800,170799,174431,178784,184409,184409,184409,184409,184409,184409,184409,189961,194307,197753,197753
420943,420942,424431,428784,434367,434367,434367,434367,434367,434367,434367,439961,444307,447891,447891
