# TIC 0116163356_morp_ 0.824_T0_ 1984.353693_P_ 1.1814961_analysis_6, none, Eclipse indices (see function measure_eclipses_dt).
# zeros_1, minimum_1, peaks_2_n, peaks_1, p_2_p, minimum_1_in, zeros_1_in, minimum_1_in_mid, zeros_1_in, minimum_1_in, p_2_p, peaks_1, peaks_2_n, minimum_1, zeros_1
0,43136,48563,65577,93735,100207,100206,121281,142356,142355,148530,163525,180942,198595,241697
241698,292029,310974,329457,371038,371038,371038,371038,371038,371038,371038,406679,431088,449371,496770
