# TIC 0299702740_morp_ 0.616_T0_ 1545.157071_P_ 1.4652035_analysis_6, none, Eclipse indices (see function measure_eclipses_dt).
# zeros_1, minimum_1, peaks_2_n, peaks_1, p_2_p, minimum_1_in, zeros_1_in, minimum_1_in_mid, zeros_1_in, minimum_1_in, p_2_p, peaks_1, peaks_2_n, minimum_1, zeros_1
309329,309328,317993,329775,344863,344863,344863,344863,344863,344863,344863,359680,370609,385552,419582
529758,529757,542818,554962,570713,570713,570713,570713,570713,570713,570713,586413,598066,612999,612999
