# TIC 0143171265_morp_ 0.719_T0_ 1468.552880_P_ 1.1411026_analysis_6, none, Eclipse indices (see function measure_eclipses_dt).
# zeros_1, minimum_1, peaks_2_n, peaks_1, p_2_p, minimum_1_in, zeros_1_in, minimum_1_in_mid, zeros_1_in, minimum_1_in, p_2_p, peaks_1, peaks_2_n, minimum_1, zeros_1
284975,284974,289707,294302,300343,300343,300343,300343,300343,300343,300343,306441,311055,316180,316179
430301,439885,445296,480169,550771,550771,550771,550771,550771,550771,550771,636118,671392,671393,671393
