# TIC 0301980639_morp_ 0.211_T0_ 1326.787871_P_ 4.7830501_analysis_6, none, Eclipse indices (see function measure_eclipses_dt).
# zeros_1, minimum_1, peaks_2_n, peaks_1, p_2_p, minimum_1_in, zeros_1_in, minimum_1_in_mid, zeros_1_in, minimum_1_in, p_2_p, peaks_1, peaks_2_n, minimum_1, zeros_1
490154,490154,490905,492348,494157,494157,494157,494157,494157,494157,494157,495761,497056,497983,497982
946326,946325,946834,948254,949922,949922,949922,949922,949922,949922,949922,951683,953005,954867,954867
