# TIC 0198560607_morp_ 0.787_T0_ 1955.848712_P_ 0.3701469_analysis_6, none, Eclipse indices (see function measure_eclipses_dt).
# zeros_1, minimum_1, peaks_2_n, peaks_1, p_2_p, minimum_1_in, zeros_1_in, minimum_1_in_mid, zeros_1_in, minimum_1_in, p_2_p, peaks_1, peaks_2_n, minimum_1, zeros_1
326807,326806,402696,421858,452736,452736,452736,452736,452736,452736,452736,483614,502042,578544,578543
578544,578544,588651,671787,702548,702548,702548,702548,702548,702548,702548,733691,814528,826806,826805
