# TIC 0407594410_morp_ 0.552_T0_ 1682.060597_P_ 3.8168919_analysis_6, none, Eclipse indices (see function measure_eclipses_dt).
# zeros_1, minimum_1, peaks_2_n, peaks_1, p_2_p, minimum_1_in, zeros_1_in, minimum_1_in_mid, zeros_1_in, minimum_1_in, p_2_p, peaks_1, peaks_2_n, minimum_1, zeros_1
596117,596117,596120,596214,596308,596311,596311,598196,600081,600081,600081,600175,600267,600269,600268
684636,684635,684692,684787,705166,705166,705166,705166,705166,705166,705166,725149,725244,725280,725280
