# TIC 0067186251_morp_ 0.591_T0_ 1816.687105_P_ 1.1494576_analysis_6, none, Eclipse indices (see function measure_eclipses_dt).
# zeros_1, minimum_1, peaks_2_n, peaks_1, p_2_p, minimum_1_in, zeros_1_in, minimum_1_in_mid, zeros_1_in, minimum_1_in, p_2_p, peaks_1, peaks_2_n, minimum_1, zeros_1
78569,78569,83042,142190,184463,184463,184463,184463,184463,184463,184463,195395,203572,296034,296034
405086,405086,413831,423016,434948,434948,434948,434948,434948,434948,434948,446857,455985,464007,464006
