# TIC 0158579379_morp_ 0.587_T0_ 1735.768410_P_ 1.0144775_analysis_6, none, Eclipse indices (see function measure_eclipses_dt).
# zeros_1, minimum_1, peaks_2_n, peaks_1, p_2_p, minimum_1_in, zeros_1_in, minimum_1_in_mid, zeros_1_in, minimum_1_in, p_2_p, peaks_1, peaks_2_n, minimum_1, zeros_1
383605,383604,387405,403499,420521,420521,420521,420521,420521,420521,420521,441196,459592,461699,461698
461699,461699,461699,478923,498208,498208,498208,498208,498208,498208,498208,516190,531241,542407,542407
