# TIC 0339566276_morp_ 0.646_T0_ 1635.567009_P_ 4.2403186_analysis_6, none, Eclipse indices (see function measure_eclipses_dt).
# zeros_1, minimum_1, peaks_2_n, peaks_1, p_2_p, minimum_1_in, zeros_1_in, minimum_1_in_mid, zeros_1_in, minimum_1_in, p_2_p, peaks_1, peaks_2_n, minimum_1, zeros_1
150548,150547,150593,150684,151139,151184,151184,172408,193633,193632,193685,194140,194231,194284,194283
416328,423227,423318,423409,424955,425046,426862,446590,464138,468135,468226,468317,470590,470676,470676
