# KIC08565912_morp_0.59_T0_55000.334268_P_1.0121736_analysis_6, none, Eclipse indices (see function measure_eclipses_dt).
# zeros_1, minimum_1, peaks_2_n, peaks_1, p_2_p, minimum_1_in, zeros_1_in, minimum_1_in_mid, zeros_1_in, minimum_1_in, p_2_p, peaks_1, peaks_2_n, minimum_1, zeros_1
0,26571,39168,55860,80401,80401,80401,80401,80401,80401,80401,105584,121940,134334,189386
189387,275757,289856,310080,330316,330316,330316,330316,330316,330316,330316,350566,370778,384870,469189
