# TIC 0142154041_morp_ 0.426_T0_ 1817.863605_P_ 2.9486974_analysis_6, none, Eclipse indices (see function measure_eclipses_dt).
# zeros_1, minimum_1, peaks_2_n, peaks_1, p_2_p, minimum_1_in, zeros_1_in, minimum_1_in_mid, zeros_1_in, minimum_1_in, p_2_p, peaks_1, peaks_2_n, minimum_1, zeros_1
106225,106224,106496,109818,113214,113214,113214,113214,113214,113214,113214,116720,120160,120161,120161
620161,620161,620175,623623,627131,627131,627131,627131,627131,627131,627131,630576,633925,634229,634229
