# TIC 0283819432_morp_ 0.750_T0_ 1738.737253_P_ 0.2678155_analysis_6, none, Eclipse indices (see function measure_eclipses_dt).
# zeros_1, minimum_1, peaks_2_n, peaks_1, p_2_p, minimum_1_in, zeros_1_in, minimum_1_in_mid, zeros_1_in, minimum_1_in, p_2_p, peaks_1, peaks_2_n, minimum_1, zeros_1
353621,390046,409679,427793,487453,487453,487453,487453,487453,487453,487453,514027,527723,620960,620960
620961,620961,685475,700176,726876,726876,726876,726876,726876,726876,726876,781237,799568,819496,853620
