# TIC 0301160638_morp_ 0.109_T0_ 1626.480801_P_ 16.0184397_analysis_6, none, Eclipse indices (see function measure_eclipses_dt).
# zeros_1, minimum_1, peaks_2_n, peaks_1, p_2_p, minimum_1_in, zeros_1_in, minimum_1_in_mid, zeros_1_in, minimum_1_in, p_2_p, peaks_1, peaks_2_n, minimum_1, zeros_1
639305,639305,639305,639325,639345,639345,639345,639345,639345,639345,639345,639366,639385,639386,639386
919474,919473,919474,919494,919514,919514,919514,919514,919514,919514,919514,919535,919553,919555,919554
