# TIC 0159298033_morp_ 0.571_T0_ 1842.652595_P_ 1.7248360_analysis_6, none, Eclipse indices (see function measure_eclipses_dt).
# zeros_1, minimum_1, peaks_2_n, peaks_1, p_2_p, minimum_1_in, zeros_1_in, minimum_1_in_mid, zeros_1_in, minimum_1_in, p_2_p, peaks_1, peaks_2_n, minimum_1, zeros_1
459516,459515,460572,463776,531056,531056,531056,531056,531056,531056,531056,611176,614423,615201,615201
716584,716584,716981,720214,736222,736647,736647,787541,838437,838436,838779,854797,858014,858346,858345
