# TIC 0272781956_morp_ 0.515_T0_ 1683.140257_P_ 1.6504237_analysis_6, none, Eclipse indices (see function measure_eclipses_dt).
# zeros_1, minimum_1, peaks_2_n, peaks_1, p_2_p, minimum_1_in, zeros_1_in, minimum_1_in_mid, zeros_1_in, minimum_1_in, p_2_p, peaks_1, peaks_2_n, minimum_1, zeros_1
96321,96320,96453,103554,130824,130824,130824,130824,130824,130824,130824,137815,158556,163346,163345
305649,316199,323814,329655,335966,339703,339702,346342,352981,352981,356950,363243,369096,377016,386740
