# TIC 0415345299_morp_ 0.309_T0_ 1518.516827_P_ 3.1869225_analysis_6, none, Eclipse indices (see function measure_eclipses_dt).
# zeros_1, minimum_1, peaks_2_n, peaks_1, p_2_p, minimum_1_in, zeros_1_in, minimum_1_in_mid, zeros_1_in, minimum_1_in, p_2_p, peaks_1, peaks_2_n, minimum_1, zeros_1
350241,350241,354237,358699,364501,364501,364501,364501,364501,364501,364501,370305,375009,378022,378021
600657,600657,604239,608712,614428,614428,614428,614428,614428,614428,614428,620287,625009,628061,628060
