# TIC 0349483495_morp_ 0.449_T0_ 1598.711208_P_ 1.9978092_analysis_6, none, Eclipse indices (see function measure_eclipses_dt).
# zeros_1, minimum_1, peaks_2_n, peaks_1, p_2_p, minimum_1_in, zeros_1_in, minimum_1_in_mid, zeros_1_in, minimum_1_in, p_2_p, peaks_1, peaks_2_n, minimum_1, zeros_1
452980,452980,456506,462035,468972,468972,468972,468972,468972,468972,468972,475920,481410,485441,485440
703040,703040,706506,712038,718957,718957,718957,718957,718957,718957,718957,725916,731410,735448,735447
