# TIC 0124350360_morp_ 0.007_T0_ 1629.703320_P_ 17.1162213_analysis_6, none, Eclipse indices (see function measure_eclipses_dt).
# zeros_1, minimum_1, peaks_2_n, peaks_1, p_2_p, minimum_1_in, zeros_1_in, minimum_1_in_mid, zeros_1_in, minimum_1_in, p_2_p, peaks_1, peaks_2_n, minimum_1, zeros_1
730634,730633,730634,730654,730675,730675,730675,730675,730675,730675,730675,730695,730714,730716,730715
937198,937198,937198,937219,937238,937239,937239,940891,944545,944544,944545,944565,944584,944586,944585
