# TIC 0441613385_morp_ 0.455_T0_ 1842.589836_P_ 0.2082523_analysis_6, none, Eclipse indices (see function measure_eclipses_dt).
# zeros_1, minimum_1, peaks_2_n, peaks_1, p_2_p, minimum_1_in, zeros_1_in, minimum_1_in_mid, zeros_1_in, minimum_1_in, p_2_p, peaks_1, peaks_2_n, minimum_1, zeros_1
244602,244601,247165,263275,280589,280589,280589,280589,280589,280589,280589,298003,314267,316495,316495
481321,481321,492619,509469,530673,530673,530673,530673,530673,530673,530673,551968,568914,579764,579764
