# TIC 0298734307_morp_ 0.659_T0_ 1684.204006_P_ 0.9442714_analysis_6, none, Eclipse indices (see function measure_eclipses_dt).
# zeros_1, minimum_1, peaks_2_n, peaks_1, p_2_p, minimum_1_in, zeros_1_in, minimum_1_in_mid, zeros_1_in, minimum_1_in, p_2_p, peaks_1, peaks_2_n, minimum_1, zeros_1
300006,300005,311564,328113,405230,405230,405230,405230,405230,405230,405230,484376,500836,511946,511946
511947,511946,561409,577293,655450,655450,655450,655450,655450,655450,655450,735222,751015,800005,800004
