# TIC 0058018570_morp_ 0.436_T0_ 1765.982070_P_ 2.0288129_analysis_6, none, Eclipse indices (see function measure_eclipses_dt).
# zeros_1, minimum_1, peaks_2_n, peaks_1, p_2_p, minimum_1_in, zeros_1_in, minimum_1_in_mid, zeros_1_in, minimum_1_in, p_2_p, peaks_1, peaks_2_n, minimum_1, zeros_1
325108,325107,330969,337091,344929,344929,344929,344929,344929,344929,344929,353233,359699,364235,364234
565249,565249,565249,571521,592909,592909,592909,592909,592909,592909,592909,621024,628401,628779,628778
