# TIC 0377611329_morp_ 0.635_T0_ 1764.839953_P_ 0.9215820_analysis_6, none, Eclipse indices (see function measure_eclipses_dt).
# zeros_1, minimum_1, peaks_2_n, peaks_1, p_2_p, minimum_1_in, zeros_1_in, minimum_1_in_mid, zeros_1_in, minimum_1_in, p_2_p, peaks_1, peaks_2_n, minimum_1, zeros_1
320720,396992,410498,433685,457935,457935,457935,457935,457935,457935,457935,482232,504933,517635,576431
576432,647590,658909,684340,709865,709865,709865,709865,709865,709865,709865,734364,756647,767475,820719
