# TIC 0116520408_morp_ 0.783_T0_ 1929.559283_P_ 0.2908731_analysis_6, none, Eclipse indices (see function measure_eclipses_dt).
# zeros_1, minimum_1, peaks_2_n, peaks_1, p_2_p, minimum_1_in, zeros_1_in, minimum_1_in_mid, zeros_1_in, minimum_1_in, p_2_p, peaks_1, peaks_2_n, minimum_1, zeros_1
288314,288313,295171,375981,408938,408938,408938,408938,408938,408938,408938,442122,524406,532008,532008
532009,532008,610230,627164,658950,658950,658950,658950,658950,658950,658950,690140,706753,788313,788312
