# TIC 0290410988_morp_ 0.737_T0_ 1625.046811_P_ 0.2858823_analysis_6, none, Eclipse indices (see function measure_eclipses_dt).
# zeros_1, minimum_1, peaks_2_n, peaks_1, p_2_p, minimum_1_in, zeros_1_in, minimum_1_in_mid, zeros_1_in, minimum_1_in, p_2_p, peaks_1, peaks_2_n, minimum_1, zeros_1
56830,56830,116923,154935,178359,178359,178359,178359,178359,178359,178359,204872,238170,294788,294787
294788,294788,371525,401686,428043,428043,428043,428043,428043,428043,428043,456057,485255,556829,556829
