# TIC 0364965655_morp_ 0.742_T0_ 1683.724975_P_ 0.2642641_analysis_6, none, Eclipse indices (see function measure_eclipses_dt).
# zeros_1, minimum_1, peaks_2_n, peaks_1, p_2_p, minimum_1_in, zeros_1_in, minimum_1_in_mid, zeros_1_in, minimum_1_in, p_2_p, peaks_1, peaks_2_n, minimum_1, zeros_1
358404,358404,435601,453746,485635,485635,485635,485635,485635,485635,485635,516699,535131,611682,611681
611682,611682,686601,703408,734273,734273,734273,734273,734273,734273,734273,766826,784711,858403,858403
