# TIC 0345899523_morp_ 0.548_T0_ 1576.285328_P_ 6.7185621_analysis_6, none, Eclipse indices (see function measure_eclipses_dt).
# zeros_1, minimum_1, peaks_2_n, peaks_1, p_2_p, minimum_1_in, zeros_1_in, minimum_1_in_mid, zeros_1_in, minimum_1_in, p_2_p, peaks_1, peaks_2_n, minimum_1, zeros_1
449938,468279,468338,468396,479741,479741,479741,479741,479741,479741,479741,485686,493508,493567,501325
705583,713104,713163,713221,731156,731156,731156,731156,731156,731156,731156,740861,743743,743798,743798
