# KIC05887316_morp_0.55_T0_54964.667064_P_0.6030807_analysis_6, none, Eclipse indices (see function measure_eclipses_dt).
# zeros_1, minimum_1, peaks_2_n, peaks_1, p_2_p, minimum_1_in, zeros_1_in, minimum_1_in_mid, zeros_1_in, minimum_1_in, p_2_p, peaks_1, peaks_2_n, minimum_1, zeros_1
567325,567324,573570,583030,594735,594735,594735,594735,594735,594735,594735,607320,616947,624553,624552
817049,817048,823133,833070,845378,845378,845378,845378,845378,845378,845378,858046,867998,874922,874921
