# TIC 0158565141_morp_ 0.795_T0_ 1711.602967_P_ 0.2751824_analysis_6, none, Eclipse indices (see function measure_eclipses_dt).
# zeros_1, minimum_1, peaks_2_n, peaks_1, p_2_p, minimum_1_in, zeros_1_in, minimum_1_in_mid, zeros_1_in, minimum_1_in, p_2_p, peaks_1, peaks_2_n, minimum_1, zeros_1
404806,404805,479132,494869,530645,530645,530645,530645,530645,530645,530645,566298,582054,655989,655988
655989,655989,677584,743366,780695,780695,780695,780695,780695,780695,780695,817834,883025,904805,904804
