# TIC 0440051305_morp_ 0.757_T0_ 1765.060167_P_ 0.3296757_analysis_6, none, Eclipse indices (see function measure_eclipses_dt).
# zeros_1, minimum_1, peaks_2_n, peaks_1, p_2_p, minimum_1_in, zeros_1_in, minimum_1_in_mid, zeros_1_in, minimum_1_in, p_2_p, peaks_1, peaks_2_n, minimum_1, zeros_1
344602,344601,422274,441004,473234,473234,473234,473234,473234,473234,473234,505784,524525,602587,602586
602587,602587,671454,690311,724049,724049,724049,724049,724049,724049,724049,757148,775690,844601,844600
