# TIC 0401626459_morp_ 0.411_T0_ 1598.245706_P_ 1.5129236_analysis_6, none, Eclipse indices (see function measure_eclipses_dt).
# zeros_1, minimum_1, peaks_2_n, peaks_1, p_2_p, minimum_1_in, zeros_1_in, minimum_1_in_mid, zeros_1_in, minimum_1_in, p_2_p, peaks_1, peaks_2_n, minimum_1, zeros_1
330984,330983,335831,340878,349528,349528,349528,349528,349528,349528,349528,358015,362887,366513,366512
581642,581641,585754,590551,599467,599467,599467,599467,599467,599467,599467,608211,612860,615868,615867
