# TIC 0343127696_morp_ 0.652_T0_ 1742.678974_P_ 4.6721493_analysis_6, none, Eclipse indices (see function measure_eclipses_dt).
# zeros_1, minimum_1, peaks_2_n, peaks_1, p_2_p, minimum_1_in, zeros_1_in, minimum_1_in_mid, zeros_1_in, minimum_1_in, p_2_p, peaks_1, peaks_2_n, minimum_1, zeros_1
385666,438492,443348,453876,469311,473251,473250,478279,483308,483307,486963,501583,513413,519087,535264
617944,673468,678167,693648,710757,710757,710757,710757,710757,710757,710757,729915,741714,750487,803069
