# TIC 0281731203_morp_ 0.230_T0_ 1552.132180_P_ 11.6335179_analysis_6, none, Eclipse indices (see function measure_eclipses_dt).
# zeros_1, minimum_1, peaks_2_n, peaks_1, p_2_p, minimum_1_in, zeros_1_in, minimum_1_in_mid, zeros_1_in, minimum_1_in, p_2_p, peaks_1, peaks_2_n, minimum_1, zeros_1
126725,126724,127093,131853,137846,137846,137846,137846,137846,137846,137846,153017,157428,157430,157429
910731,910730,910731,926317,930625,930625,930625,930625,930625,930625,930625,936009,940418,941594,941593
