# TIC 0141126559_morp_ 0.717_T0_ 1411.505623_P_ 0.7766603_analysis_6, none, Eclipse indices (see function measure_eclipses_dt).
# zeros_1, minimum_1, peaks_2_n, peaks_1, p_2_p, minimum_1_in, zeros_1_in, minimum_1_in_mid, zeros_1_in, minimum_1_in, p_2_p, peaks_1, peaks_2_n, minimum_1, zeros_1
429700,429700,449867,497549,553654,553654,553654,553654,553654,553654,553654,608835,622718,676613,676613
676614,676613,743893,772748,802119,802119,802119,802119,802119,802119,802119,833312,861672,887558,929699
