# TIC 0229082842_morp_ 0.692_T0_ 1438.339529_P_ 0.3762035_analysis_6, none, Eclipse indices (see function measure_eclipses_dt).
# zeros_1, minimum_1, peaks_2_n, peaks_1, p_2_p, minimum_1_in, zeros_1_in, minimum_1_in_mid, zeros_1_in, minimum_1_in, p_2_p, peaks_1, peaks_2_n, minimum_1, zeros_1
492852,492851,551262,581105,611614,611614,611614,611614,611614,611614,611614,640048,651793,729916,729916
729917,784848,802243,836581,861062,861062,861062,861062,861062,861062,861062,886011,921334,939175,992850
