# TIC 0160472514_morp_ 0.579_T0_ 1901.432763_P_ 6.1686270_analysis_6, none, Eclipse indices (see function measure_eclipses_dt).
# zeros_1, minimum_1, peaks_2_n, peaks_1, p_2_p, minimum_1_in, zeros_1_in, minimum_1_in_mid, zeros_1_in, minimum_1_in, p_2_p, peaks_1, peaks_2_n, minimum_1, zeros_1
444314,489084,513238,533230,576377,576377,576377,576377,576377,576377,576377,622677,643599,660693,660692
708195,708195,708250,781879,807512,807512,807512,807512,807512,807512,807512,871610,890919,912433,944312
