# TIC 0269505148_morp_ 0.745_T0_ 1386.335439_P_ 0.5224015_analysis_6, none, Eclipse indices (see function measure_eclipses_dt).
# zeros_1, minimum_1, peaks_2_n, peaks_1, p_2_p, minimum_1_in, zeros_1_in, minimum_1_in_mid, zeros_1_in, minimum_1_in, p_2_p, peaks_1, peaks_2_n, minimum_1, zeros_1
488455,488455,567363,586551,617319,617319,617319,617319,617319,617319,617319,651472,670600,750043,750042
750043,750043,806885,833651,869681,869681,869681,869681,869681,869681,869681,907037,933504,952097,988454
