# TIC 0440459327_morp_ 0.727_T0_ 1816.966676_P_ 0.3022254_analysis_6, none, Eclipse indices (see function measure_eclipses_dt).
# zeros_1, minimum_1, peaks_2_n, peaks_1, p_2_p, minimum_1_in, zeros_1_in, minimum_1_in_mid, zeros_1_in, minimum_1_in, p_2_p, peaks_1, peaks_2_n, minimum_1, zeros_1
339950,339950,400982,425427,455031,455031,455031,455031,455031,455031,455031,483527,507006,583887,583886
583887,583887,653493,675737,704129,704129,704129,704129,704129,704129,704129,732848,755105,787387,839949
