# TIC 0306362738_morp_ 0.209_T0_ 1473.601036_P_ 5.5634778_analysis_6, none, Eclipse indices (see function measure_eclipses_dt).
# zeros_1, minimum_1, peaks_2_n, peaks_1, p_2_p, minimum_1_in, zeros_1_in, minimum_1_in_mid, zeros_1_in, minimum_1_in, p_2_p, peaks_1, peaks_2_n, minimum_1, zeros_1
514099,514099,515919,520933,526697,526697,526697,526697,526697,526697,526697,533612,538835,543369,543369
631918,631917,635377,640190,646200,646200,646200,646200,646200,646200,646200,652830,658188,660726,660725
