# TIC 0376971463_morp_ 0.532_T0_ 1792.579479_P_ 1.1374875_analysis_6, none, Eclipse indices (see function measure_eclipses_dt).
# zeros_1, minimum_1, peaks_2_n, peaks_1, p_2_p, minimum_1_in, zeros_1_in, minimum_1_in_mid, zeros_1_in, minimum_1_in, p_2_p, peaks_1, peaks_2_n, minimum_1, zeros_1
559999,559998,570227,580882,594763,594763,594763,594763,594763,594763,594763,608584,619237,629171,629170
813605,813605,821550,831762,844869,844869,844869,844869,844869,844869,844869,857710,867902,875145,875144
