# TIC 0202134374_morp_ 0.376_T0_ 1766.984028_P_ 3.0378023_analysis_6, none, Eclipse indices (see function measure_eclipses_dt).
# zeros_1, minimum_1, peaks_2_n, peaks_1, p_2_p, minimum_1_in, zeros_1_in, minimum_1_in_mid, zeros_1_in, minimum_1_in, p_2_p, peaks_1, peaks_2_n, minimum_1, zeros_1
910938,910938,915866,925090,936360,936360,936360,936360,936360,936360,936360,947780,957112,961848,961848
961849,961848,961849,968249,976112,976112,976112,976112,976112,976112,976112,984333,992761,993149,993148
