# TIC 0063006634_morp_ 0.644_T0_ 1684.985985_P_ 1.9948817_analysis_6, none, Eclipse indices (see function measure_eclipses_dt).
# zeros_1, minimum_1, peaks_2_n, peaks_1, p_2_p, minimum_1_in, zeros_1_in, minimum_1_in_mid, zeros_1_in, minimum_1_in, p_2_p, peaks_1, peaks_2_n, minimum_1, zeros_1
0,2231,9548,19704,40813,40813,40813,40813,40813,40813,40813,62305,72741,81371,151872
190077,252104,259168,266259,275522,279359,279358,291396,303433,303433,306745,314033,323080,331168,392084
