# TIC 0168384614_morp_ 0.633_T0_ 1545.610414_P_ 2.2676988_analysis_6, none, Eclipse indices (see function measure_eclipses_dt).
# zeros_1, minimum_1, peaks_2_n, peaks_1, p_2_p, minimum_1_in, zeros_1_in, minimum_1_in_mid, zeros_1_in, minimum_1_in, p_2_p, peaks_1, peaks_2_n, minimum_1, zeros_1
4106,83576,86745,101306,123046,123046,123046,123046,123046,123046,123046,144740,158584,162454,247049
247606,333556,336745,349866,373079,373079,373079,373079,373079,373079,373079,396182,408584,412469,498528
