# TIC 0188512866_morp_ 0.531_T0_ 1870.852196_P_ 1.6814900_analysis_6, none, Eclipse indices (see function measure_eclipses_dt).
# zeros_1, minimum_1, peaks_2_n, peaks_1, p_2_p, minimum_1_in, zeros_1_in, minimum_1_in_mid, zeros_1_in, minimum_1_in, p_2_p, peaks_1, peaks_2_n, minimum_1, zeros_1
575868,575867,580556,586087,596941,596941,596941,596941,596941,596941,596941,607591,613066,618410,618409
826962,826962,830629,835874,846935,846935,846935,846935,846935,846935,846935,857750,862967,866966,866966
