# TIC 0359588615_morp_ 0.993_T0_ 1683.336256_P_ 4.8043920_analysis_6, none, Eclipse indices (see function measure_eclipses_dt).
# zeros_1, minimum_1, peaks_2_n, peaks_1, p_2_p, minimum_1_in, zeros_1_in, minimum_1_in_mid, zeros_1_in, minimum_1_in, p_2_p, peaks_1, peaks_2_n, minimum_1, zeros_1
78739,78739,78764,79711,80658,80684,80683,141264,201845,201844,201870,202817,203764,203790,203790
328733,328733,328764,329711,330658,330689,330689,393158,455628,455627,455658,456605,457552,457582,457582
