# TIC 0029914747_morp_ 0.622_T0_ 1544.861200_P_ 0.7713663_analysis_6, none, Eclipse indices (see function measure_eclipses_dt).
# zeros_1, minimum_1, peaks_2_n, peaks_1, p_2_p, minimum_1_in, zeros_1_in, minimum_1_in_mid, zeros_1_in, minimum_1_in, p_2_p, peaks_1, peaks_2_n, minimum_1, zeros_1
213595,213594,243417,257353,281369,281369,281369,281369,281369,281369,281369,305408,319271,353869,353868
424501,475976,494261,506983,531346,531346,531346,531346,531346,531346,531346,555564,568274,585363,639097
