# TIC 0121022559_morp_ 0.496_T0_ 1683.510527_P_ 1.2977560_analysis_6, none, Eclipse indices (see function measure_eclipses_dt).
# zeros_1, minimum_1, peaks_2_n, peaks_1, p_2_p, minimum_1_in, zeros_1_in, minimum_1_in_mid, zeros_1_in, minimum_1_in, p_2_p, peaks_1, peaks_2_n, minimum_1, zeros_1
97566,97565,103101,110941,124194,124194,124194,124194,124194,124194,124194,136929,144592,149623,149622
846592,846591,852952,860738,873906,873906,873906,873906,873906,873906,873906,886747,894581,901092,901091
