# KIC11722816_morp_0.82_T0_54964.744235_P_0.3203734_analysis_6, none, Eclipse indices (see function measure_eclipses_dt).
# zeros_1, minimum_1, peaks_2_n, peaks_1, p_2_p, minimum_1_in, zeros_1_in, minimum_1_in_mid, zeros_1_in, minimum_1_in, p_2_p, peaks_1, peaks_2_n, minimum_1, zeros_1
258793,258792,258793,337831,379201,379201,379201,379201,379201,379201,379201,421372,501173,501174,501174
501175,501174,503127,590380,629772,629772,629772,629772,629772,629772,629772,668271,755354,758792,758791
