# TIC 0274645120_morp_ 0.763_T0_ 1712.146815_P_ 0.9009169_analysis_6, none, Eclipse indices (see function measure_eclipses_dt).
# zeros_1, minimum_1, peaks_2_n, peaks_1, p_2_p, minimum_1_in, zeros_1_in, minimum_1_in_mid, zeros_1_in, minimum_1_in, p_2_p, peaks_1, peaks_2_n, minimum_1, zeros_1
544430,575191,601107,623104,644850,654203,665031,666518,678833,678833,686060,707414,728050,781609,781608
781609,831569,864354,885149,912654,912654,912654,912654,912654,912654,912654,944490,962863,994222,999999
