# TIC 0365198355_morp_ 0.775_T0_ 1930.281800_P_ 0.5587500_analysis_6, none, Eclipse indices (see function measure_eclipses_dt).
# zeros_1, minimum_1, peaks_2_n, peaks_1, p_2_p, minimum_1_in, zeros_1_in, minimum_1_in_mid, zeros_1_in, minimum_1_in, p_2_p, peaks_1, peaks_2_n, minimum_1, zeros_1
237874,237874,311769,319482,356834,356834,356834,356834,356834,356834,356834,387555,406817,480483,480483
480484,480484,561469,568044,610294,610294,610294,610294,610294,610294,610294,649766,657246,737873,737873
