# TIC 0428003183_morp_ 0.643_T0_ 1738.708729_P_ 0.7425756_analysis_6, none, Eclipse indices (see function measure_eclipses_dt).
# zeros_1, minimum_1, peaks_2_n, peaks_1, p_2_p, minimum_1_in, zeros_1_in, minimum_1_in_mid, zeros_1_in, minimum_1_in, p_2_p, peaks_1, peaks_2_n, minimum_1, zeros_1
474584,538133,551214,578617,605540,605540,605540,605540,605540,605540,605540,634007,659164,674013,738839
738840,787534,796956,819839,850869,850869,850869,850869,850869,850869,850869,891891,911625,922446,974582
