# TIC 0441804888_morp_ 0.474_T0_ 1685.181612_P_ 2.7375021_analysis_6, none, Eclipse indices (see function measure_eclipses_dt).
# zeros_1, minimum_1, peaks_2_n, peaks_1, p_2_p, minimum_1_in, zeros_1_in, minimum_1_in_mid, zeros_1_in, minimum_1_in, p_2_p, peaks_1, peaks_2_n, minimum_1, zeros_1
583113,583113,583190,586676,590147,590253,590252,617971,645689,645689,645744,649230,652689,652794,652793
860508,860507,860603,864060,867546,867591,867591,895303,923017,923016,923129,926599,930085,930166,930165
