# TIC 0121119758_morp_ 0.755_T0_ 1683.747204_P_ 2.3026140_analysis_6, none, Eclipse indices (see function measure_eclipses_dt).
# zeros_1, minimum_1, peaks_2_n, peaks_1, p_2_p, minimum_1_in, zeros_1_in, minimum_1_in_mid, zeros_1_in, minimum_1_in, p_2_p, peaks_1, peaks_2_n, minimum_1, zeros_1
39096,112365,115872,118666,167617,167617,167617,167617,167617,167617,167617,198285,203599,209920,285235
285236,285235,285236,369063,417655,417655,417655,417655,417655,417655,417655,449590,454453,539095,539095
