# TIC 0054001270_morp_ 0.551_T0_ 1326.676045_P_ 2.3490994_analysis_6, none, Eclipse indices (see function measure_eclipses_dt).
# zeros_1, minimum_1, peaks_2_n, peaks_1, p_2_p, minimum_1_in, zeros_1_in, minimum_1_in_mid, zeros_1_in, minimum_1_in, p_2_p, peaks_1, peaks_2_n, minimum_1, zeros_1
631190,667229,667378,667527,668865,669014,673689,683401,697789,697789,697919,698068,698217,698340,698339
854395,854395,854395,854544,854693,854693,854693,854693,854693,854693,854693,854842,854989,854991,854990
