# KIC03851320_morp_0.82_T0_55000.251155_P_1.2385693_analysis_6, none, Eclipse indices (see function measure_eclipses_dt).
# zeros_1, minimum_1, peaks_2_n, peaks_1, p_2_p, minimum_1_in, zeros_1_in, minimum_1_in_mid, zeros_1_in, minimum_1_in, p_2_p, peaks_1, peaks_2_n, minimum_1, zeros_1
414462,414461,418828,467391,535650,535650,535650,535650,535650,535650,535650,612578,666911,688222,688221
688222,688222,710907,741311,812915,812915,812915,812915,812915,812915,812915,870125,914459,914461,914460
