# TIC 0283193372_morp_ 0.206_T0_ 1688.460140_P_ 12.0307122_analysis_6, none, Eclipse indices (see function measure_eclipses_dt).
# zeros_1, minimum_1, peaks_2_n, peaks_1, p_2_p, minimum_1_in, zeros_1_in, minimum_1_in_mid, zeros_1_in, minimum_1_in, p_2_p, peaks_1, peaks_2_n, minimum_1, zeros_1
180354,180354,183075,186020,189958,189958,189958,189958,189958,189958,189958,194013,197142,199486,199486
942524,942523,945238,948322,952436,952436,952436,952436,952436,952436,952436,956673,959757,961751,961751
