# TIC 0277848666_morp_ 0.893_T0_ 1712.732226_P_ 1.4276145_analysis_6, none, Eclipse indices (see function measure_eclipses_dt).
# zeros_1, minimum_1, peaks_2_n, peaks_1, p_2_p, minimum_1_in, zeros_1_in, minimum_1_in_mid, zeros_1_in, minimum_1_in, p_2_p, peaks_1, peaks_2_n, minimum_1, zeros_1
492614,492613,492614,577657,630503,630503,630503,630503,630503,630503,630503,687221,712780,743921,743920
743921,743921,743921,808790,872735,872735,872735,872735,872735,872735,872735,930970,962106,992613,992612
