# TIC 0399587190_morp_ 0.929_T0_ 1790.926283_P_ 0.5642709_analysis_6, none, Eclipse indices (see function measure_eclipses_dt).
# zeros_1, minimum_1, peaks_2_n, peaks_1, p_2_p, minimum_1_in, zeros_1_in, minimum_1_in_mid, zeros_1_in, minimum_1_in, p_2_p, peaks_1, peaks_2_n, minimum_1, zeros_1
323732,323731,323732,382756,443477,443477,443477,443477,443477,443477,443477,508541,569575,569576,569576
569577,569576,574007,635131,699069,699069,699069,699069,699069,699069,699069,759523,818980,823731,823730
