# TIC 0193774939_morp_ 0.565_T0_ 1984.107934_P_ 1.3057478_analysis_6, none, Eclipse indices (see function measure_eclipses_dt).
# zeros_1, minimum_1, peaks_2_n, peaks_1, p_2_p, minimum_1_in, zeros_1_in, minimum_1_in_mid, zeros_1_in, minimum_1_in, p_2_p, peaks_1, peaks_2_n, minimum_1, zeros_1
240872,242698,245890,267178,287710,287710,287710,287710,287710,287710,287710,307170,328454,331756,333531
493251,495185,495881,517113,537437,537437,537437,537437,537437,537437,537437,557214,580739,581422,583293
