# TIC 0256865831_morp_ 0.250_T0_ 1956.082654_P_ 4.0605257_analysis_6, none, Eclipse indices (see function measure_eclipses_dt).
# zeros_1, minimum_1, peaks_2_n, peaks_1, p_2_p, minimum_1_in, zeros_1_in, minimum_1_in_mid, zeros_1_in, minimum_1_in, p_2_p, peaks_1, peaks_2_n, minimum_1, zeros_1
392035,392035,394965,399306,404721,404721,404721,404721,404721,404721,404721,410190,414563,417196,417195
644646,644645,646473,650297,654897,654897,654897,654897,654897,654897,654897,659583,663531,664998,664998
