# TIC 0389754103_morp_ 0.464_T0_ 1357.233139_P_ 3.8034748_analysis_6, none, Eclipse indices (see function measure_eclipses_dt).
# zeros_1, minimum_1, peaks_2_n, peaks_1, p_2_p, minimum_1_in, zeros_1_in, minimum_1_in_mid, zeros_1_in, minimum_1_in, p_2_p, peaks_1, peaks_2_n, minimum_1, zeros_1
89210,89210,95845,102680,111925,111925,111925,111925,111925,111925,111925,121436,128215,134139,134138
337932,337932,345780,352546,361808,361808,361808,361808,361808,361808,361808,371369,378145,384233,384232
