# TIC 0026489741_morp_ 0.388_T0_ 1685.948470_P_ 4.9334845_analysis_6, none, Eclipse indices (see function measure_eclipses_dt).
# zeros_1, minimum_1, peaks_2_n, peaks_1, p_2_p, minimum_1_in, zeros_1_in, minimum_1_in_mid, zeros_1_in, minimum_1_in, p_2_p, peaks_1, peaks_2_n, minimum_1, zeros_1
596158,596157,598402,604678,612018,612018,612018,612018,612018,612018,612018,619337,625613,627760,627759
846024,846023,848389,854682,862038,862038,862038,862038,862038,862038,862038,869372,875601,877616,877615
