# TIC 0273373712_morp_ 0.469_T0_ 1685.403798_P_ 3.4039084_analysis_6, none, Eclipse indices (see function measure_eclipses_dt).
# zeros_1, minimum_1, peaks_2_n, peaks_1, p_2_p, minimum_1_in, zeros_1_in, minimum_1_in_mid, zeros_1_in, minimum_1_in, p_2_p, peaks_1, peaks_2_n, minimum_1, zeros_1
284285,284284,287319,290751,295811,295811,295811,295811,295811,295811,295811,301000,304564,307351,307350
534720,534719,537365,540815,545852,545852,545852,545852,545852,545852,545852,550930,554517,556751,556751
