# TIC 0121966220_morp_ 0.379_T0_ 1820.108566_P_ 6.7154544_analysis_6, none, Eclipse indices (see function measure_eclipses_dt).
# zeros_1, minimum_1, peaks_2_n, peaks_1, p_2_p, minimum_1_in, zeros_1_in, minimum_1_in_mid, zeros_1_in, minimum_1_in, p_2_p, peaks_1, peaks_2_n, minimum_1, zeros_1
447180,447179,447829,450404,453036,453036,453036,453036,453036,453036,453036,456008,458501,459224,459223
473969,473969,474226,476370,487848,487958,487958,512145,536333,536332,536532,539143,541321,542828,542827
