# TIC 0116374184_morp_ 0.497_T0_ 1791.521855_P_ 1.7889812_analysis_6, none, Eclipse indices (see function measure_eclipses_dt).
# zeros_1, minimum_1, peaks_2_n, peaks_1, p_2_p, minimum_1_in, zeros_1_in, minimum_1_in_mid, zeros_1_in, minimum_1_in, p_2_p, peaks_1, peaks_2_n, minimum_1, zeros_1
384423,384423,391576,400084,414923,414923,414923,414923,414923,414923,414923,430060,438618,445397,445397
945397,945397,945397,949071,954609,954609,954609,954609,954609,954609,954609,958780,963227,963899,963898
