# TIC 0436103335_morp_ 0.424_T0_ 1473.789342_P_ 7.7042854_analysis_6, none, Eclipse indices (see function measure_eclipses_dt).
# zeros_1, minimum_1, peaks_2_n, peaks_1, p_2_p, minimum_1_in, zeros_1_in, minimum_1_in_mid, zeros_1_in, minimum_1_in, p_2_p, peaks_1, peaks_2_n, minimum_1, zeros_1
699847,699847,714702,718947,737785,739830,739830,745342,750855,750854,751976,769432,789286,789391,789390
812569,812568,815008,818058,834227,834227,834227,834227,834227,834227,834227,864768,883700,884271,884271
