# TIC 0371480725_morp_ 0.539_T0_ 1740.062478_P_ 1.4716278_analysis_6, none, Eclipse indices (see function measure_eclipses_dt).
# zeros_1, minimum_1, peaks_2_n, peaks_1, p_2_p, minimum_1_in, zeros_1_in, minimum_1_in_mid, zeros_1_in, minimum_1_in, p_2_p, peaks_1, peaks_2_n, minimum_1, zeros_1
170539,170538,172950,177903,182671,185843,185843,193097,200352,200352,200655,205578,210227,211083,211083
384372,384371,386305,391331,413662,413662,413662,413662,413662,413662,413662,436448,441650,443251,443251
