# TIC 0397100292_morp_ 0.300_T0_ 1817.446126_P_ 5.0355131_analysis_6, none, Eclipse indices (see function measure_eclipses_dt).
# zeros_1, minimum_1, peaks_2_n, peaks_1, p_2_p, minimum_1_in, zeros_1_in, minimum_1_in_mid, zeros_1_in, minimum_1_in, p_2_p, peaks_1, peaks_2_n, minimum_1, zeros_1
9549,9549,9838,10516,13936,14180,14179,22296,30413,30413,30616,34098,34784,35117,35117
765417,765416,765467,766119,766778,766814,766814,773691,780569,780569,780607,781264,781917,781963,781963
