# TIC 0137501278_morp_ 0.249_T0_ 1817.119051_P_ 2.1353895_analysis_6, none, Eclipse indices (see function measure_eclipses_dt).
# zeros_1, minimum_1, peaks_2_n, peaks_1, p_2_p, minimum_1_in, zeros_1_in, minimum_1_in_mid, zeros_1_in, minimum_1_in, p_2_p, peaks_1, peaks_2_n, minimum_1, zeros_1
399899,399899,406144,412894,427463,427463,427463,427463,427463,427463,427463,432917,438969,441339,444487
569737,569737,570483,572203,584275,584275,584275,584275,584275,584275,584275,591534,593365,595233,599400
