# TIC 0430677414_morp_ 0.617_T0_ 1739.394770_P_ 0.9349250_analysis_6, none, Eclipse indices (see function measure_eclipses_dt).
# zeros_1, minimum_1, peaks_2_n, peaks_1, p_2_p, minimum_1_in, zeros_1_in, minimum_1_in_mid, zeros_1_in, minimum_1_in, p_2_p, peaks_1, peaks_2_n, minimum_1, zeros_1
505642,505641,506062,511999,540261,542751,542750,552048,561347,561346,562636,590773,596813,597986,597985
776461,776460,778560,784431,802015,802015,802015,802015,802015,802015,802015,840808,846806,847721,847720
