# TIC 0121595243_morp_ 0.307_T0_ 1438.999010_P_ 1.0575909_analysis_6, none, Eclipse indices (see function measure_eclipses_dt).
# zeros_1, minimum_1, peaks_2_n, peaks_1, p_2_p, minimum_1_in, zeros_1_in, minimum_1_in_mid, zeros_1_in, minimum_1_in, p_2_p, peaks_1, peaks_2_n, minimum_1, zeros_1
325216,325215,331528,344214,359457,359457,359457,359457,359457,359457,359457,374875,387591,393421,393420
393421,393421,393421,402658,414259,414259,414259,414259,414259,414259,414259,424609,435148,436243,436242
