# TIC 0220359766_morp_ 0.506_T0_ 1544.206651_P_ 1.7598716_analysis_6, none, Eclipse indices (see function measure_eclipses_dt).
# zeros_1, minimum_1, peaks_2_n, peaks_1, p_2_p, minimum_1_in, zeros_1_in, minimum_1_in_mid, zeros_1_in, minimum_1_in, p_2_p, peaks_1, peaks_2_n, minimum_1, zeros_1
439098,439098,452611,461744,474178,474178,474178,474178,474178,474178,474178,486569,495654,509473,509473
872533,872532,877463,891810,908336,908336,908336,908336,908336,908336,908336,918693,926679,939097,939097
