# TIC 0373414766_morp_ 0.691_T0_ 1438.041172_P_ 0.6851178_analysis_6, none, Eclipse indices (see function measure_eclipses_dt).
# zeros_1, minimum_1, peaks_2_n, peaks_1, p_2_p, minimum_1_in, zeros_1_in, minimum_1_in_mid, zeros_1_in, minimum_1_in, p_2_p, peaks_1, peaks_2_n, minimum_1, zeros_1
8669,88623,98589,107245,135027,135027,135027,135027,135027,135027,135027,156381,165034,174906,251670
251671,251670,253927,297303,378319,378319,378319,378319,378319,378319,378319,410015,416304,508668,508668
