# TIC 0175402069_morp_ 0.516_T0_ 1929.827335_P_ 0.1010169_analysis_6, none, Eclipse indices (see function measure_eclipses_dt).
# zeros_1, minimum_1, peaks_2_n, peaks_1, p_2_p, minimum_1_in, zeros_1_in, minimum_1_in_mid, zeros_1_in, minimum_1_in, p_2_p, peaks_1, peaks_2_n, minimum_1, zeros_1
146453,146452,151418,161516,176836,176836,176836,176836,176836,176836,176836,192891,203310,208079,208079
389059,389059,401704,412157,427060,427060,427060,427060,427060,427060,427060,442044,452719,464825,464824
