# TIC 0417436387_morp_ 0.575_T0_ 1738.979989_P_ 1.9623359_analysis_6, none, Eclipse indices (see function measure_eclipses_dt).
# zeros_1, minimum_1, peaks_2_n, peaks_1, p_2_p, minimum_1_in, zeros_1_in, minimum_1_in_mid, zeros_1_in, minimum_1_in, p_2_p, peaks_1, peaks_2_n, minimum_1, zeros_1
5286,128403,139746,171871,202609,202609,202609,202609,202609,202609,202609,233870,265283,276938,397588
416125,416124,416125,420629,433214,433214,433214,433214,433214,433214,433214,466142,470522,471754,471754
