# TIC 0467574373_morp_ 0.836_T0_ 1790.648234_P_ 1.0768276_analysis_6, none, Eclipse indices (see function measure_eclipses_dt).
# zeros_1, minimum_1, peaks_2_n, peaks_1, p_2_p, minimum_1_in, zeros_1_in, minimum_1_in_mid, zeros_1_in, minimum_1_in, p_2_p, peaks_1, peaks_2_n, minimum_1, zeros_1
375116,375115,381912,437902,500607,500607,500607,500607,500607,500607,500607,566655,625425,630688,630687
630688,630688,630688,687111,755044,755044,755044,755044,755044,755044,755044,819969,875113,875115,875114
