# TIC 0261138857_morp_ 0.664_T0_ 1412.084936_P_ 1.8415276_analysis_6, none, Eclipse indices (see function measure_eclipses_dt).
# zeros_1, minimum_1, peaks_2_n, peaks_1, p_2_p, minimum_1_in, zeros_1_in, minimum_1_in_mid, zeros_1_in, minimum_1_in, p_2_p, peaks_1, peaks_2_n, minimum_1, zeros_1
154422,240558,249760,259413,278444,278444,278444,278444,278444,278444,278444,294551,303888,312695,405210
405211,490838,499751,508918,528475,528475,528475,528475,528475,528475,528475,544649,553878,562407,648659
