# TIC 0300871545_morp_ 0.197_T0_ 1327.375881_P_ 4.8170762_analysis_6, none, Eclipse indices (see function measure_eclipses_dt).
# zeros_1, minimum_1, peaks_2_n, peaks_1, p_2_p, minimum_1_in, zeros_1_in, minimum_1_in_mid, zeros_1_in, minimum_1_in, p_2_p, peaks_1, peaks_2_n, minimum_1, zeros_1
183776,183776,185587,187457,203935,203935,203935,203935,203935,203935,203935,219879,221745,223611,223610
561128,562956,565461,567383,569163,571475,575534,578164,584855,584854,585143,591878,593879,594735,594734
