# TIC 0279741942_morp_ 0.091_T0_ 1357.761253_P_ 14.2160823_analysis_6, none, Eclipse indices (see function measure_eclipses_dt).
# zeros_1, minimum_1, peaks_2_n, peaks_1, p_2_p, minimum_1_in, zeros_1_in, minimum_1_in_mid, zeros_1_in, minimum_1_in, p_2_p, peaks_1, peaks_2_n, minimum_1, zeros_1
620928,620927,621164,623918,627149,627149,627149,627149,627149,627149,627149,630165,633157,633541,633541
755520,755519,756079,758926,761544,761544,761544,761544,761544,761544,761544,764362,766872,767208,767208
