# TIC 0405034090_morp_ 0.933_T0_ 1491.728166_P_ 0.7295017_analysis_6, none, Eclipse indices (see function measure_eclipses_dt).
# zeros_1, minimum_1, peaks_2_n, peaks_1, p_2_p, minimum_1_in, zeros_1_in, minimum_1_in_mid, zeros_1_in, minimum_1_in, p_2_p, peaks_1, peaks_2_n, minimum_1, zeros_1
332458,332458,333202,365003,405571,406438,406437,431847,457256,457256,458202,498770,530571,531409,531409
577764,577763,578816,615003,664343,665038,665037,684044,703050,703050,703816,748771,789343,790087,790086
