# TIC 0089522181_morp_ 0.371_T0_ 1684.237323_P_ 2.3470297_analysis_6, none, Eclipse indices (see function measure_eclipses_dt).
# zeros_1, minimum_1, peaks_2_n, peaks_1, p_2_p, minimum_1_in, zeros_1_in, minimum_1_in_mid, zeros_1_in, minimum_1_in, p_2_p, peaks_1, peaks_2_n, minimum_1, zeros_1
130244,130243,133041,141954,150754,150754,150754,150754,150754,150754,150754,159094,168139,171445,171444
479408,479408,482287,491941,501151,501151,501151,501151,501151,501151,501151,510690,520020,522967,522967
