# TIC 0264592553_morp_ 0.329_T0_ 1473.083787_P_ 4.5552015_analysis_6, none, Eclipse indices (see function measure_eclipses_dt).
# zeros_1, minimum_1, peaks_2_n, peaks_1, p_2_p, minimum_1_in, zeros_1_in, minimum_1_in_mid, zeros_1_in, minimum_1_in, p_2_p, peaks_1, peaks_2_n, minimum_1, zeros_1
95399,95398,96115,106076,146747,146747,146747,146747,146747,146747,146747,184630,194352,196030,196029
892695,916047,926005,934104,946975,946975,946975,946975,946975,946975,946975,954399,962041,962854,962854
