# TIC 0455064763_morp_ 0.767_T0_ 1438.234246_P_ 0.2957064_analysis_6, none, Eclipse indices (see function measure_eclipses_dt).
# zeros_1, minimum_1, peaks_2_n, peaks_1, p_2_p, minimum_1_in, zeros_1_in, minimum_1_in_mid, zeros_1_in, minimum_1_in, p_2_p, peaks_1, peaks_2_n, minimum_1, zeros_1
65458,103598,135838,159324,173320,177772,177771,189342,200914,200913,206610,220385,253993,267992,318672
318673,351976,386343,410082,441824,441824,441824,441824,441824,441824,441824,470419,494010,565457,565457
