# TIC 0423833748_morp_ 0.855_T0_ 1411.301277_P_ 0.4269438_analysis_6, none, Eclipse indices (see function measure_eclipses_dt).
# zeros_1, minimum_1, peaks_2_n, peaks_1, p_2_p, minimum_1_in, zeros_1_in, minimum_1_in_mid, zeros_1_in, minimum_1_in, p_2_p, peaks_1, peaks_2_n, minimum_1, zeros_1
188980,188980,189035,270269,315387,315387,315387,315387,315387,315387,315387,357946,439042,441972,443522
443523,443522,457329,520055,565110,565110,565110,565110,565110,565110,565110,614002,676841,685830,688979
