# TIC 0271158877_morp_ 0.652_T0_ 1683.416543_P_ 0.7862557_analysis_6, none, Eclipse indices (see function measure_eclipses_dt).
# zeros_1, minimum_1, peaks_2_n, peaks_1, p_2_p, minimum_1_in, zeros_1_in, minimum_1_in_mid, zeros_1_in, minimum_1_in, p_2_p, peaks_1, peaks_2_n, minimum_1, zeros_1
554578,602478,618229,638300,667938,667938,667938,667938,667938,667938,667938,698658,715048,731421,780620
780621,849840,869468,890847,917323,917323,917323,917323,917323,917323,917323,944789,964147,984926,999999
