# TIC 0410418820_morp_ 0.231_T0_ 1633.408503_P_ 8.5695260_analysis_6, none, Eclipse indices (see function measure_eclipses_dt).
# zeros_1, minimum_1, peaks_2_n, peaks_1, p_2_p, minimum_1_in, zeros_1_in, minimum_1_in_mid, zeros_1_in, minimum_1_in, p_2_p, peaks_1, peaks_2_n, minimum_1, zeros_1
557711,566291,571004,574192,579056,579056,579056,579056,579056,579056,579056,583826,586994,591576,600831
812154,823815,827649,830776,835049,835049,835049,835049,835049,835049,835049,839495,842456,846730,855174
