# TIC 0299443090_morp_ 0.976_T0_ 1791.434552_P_ 1.1745860_analysis_6, none, Eclipse indices (see function measure_eclipses_dt).
# zeros_1, minimum_1, peaks_2_n, peaks_1, p_2_p, minimum_1_in, zeros_1_in, minimum_1_in_mid, zeros_1_in, minimum_1_in, p_2_p, peaks_1, peaks_2_n, minimum_1, zeros_1
376775,376775,376775,435046,503799,503799,503799,503799,503799,503799,503799,572082,629194,629195,629195
629196,629195,631342,687960,751700,751700,751700,751700,751700,751700,751700,816494,875124,876774,876774
