# TIC 0273582296_morp_ 0.149_T0_ 1719.052358_P_ 28.0215510_analysis_6, none, Eclipse indices (see function measure_eclipses_dt).
# zeros_1, minimum_1, peaks_2_n, peaks_1, p_2_p, minimum_1_in, zeros_1_in, minimum_1_in_mid, zeros_1_in, minimum_1_in, p_2_p, peaks_1, peaks_2_n, minimum_1, zeros_1
59828,59828,60247,61661,63186,63186,63186,63186,63186,63186,63186,64772,66170,66450,66450
663037,663036,664795,666992,670447,670447,670447,670447,670447,670447,670447,674075,676029,677363,677362
