# TIC 0191933664_morp_ 0.163_T0_ 1846.004522_P_ 9.8154184_analysis_6, none, Eclipse indices (see function measure_eclipses_dt).
# zeros_1, minimum_1, peaks_2_n, peaks_1, p_2_p, minimum_1_in, zeros_1_in, minimum_1_in_mid, zeros_1_in, minimum_1_in, p_2_p, peaks_1, peaks_2_n, minimum_1, zeros_1
505848,506574,506615,510698,512330,512330,512330,512330,512330,512330,512330,514220,518304,518344,518773
756953,757532,757573,760610,763497,763497,763497,763497,763497,763497,763497,766535,769573,769613,770041
