# TIC 0299160301_morp_ 0.289_T0_ 1685.678726_P_ 5.9369062_analysis_6, none, Eclipse indices (see function measure_eclipses_dt).
# zeros_1, minimum_1, peaks_2_n, peaks_1, p_2_p, minimum_1_in, zeros_1_in, minimum_1_in_mid, zeros_1_in, minimum_1_in, p_2_p, peaks_1, peaks_2_n, minimum_1, zeros_1
870582,870581,870582,871363,872139,872140,872140,873719,875300,875299,875308,876095,876885,876888,876888
880039,880038,880039,880828,881616,881621,881620,884778,887936,887935,887936,888714,889495,889497,889496
