# TIC 0138098461_morp_ 0.880_T0_ 1684.689948_P_ 1.1600306_analysis_6, none, Eclipse indices (see function measure_eclipses_dt).
# zeros_1, minimum_1, peaks_2_n, peaks_1, p_2_p, minimum_1_in, zeros_1_in, minimum_1_in_mid, zeros_1_in, minimum_1_in, p_2_p, peaks_1, peaks_2_n, minimum_1, zeros_1
439487,439487,439487,496484,564846,564846,564846,564846,564846,564846,564846,630563,687095,687096,687096
687097,687096,692771,750763,813151,813151,813151,813151,813151,813151,813151,876393,933062,939486,939486
