# TIC 0071531463_morp_ 0.204_T0_ 1686.305640_P_ 15.3366070_analysis_6, none, Eclipse indices (see function measure_eclipses_dt).
# zeros_1, minimum_1, peaks_2_n, peaks_1, p_2_p, minimum_1_in, zeros_1_in, minimum_1_in_mid, zeros_1_in, minimum_1_in, p_2_p, peaks_1, peaks_2_n, minimum_1, zeros_1
160404,160404,160404,160422,160439,160441,160440,165763,171087,171086,171087,171105,171122,171124,171123
325285,325284,325285,325303,325322,325322,325322,325322,325322,325322,325322,325340,325357,325359,325358
