# TIC 0315937374_morp_ 0.829_T0_ 1791.551190_P_ 0.6057959_analysis_6, none, Eclipse indices (see function measure_eclipses_dt).
# zeros_1, minimum_1, peaks_2_n, peaks_1, p_2_p, minimum_1_in, zeros_1_in, minimum_1_in_mid, zeros_1_in, minimum_1_in, p_2_p, peaks_1, peaks_2_n, minimum_1, zeros_1
280334,280334,340029,358155,403193,403193,403193,403193,403193,403193,403193,440617,522219,522891,522890
526238,588813,590024,603894,630257,631973,647853,653589,672223,675205,676903,699036,717131,718325,776692
