# TIC 0059091000_morp_ 0.238_T0_ 1434.151256_P_ 14.7894291_analysis_6, none, Eclipse indices (see function measure_eclipses_dt).
# zeros_1, minimum_1, peaks_2_n, peaks_1, p_2_p, minimum_1_in, zeros_1_in, minimum_1_in_mid, zeros_1_in, minimum_1_in, p_2_p, peaks_1, peaks_2_n, minimum_1, zeros_1
707587,707587,707780,708522,712119,712468,712468,719294,726121,726121,726563,730155,730904,731134,731134
958968,958967,959224,959962,963564,963888,963888,969304,974721,974721,975118,978719,979460,979787,979786
