# TIC 0117979897_morp_ 0.365_T0_ 1439.864736_P_ 3.3106801_analysis_6, none, Eclipse indices (see function measure_eclipses_dt).
# zeros_1, minimum_1, peaks_2_n, peaks_1, p_2_p, minimum_1_in, zeros_1_in, minimum_1_in_mid, zeros_1_in, minimum_1_in, p_2_p, peaks_1, peaks_2_n, minimum_1, zeros_1
135823,135823,139740,152669,165113,165113,165113,165113,165113,165113,165113,177599,187933,190861,190860
359439,359438,363285,373437,385322,385322,385322,385322,385322,385322,385322,397303,407543,411717,411716
