# TIC 0286923464_morp_ 0.330_T0_ 1712.658514_P_ 6.1351002_analysis_6, none, Eclipse indices (see function measure_eclipses_dt).
# zeros_1, minimum_1, peaks_2_n, peaks_1, p_2_p, minimum_1_in, zeros_1_in, minimum_1_in_mid, zeros_1_in, minimum_1_in, p_2_p, peaks_1, peaks_2_n, minimum_1, zeros_1
189064,189063,189074,189537,190003,190009,190009,191865,193722,193721,193722,194186,194650,194653,194653
666800,666799,666810,667261,667704,667705,667705,669558,671413,671412,671429,671885,672342,672344,672343
