# TIC 0178859380_morp_ 0.746_T0_ 1570.979532_P_ 0.3307902_analysis_6, none, Eclipse indices (see function measure_eclipses_dt).
# zeros_1, minimum_1, peaks_2_n, peaks_1, p_2_p, minimum_1_in, zeros_1_in, minimum_1_in_mid, zeros_1_in, minimum_1_in, p_2_p, peaks_1, peaks_2_n, minimum_1, zeros_1
249212,249212,249212,311200,372851,372851,372851,372851,372851,372851,372851,436138,499020,499022,499021
499022,499022,499091,562025,625375,625375,625375,625375,625375,625375,625375,687097,749138,749211,749211
