# TIC 0209313886_morp_ 0.338_T0_ 2062.167351_P_ 1.2912873_analysis_6, none, Eclipse indices (see function measure_eclipses_dt).
# zeros_1, minimum_1, peaks_2_n, peaks_1, p_2_p, minimum_1_in, zeros_1_in, minimum_1_in_mid, zeros_1_in, minimum_1_in, p_2_p, peaks_1, peaks_2_n, minimum_1, zeros_1
432051,432051,435021,440473,447182,447182,447182,447182,447182,447182,447182,453838,459232,462389,462388
678066,678066,684293,689801,697116,697116,697116,697116,697116,697116,697116,704316,709828,715234,715233
