# TIC 0076658755_morp_ 0.341_T0_ 1600.548325_P_ 1.0498694_analysis_6, none, Eclipse indices (see function measure_eclipses_dt).
# zeros_1, minimum_1, peaks_2_n, peaks_1, p_2_p, minimum_1_in, zeros_1_in, minimum_1_in_mid, zeros_1_in, minimum_1_in, p_2_p, peaks_1, peaks_2_n, minimum_1, zeros_1
303924,303923,307572,313439,320709,320709,320709,320709,320709,320709,320709,327969,333905,336931,336930
553595,553595,557565,563365,570613,570613,570613,570613,570613,570613,570613,578017,583921,587421,587420
