# TIC 0349835367_morp_ 0.544_T0_ 1355.771347_P_ 3.3408227_analysis_6, none, Eclipse indices (see function measure_eclipses_dt).
# zeros_1, minimum_1, peaks_2_n, peaks_1, p_2_p, minimum_1_in, zeros_1_in, minimum_1_in_mid, zeros_1_in, minimum_1_in, p_2_p, peaks_1, peaks_2_n, minimum_1, zeros_1
494282,494281,498573,512584,533008,533008,533008,533008,533008,533008,533008,551466,564397,569983,634215
743712,743712,749231,762901,781501,781501,781501,781501,781501,781501,781501,799722,813764,819153,819152
