# TIC 0160618494_morp_ 0.205_T0_ 1931.830566_P_ 4.2618619_analysis_6, none, Eclipse indices (see function measure_eclipses_dt).
# zeros_1, minimum_1, peaks_2_n, peaks_1, p_2_p, minimum_1_in, zeros_1_in, minimum_1_in_mid, zeros_1_in, minimum_1_in, p_2_p, peaks_1, peaks_2_n, minimum_1, zeros_1
348504,348503,352628,355162,360106,360106,360106,360106,360106,360106,360106,365420,368464,370594,370593
576654,576654,576654,581355,586740,586740,586740,586740,586740,586740,586740,596029,601596,602248,602247
