# TIC 0272672133_morp_ 0.290_T0_ 1870.822012_P_ 3.4939021_analysis_6, none, Eclipse indices (see function measure_eclipses_dt).
# zeros_1, minimum_1, peaks_2_n, peaks_1, p_2_p, minimum_1_in, zeros_1_in, minimum_1_in_mid, zeros_1_in, minimum_1_in, p_2_p, peaks_1, peaks_2_n, minimum_1, zeros_1
172397,172396,172397,172701,173002,173003,173003,176668,180334,180334,180336,180642,180948,180951,180950
440711,440710,440717,441023,441331,441334,441333,442559,443785,443785,443787,444095,444400,444407,444406
