# KIC09651155_morp_0.68_T0_55000.466129_P_1.0738337_analysis_6, none, Eclipse indices (see function measure_eclipses_dt).
# zeros_1, minimum_1, peaks_2_n, peaks_1, p_2_p, minimum_1_in, zeros_1_in, minimum_1_in_mid, zeros_1_in, minimum_1_in, p_2_p, peaks_1, peaks_2_n, minimum_1, zeros_1
32000,120574,132201,140663,155141,155141,155141,155141,155141,155141,155141,170054,178680,189811,281899
281900,281899,300411,362870,406474,406474,406474,406474,406474,406474,406474,421788,428866,531999,531999
