# TIC 0255682622_morp_ 0.953_T0_ 1468.563028_P_ 0.3215756_analysis_6, none, Eclipse indices (see function measure_eclipses_dt).
# zeros_1, minimum_1, peaks_2_n, peaks_1, p_2_p, minimum_1_in, zeros_1_in, minimum_1_in_mid, zeros_1_in, minimum_1_in, p_2_p, peaks_1, peaks_2_n, minimum_1, zeros_1
71090,105413,118770,137278,191706,191706,191706,191706,191706,191706,191706,248028,265187,312323,312323
312324,357752,378761,400959,412085,423536,423536,442381,455100,461227,473330,484645,506904,528025,571088
