# TIC 0313294818_morp_ 0.844_T0_ 1816.602202_P_ 1.2988199_analysis_6, none, Eclipse indices (see function measure_eclipses_dt).
# zeros_1, minimum_1, peaks_2_n, peaks_1, p_2_p, minimum_1_in, zeros_1_in, minimum_1_in_mid, zeros_1_in, minimum_1_in, p_2_p, peaks_1, peaks_2_n, minimum_1, zeros_1
293724,306608,313204,337542,402674,402674,402674,402674,402674,402674,402674,456449,498348,501173,501173
645450,645449,646800,652754,708760,708760,708760,708760,708760,708760,708760,753435,775844,776992,776991
