# TIC 0269077015_morp_ 0.657_T0_ 1438.212718_P_ 4.1437883_analysis_6, none, Eclipse indices (see function measure_eclipses_dt).
# zeros_1, minimum_1, peaks_2_n, peaks_1, p_2_p, minimum_1_in, zeros_1_in, minimum_1_in_mid, zeros_1_in, minimum_1_in, p_2_p, peaks_1, peaks_2_n, minimum_1, zeros_1
361419,429383,438254,452798,473961,473961,473961,473961,473961,473961,473961,497079,508775,517755,602137
608691,680448,687694,703644,723991,723991,723991,723991,723991,723991,723991,750609,759071,766627,861417
