# TIC 0445879719_morp_ 0.499_T0_ 1960.817245_P_ 5.1167271_analysis_6, none, Eclipse indices (see function measure_eclipses_dt).
# zeros_1, minimum_1, peaks_2_n, peaks_1, p_2_p, minimum_1_in, zeros_1_in, minimum_1_in_mid, zeros_1_in, minimum_1_in, p_2_p, peaks_1, peaks_2_n, minimum_1, zeros_1
16988,16988,16989,17061,17132,17134,17134,18704,20274,20274,20274,20345,20415,20417,20416
361346,373067,373138,373210,384998,385042,385042,385995,386948,386948,386997,397923,397994,398066,410921
