# TIC 0445879719_morp_ 0.499_T0_ 1960.817245_P_ 5.1167271_analysis_6, none, Eclipse indices (see function measure_eclipses_dt).
# zeros_1, minimum_1, peaks_2_n, peaks_1, p_2_p, minimum_1_in, zeros_1_in, minimum_1_in_mid, zeros_1_in, minimum_1_in, p_2_p, peaks_1, peaks_2_n, minimum_1, zeros_1
361342,373068,373139,373211,384998,385044,385043,385995,386947,386947,386998,397923,397994,398066,410930
516988,516987,516989,517060,517132,517134,517133,518703,520273,520273,520273,520345,520415,520416,520416
