# TIC 0307990280_morp_ 0.932_T0_ 1546.118024_P_ 2.3159117_analysis_6, none, Eclipse indices (see function measure_eclipses_dt).
# zeros_1, minimum_1, peaks_2_n, peaks_1, p_2_p, minimum_1_in, zeros_1_in, minimum_1_in_mid, zeros_1_in, minimum_1_in, p_2_p, peaks_1, peaks_2_n, minimum_1, zeros_1
162913,162912,162913,223073,298429,298429,298429,298429,298429,298429,298429,373808,421343,437014,437013
437014,437014,442549,471946,551233,551233,551233,551233,551233,551233,551233,624582,657069,662912,662911
