# TIC 0207511576_morp_ 0.608_T0_ 1627.814833_P_ 1.3680135_analysis_6, none, Eclipse indices (see function measure_eclipses_dt).
# zeros_1, minimum_1, peaks_2_n, peaks_1, p_2_p, minimum_1_in, zeros_1_in, minimum_1_in_mid, zeros_1_in, minimum_1_in, p_2_p, peaks_1, peaks_2_n, minimum_1, zeros_1
165196,165196,165196,165448,165699,165701,165700,166717,167733,167733,167735,167989,168243,168245,168244
261335,261334,261335,261587,261838,261840,261839,263872,265905,265905,265906,266160,266413,266414,266414
