# TIC 0161988269_morp_ 0.592_T0_ 1628.862716_P_ 2.5139440_analysis_6, none, Eclipse indices (see function measure_eclipses_dt).
# zeros_1, minimum_1, peaks_2_n, peaks_1, p_2_p, minimum_1_in, zeros_1_in, minimum_1_in_mid, zeros_1_in, minimum_1_in, p_2_p, peaks_1, peaks_2_n, minimum_1, zeros_1
459649,463185,463410,473406,490776,490776,490776,490776,490776,490776,490776,509381,516301,516531,521277
697634,701794,702033,709567,729092,729092,729092,729092,729092,729092,729092,747388,754923,755162,759283
