# TIC 0052641431_morp_ 0.442_T0_ 1469.121764_P_ 1.6712974_analysis_6, none, Eclipse indices (see function measure_eclipses_dt).
# zeros_1, minimum_1, peaks_2_n, peaks_1, p_2_p, minimum_1_in, zeros_1_in, minimum_1_in_mid, zeros_1_in, minimum_1_in, p_2_p, peaks_1, peaks_2_n, minimum_1, zeros_1
347804,347804,350669,354660,360080,360080,360080,360080,360080,360080,360080,365732,369830,373599,373598
595904,595904,600283,604400,610236,610236,610236,610236,610236,610236,610236,615779,620040,623001,623001
