# TIC 0441387582_morp_ 0.369_T0_ 1327.710373_P_ 2.5479524_analysis_6, none, Eclipse indices (see function measure_eclipses_dt).
# zeros_1, minimum_1, peaks_2_n, peaks_1, p_2_p, minimum_1_in, zeros_1_in, minimum_1_in_mid, zeros_1_in, minimum_1_in, p_2_p, peaks_1, peaks_2_n, minimum_1, zeros_1
557611,557610,559968,563335,570301,570301,570301,570301,570301,570301,570301,576619,580448,582528,582527
808027,808027,809966,813138,820062,820062,820062,820062,820062,820062,820062,825819,830413,832286,832286
