# TIC 0233211759_morp_ 0.031_T0_ 1744.389400_P_ 100.2057315_analysis_6, none, Eclipse indices (see function measure_eclipses_dt).
# zeros_1, minimum_1, peaks_2_n, peaks_1, p_2_p, minimum_1_in, zeros_1_in, minimum_1_in_mid, zeros_1_in, minimum_1_in, p_2_p, peaks_1, peaks_2_n, minimum_1, zeros_1
282364,282363,282373,283973,290792,290792,290792,290792,290792,290792,290792,292751,294275,295051,295050
441960,441959,443007,444467,446384,446384,446384,446384,446384,446384,446384,453250,454549,454551,454550
