# TIC 0167123437_morp_ 0.518_T0_ 1570.548008_P_ 0.7671510_analysis_6, none, Eclipse indices (see function measure_eclipses_dt).
# zeros_1, minimum_1, peaks_2_n, peaks_1, p_2_p, minimum_1_in, zeros_1_in, minimum_1_in_mid, zeros_1_in, minimum_1_in, p_2_p, peaks_1, peaks_2_n, minimum_1, zeros_1
137282,137281,148081,159248,173752,173752,173752,173752,173752,173752,173752,188620,199743,216546,257454
865085,883882,899323,909953,924382,924382,924382,924382,924382,924382,924382,938187,948550,964989,979452
