# TIC 0075969405_morp_ 0.306_T0_ 1601.874745_P_ 4.6107416_analysis_6, none, Eclipse indices (see function measure_eclipses_dt).
# zeros_1, minimum_1, peaks_2_n, peaks_1, p_2_p, minimum_1_in, zeros_1_in, minimum_1_in_mid, zeros_1_in, minimum_1_in, p_2_p, peaks_1, peaks_2_n, minimum_1, zeros_1
30240,30240,32355,42109,50018,50018,50018,50018,50018,50018,50018,58058,67471,69959,69958
394170,394169,396478,403857,407850,407850,407850,407850,407850,407850,407850,411803,419199,421543,421542
