# TIC 0120258315_morp_ 0.540_T0_ 1684.204623_P_ 2.9115348_analysis_6, none, Eclipse indices (see function measure_eclipses_dt).
# zeros_1, minimum_1, peaks_2_n, peaks_1, p_2_p, minimum_1_in, zeros_1_in, minimum_1_in_mid, zeros_1_in, minimum_1_in, p_2_p, peaks_1, peaks_2_n, minimum_1, zeros_1
163357,163356,165865,171480,178812,178812,178812,178812,178812,178812,178812,185976,194524,194946,194945
443519,443518,443788,450320,457443,457443,457443,457443,457443,457443,457443,465388,471813,473221,473220
