# TIC 0392536805_morp_ 0.190_T0_ 1687.632009_P_ 8.4097582_analysis_6, none, Eclipse indices (see function measure_eclipses_dt).
# zeros_1, minimum_1, peaks_2_n, peaks_1, p_2_p, minimum_1_in, zeros_1_in, minimum_1_in_mid, zeros_1_in, minimum_1_in, p_2_p, peaks_1, peaks_2_n, minimum_1, zeros_1
641348,641347,641356,641933,642522,642522,642522,642522,642522,642522,642522,643088,643654,643668,643668
838035,838034,838035,838610,839183,839188,839188,841489,843791,843791,843791,844350,844904,844939,844938
