# TIC 0357719182_morp_ 0.440_T0_ 1685.368329_P_ 2.6225919_analysis_6, none, Eclipse indices (see function measure_eclipses_dt).
# zeros_1, minimum_1, peaks_2_n, peaks_1, p_2_p, minimum_1_in, zeros_1_in, minimum_1_in_mid, zeros_1_in, minimum_1_in, p_2_p, peaks_1, peaks_2_n, minimum_1, zeros_1
600312,600311,603454,611127,620695,620695,620695,620695,620695,620695,620695,627920,635410,635527,635527
635528,635527,635528,642947,650091,650091,650091,650091,650091,650091,650091,659719,667277,671008,671007
