# TIC 0220318793_morp_ 0.302_T0_ 1469.947449_P_ 2.7760941_analysis_6, none, Eclipse indices (see function measure_eclipses_dt).
# zeros_1, minimum_1, peaks_2_n, peaks_1, p_2_p, minimum_1_in, zeros_1_in, minimum_1_in_mid, zeros_1_in, minimum_1_in, p_2_p, peaks_1, peaks_2_n, minimum_1, zeros_1
312729,312729,314241,317972,322435,322435,322435,322435,322435,322435,322435,326873,330561,332421,332421
562258,562257,564115,567748,572194,572194,572194,572194,572194,572194,572194,576604,580227,582084,582083
