# TIC 0306130391_morp_ 0.402_T0_ 1570.904287_P_ 4.6452833_analysis_6, none, Eclipse indices (see function measure_eclipses_dt).
# zeros_1, minimum_1, peaks_2_n, peaks_1, p_2_p, minimum_1_in, zeros_1_in, minimum_1_in_mid, zeros_1_in, minimum_1_in, p_2_p, peaks_1, peaks_2_n, minimum_1, zeros_1
719365,719364,719438,719519,727780,727780,727780,727780,727780,727780,727780,737001,738043,738119,738119
968919,968918,968957,969037,969438,969477,969476,978419,987363,987362,987401,987802,987883,987921,987921
