# TIC 0307783750_morp_ 0.796_T0_ 1571.407100_P_ 0.5644946_analysis_6, none, Eclipse indices (see function measure_eclipses_dt).
# zeros_1, minimum_1, peaks_2_n, peaks_1, p_2_p, minimum_1_in, zeros_1_in, minimum_1_in_mid, zeros_1_in, minimum_1_in, p_2_p, peaks_1, peaks_2_n, minimum_1, zeros_1
237780,237779,260921,320264,389993,389993,389993,389993,389993,389993,389993,462874,524879,544952,544951
544952,544952,544952,593184,649233,649233,649233,649233,649233,649233,649233,695634,737777,737779,737778
