# TIC 0365936982_morp_ 0.232_T0_ 1686.423632_P_ 5.2217870_analysis_6, none, Eclipse indices (see function measure_eclipses_dt).
# zeros_1, minimum_1, peaks_2_n, peaks_1, p_2_p, minimum_1_in, zeros_1_in, minimum_1_in_mid, zeros_1_in, minimum_1_in, p_2_p, peaks_1, peaks_2_n, minimum_1, zeros_1
517742,517742,519905,524121,551380,551380,551380,551380,551380,551380,551380,578401,583359,585599,585598
594897,594896,594897,610674,613868,615221,615220,620236,625252,625252,625252,641359,644045,646537,646537
