# TIC 0101220458_morp_ 0.494_T0_ 1797.417672_P_ 7.3127626_analysis_6, none, Eclipse indices (see function measure_eclipses_dt).
# zeros_1, minimum_1, peaks_2_n, peaks_1, p_2_p, minimum_1_in, zeros_1_in, minimum_1_in_mid, zeros_1_in, minimum_1_in, p_2_p, peaks_1, peaks_2_n, minimum_1, zeros_1
144790,144790,145801,159949,169584,169584,169584,169584,169584,169584,169584,183542,186087,190181,190180
792261,792260,792667,800348,816583,816583,816583,816583,816583,816583,816583,830909,832871,838384,838383
