# TIC 0229910746_morp_ 0.412_T0_ 1684.931584_P_ 2.5063335_analysis_6, none, Eclipse indices (see function measure_eclipses_dt).
# zeros_1, minimum_1, peaks_2_n, peaks_1, p_2_p, minimum_1_in, zeros_1_in, minimum_1_in_mid, zeros_1_in, minimum_1_in, p_2_p, peaks_1, peaks_2_n, minimum_1, zeros_1
230697,230696,230740,235474,242970,242970,242970,242970,242970,242970,242970,251016,255801,255802,255802
479910,479910,480584,485335,492928,492928,492928,492928,492928,492928,492928,501082,505976,506528,506527
