# TIC 0377192659_morp_ 0.507_T0_ 1684.652068_P_ 1.8172398_analysis_6, none, Eclipse indices (see function measure_eclipses_dt).
# zeros_1, minimum_1, peaks_2_n, peaks_1, p_2_p, minimum_1_in, zeros_1_in, minimum_1_in_mid, zeros_1_in, minimum_1_in, p_2_p, peaks_1, peaks_2_n, minimum_1, zeros_1
28326,28325,40253,45587,65307,65307,65307,65307,65307,65307,65307,77008,91865,100697,100697
271259,284846,290279,295384,315731,315731,315731,315731,315731,315731,315731,326599,341675,347309,360379
