# TIC 0306107122_morp_ 0.389_T0_ 1630.436664_P_ 7.7598310_analysis_6, none, Eclipse indices (see function measure_eclipses_dt).
# zeros_1, minimum_1, peaks_2_n, peaks_1, p_2_p, minimum_1_in, zeros_1_in, minimum_1_in_mid, zeros_1_in, minimum_1_in, p_2_p, peaks_1, peaks_2_n, minimum_1, zeros_1
365744,365743,365746,365839,365931,365934,365933,380474,395014,395014,395017,395109,395202,395206,395205
488849,488849,493424,493517,498438,498521,498520,502158,505796,505795,505848,511098,515920,515961,515960
