# TIC 0358517121_morp_ 0.231_T0_ 2018.666954_P_ 10.5497757_analysis_6, none, Eclipse indices (see function measure_eclipses_dt).
# zeros_1, minimum_1, peaks_2_n, peaks_1, p_2_p, minimum_1_in, zeros_1_in, minimum_1_in_mid, zeros_1_in, minimum_1_in, p_2_p, peaks_1, peaks_2_n, minimum_1, zeros_1
187662,187800,187838,191569,194796,194796,194796,194796,194796,194796,194796,196246,199261,199299,199443
466438,466438,466440,466477,466515,466517,466516,480269,494021,494021,494023,494060,494098,494100,494099
