# TIC 0400621146_morp_ 0.591_T0_ 1842.757619_P_ 1.6514433_analysis_6, none, Eclipse indices (see function measure_eclipses_dt).
# zeros_1, minimum_1, peaks_2_n, peaks_1, p_2_p, minimum_1_in, zeros_1_in, minimum_1_in_mid, zeros_1_in, minimum_1_in, p_2_p, peaks_1, peaks_2_n, minimum_1, zeros_1
565510,565509,579853,598275,622862,622862,622862,622862,622862,622862,622862,644406,659293,724484,724484
820167,820166,828370,849171,876258,876258,876258,876258,876258,876258,876258,905486,923929,949931,978480
