# TIC 0388245308_morp_ 0.733_T0_ 1738.927516_P_ 0.3546867_analysis_6, none, Eclipse indices (see function measure_eclipses_dt).
# zeros_1, minimum_1, peaks_2_n, peaks_1, p_2_p, minimum_1_in, zeros_1_in, minimum_1_in_mid, zeros_1_in, minimum_1_in, p_2_p, peaks_1, peaks_2_n, minimum_1, zeros_1
240922,297950,314266,332299,361511,361511,361511,361511,361511,361511,361511,392123,409436,424176,490074
490075,490074,564196,582423,615363,615363,615363,615363,615363,615363,615363,642244,659572,674805,740920
