# TIC 0357398957_morp_ 0.606_T0_ 1931.004966_P_ 0.4777678_analysis_6, none, Eclipse indices (see function measure_eclipses_dt).
# zeros_1, minimum_1, peaks_2_n, peaks_1, p_2_p, minimum_1_in, zeros_1_in, minimum_1_in_mid, zeros_1_in, minimum_1_in, p_2_p, peaks_1, peaks_2_n, minimum_1, zeros_1
484476,542231,547529,579949,595669,595669,595669,595669,595669,595669,595669,619486,642802,648654,733586
733587,792361,797524,830000,845518,845518,845518,845518,845518,845518,845518,869469,892807,898537,984474
