# TIC 0099784331_morp_ 0.705_T0_ 1870.820894_P_ 0.5234661_analysis_6, none, Eclipse indices (see function measure_eclipses_dt).
# zeros_1, minimum_1, peaks_2_n, peaks_1, p_2_p, minimum_1_in, zeros_1_in, minimum_1_in_mid, zeros_1_in, minimum_1_in, p_2_p, peaks_1, peaks_2_n, minimum_1, zeros_1
64673,119676,131427,145027,188082,188082,188082,188082,188082,188082,188082,229807,242760,253782,310217
310218,367004,382958,404626,437020,437020,437020,437020,437020,437020,437020,470193,491511,507625,564672
