# TIC 0318986273_morp_ 0.532_T0_ 1570.253431_P_ 3.1070197_analysis_6, none, Eclipse indices (see function measure_eclipses_dt).
# zeros_1, minimum_1, peaks_2_n, peaks_1, p_2_p, minimum_1_in, zeros_1_in, minimum_1_in_mid, zeros_1_in, minimum_1_in, p_2_p, peaks_1, peaks_2_n, minimum_1, zeros_1
481802,481802,481802,482027,482251,482252,482252,495727,509203,509202,509262,510384,510609,510657,510657
719160,719159,719262,724482,727454,727685,733521,741904,756124,756123,756255,763377,764509,764741,767411
