# TIC 0279949020_morp_ 0.100_T0_ 1354.602452_P_ 13.0987154_analysis_6, none, Eclipse indices (see function measure_eclipses_dt).
# zeros_1, minimum_1, peaks_2_n, peaks_1, p_2_p, minimum_1_in, zeros_1_in, minimum_1_in_mid, zeros_1_in, minimum_1_in, p_2_p, peaks_1, peaks_2_n, minimum_1, zeros_1
283791,283790,283988,286913,304776,304776,304776,304776,304776,304776,304776,323028,326085,326400,326400
571706,571705,574159,576716,591480,591806,591806,597442,603079,603078,603370,617336,619632,622439,627481
