# TIC 0049418981_morp_ 0.512_T0_ 1546.559133_P_ 2.5677451_analysis_6, none, Eclipse indices (see function measure_eclipses_dt).
# zeros_1, minimum_1, peaks_2_n, peaks_1, p_2_p, minimum_1_in, zeros_1_in, minimum_1_in_mid, zeros_1_in, minimum_1_in, p_2_p, peaks_1, peaks_2_n, minimum_1, zeros_1
483961,483960,483961,546460,608960,608960,608960,608960,608960,608960,608960,671460,733959,733960,733960
733961,733960,733961,796460,858960,858960,858960,858960,858960,858960,858960,921460,983958,983960,983959
