# TIC 0260536927_morp_ 0.335_T0_ 1599.423616_P_ 5.7296520_analysis_6, none, Eclipse indices (see function measure_eclipses_dt).
# zeros_1, minimum_1, peaks_2_n, peaks_1, p_2_p, minimum_1_in, zeros_1_in, minimum_1_in_mid, zeros_1_in, minimum_1_in, p_2_p, peaks_1, peaks_2_n, minimum_1, zeros_1
220681,220680,223034,226064,229953,229953,229953,229953,229953,229953,229953,233872,236916,239244,239243
832379,832378,833144,838065,845132,846418,846418,856933,867449,867448,869427,873009,876909,877862,877861
