# TIC 0342010156_morp_ 0.359_T0_ 2012.308043_P_ 7.9605275_analysis_6, none, Eclipse indices (see function measure_eclipses_dt).
# zeros_1, minimum_1, peaks_2_n, peaks_1, p_2_p, minimum_1_in, zeros_1_in, minimum_1_in_mid, zeros_1_in, minimum_1_in, p_2_p, peaks_1, peaks_2_n, minimum_1, zeros_1
581315,584271,584322,593463,597080,597080,597080,597080,597080,597080,597080,604629,609421,609474,611819
832215,833315,833997,838392,847728,847728,847728,847728,847728,847728,847728,855679,860867,860931,862457
