# TIC 0100918213_morp_ 0.574_T0_ 1386.123910_P_ 0.5129265_analysis_6, none, Eclipse indices (see function measure_eclipses_dt).
# zeros_1, minimum_1, peaks_2_n, peaks_1, p_2_p, minimum_1_in, zeros_1_in, minimum_1_in_mid, zeros_1_in, minimum_1_in, p_2_p, peaks_1, peaks_2_n, minimum_1, zeros_1
405397,405396,416560,427636,442306,442306,442306,442306,442306,442306,442306,456582,467699,476787,476786
655769,655768,665538,677162,692118,692118,692118,692118,692118,692118,692118,707553,719206,731715,731714
