# KIC09343862_morp_0.56_T0_54999.850251_P_1.1232562_analysis_6, none, Eclipse indices (see function measure_eclipses_dt).
# zeros_1, minimum_1, peaks_2_n, peaks_1, p_2_p, minimum_1_in, zeros_1_in, minimum_1_in_mid, zeros_1_in, minimum_1_in, p_2_p, peaks_1, peaks_2_n, minimum_1, zeros_1
516166,584552,597402,610599,630565,630565,630565,630565,630565,630565,630565,650532,663228,676546,745295
835128,835127,847727,861778,880405,880405,880405,880405,880405,880405,880405,899010,913114,926478,999999
