# TIC 0167719897_morp_ 0.941_T0_ 1570.687976_P_ 0.5133215_analysis_6, none, Eclipse indices (see function measure_eclipses_dt).
# zeros_1, minimum_1, peaks_2_n, peaks_1, p_2_p, minimum_1_in, zeros_1_in, minimum_1_in_mid, zeros_1_in, minimum_1_in, p_2_p, peaks_1, peaks_2_n, minimum_1, zeros_1
238847,238846,241213,308205,368249,368249,368249,368249,368249,368249,368249,425486,496688,497273,497273
497274,497273,497274,565180,618232,618232,618232,618232,618232,618232,618232,669650,738844,738846,738845
