# TIC 0180730928_morp_ 0.699_T0_ 1517.724875_P_ 1.1349354_analysis_6, none, Eclipse indices (see function measure_eclipses_dt).
# zeros_1, minimum_1, peaks_2_n, peaks_1, p_2_p, minimum_1_in, zeros_1_in, minimum_1_in_mid, zeros_1_in, minimum_1_in, p_2_p, peaks_1, peaks_2_n, minimum_1, zeros_1
438207,509144,516521,533025,560619,560619,560619,560619,560619,560619,560619,588328,604968,612087,685231
685232,759323,766558,783182,810548,810548,810548,810548,810548,810548,810548,838545,854965,862112,938205
