# TIC 0284457791_morp_ 0.397_T0_ 1956.085696_P_ 2.3588246_analysis_6, none, Eclipse indices (see function measure_eclipses_dt).
# zeros_1, minimum_1, peaks_2_n, peaks_1, p_2_p, minimum_1_in, zeros_1_in, minimum_1_in_mid, zeros_1_in, minimum_1_in, p_2_p, peaks_1, peaks_2_n, minimum_1, zeros_1
229109,232494,236176,244553,251700,251700,251700,251700,251700,251700,251700,258718,266827,270417,273546
483969,483968,485892,491107,497970,499620,499619,501355,503091,503091,504973,510979,517003,519120,519120
