# TIC 0470975994_morp_ 0.346_T0_ 1844.960438_P_ 3.9596193_analysis_6, none, Eclipse indices (see function measure_eclipses_dt).
# zeros_1, minimum_1, peaks_2_n, peaks_1, p_2_p, minimum_1_in, zeros_1_in, minimum_1_in_mid, zeros_1_in, minimum_1_in, p_2_p, peaks_1, peaks_2_n, minimum_1, zeros_1
647113,647112,648553,650730,652822,654796,654795,659248,663701,663701,666026,668104,670294,671698,671697
897176,897176,898049,900368,902521,904012,904012,909643,915275,915274,916622,918672,920777,921818,921817
