# KIC08560861_morp_0.12_T0_54966.867732_P_31.9732325_analysis_6, none, Eclipse indices (see function measure_eclipses_dt).
# zeros_1, minimum_1, peaks_2_n, peaks_1, p_2_p, minimum_1_in, zeros_1_in, minimum_1_in_mid, zeros_1_in, minimum_1_in, p_2_p, peaks_1, peaks_2_n, minimum_1, zeros_1
314440,314440,314951,316409,319046,319046,319046,319046,319046,319046,319046,321657,323104,323654,323654
576075,576074,576553,577914,580712,580712,580712,580712,580712,580712,580712,583429,584785,585332,585331
