# TIC 0115105140_morp_ 0.766_T0_ 1325.537583_P_ 0.4106860_analysis_6, none, Eclipse indices (see function measure_eclipses_dt).
# zeros_1, minimum_1, peaks_2_n, peaks_1, p_2_p, minimum_1_in, zeros_1_in, minimum_1_in_mid, zeros_1_in, minimum_1_in, p_2_p, peaks_1, peaks_2_n, minimum_1, zeros_1
372495,372495,373456,463651,480242,488492,488492,498695,508899,508898,519180,535032,621597,622024,622024
622025,622024,622025,715392,747138,747138,747138,747138,747138,747138,747138,783773,872493,872494,872494
