# TIC 0114500611_morp_ 0.816_T0_ 1386.278259_P_ 0.4887741_analysis_6, none, Eclipse indices (see function measure_eclipses_dt).
# zeros_1, minimum_1, peaks_2_n, peaks_1, p_2_p, minimum_1_in, zeros_1_in, minimum_1_in_mid, zeros_1_in, minimum_1_in, p_2_p, peaks_1, peaks_2_n, minimum_1, zeros_1
14161,61615,74630,99298,113365,121199,137402,140498,142399,159798,167262,182055,204236,218472,262557
262558,310925,336022,349655,388652,388652,388652,388652,388652,388652,388652,424002,464827,468994,514159
