# TIC 0090716944_morp_ 0.028_T0_ 1665.093301_P_ 16.0505260_analysis_6, none, Eclipse indices (see function measure_eclipses_dt).
# zeros_1, minimum_1, peaks_2_n, peaks_1, p_2_p, minimum_1_in, zeros_1_in, minimum_1_in_mid, zeros_1_in, minimum_1_in, p_2_p, peaks_1, peaks_2_n, minimum_1, zeros_1
675323,675322,675327,675350,675465,675470,675469,676758,678047,678047,678051,678166,678189,678193,678193
865585,865671,865695,866457,867403,867422,867421,867682,867942,867942,867957,868996,869758,869782,869863
