# TIC 0320054835_morp_ 0.404_T0_ 1659.288346_P_ 5.8991823_analysis_6, none, Eclipse indices (see function measure_eclipses_dt).
# zeros_1, minimum_1, peaks_2_n, peaks_1, p_2_p, minimum_1_in, zeros_1_in, minimum_1_in_mid, zeros_1_in, minimum_1_in, p_2_p, peaks_1, peaks_2_n, minimum_1, zeros_1
239088,239087,239106,239167,239468,239487,239486,249357,259228,259227,259246,259548,259608,259626,259626
488500,488500,488503,488563,488624,488627,488626,499357,510088,510088,510090,510150,510211,510213,510213
