# TIC 0121455954_morp_ 0.671_T0_ 1628.765574_P_ 3.5148061_analysis_6, none, Eclipse indices (see function measure_eclipses_dt).
# zeros_1, minimum_1, peaks_2_n, peaks_1, p_2_p, minimum_1_in, zeros_1_in, minimum_1_in_mid, zeros_1_in, minimum_1_in, p_2_p, peaks_1, peaks_2_n, minimum_1, zeros_1
43373,43373,43373,43483,43591,43593,43592,59657,75723,75722,75724,75833,75943,75944,75944
190124,190124,190128,190238,190348,190352,190352,197153,203954,203954,203957,204066,204176,204179,204179
