# TIC 0341309569_morp_ 0.107_T0_ 1654.555360_P_ 7.3465817_analysis_6, none, Eclipse indices (see function measure_eclipses_dt).
# zeros_1, minimum_1, peaks_2_n, peaks_1, p_2_p, minimum_1_in, zeros_1_in, minimum_1_in_mid, zeros_1_in, minimum_1_in, p_2_p, peaks_1, peaks_2_n, minimum_1, zeros_1
72636,72635,72657,72706,72947,72970,72970,74977,76985,76985,77009,77251,77299,77324,77323
437669,437669,437669,437717,437764,437766,437765,439120,440475,440475,440475,440523,440570,440572,440571
