# TIC 0128886984_morp_ 0.782_T0_ 1600.928516_P_ 1.6339861_analysis_6, none, Eclipse indices (see function measure_eclipses_dt).
# zeros_1, minimum_1, peaks_2_n, peaks_1, p_2_p, minimum_1_in, zeros_1_in, minimum_1_in_mid, zeros_1_in, minimum_1_in, p_2_p, peaks_1, peaks_2_n, minimum_1, zeros_1
527619,527618,536167,571231,644919,644919,644919,644919,644919,644919,644919,717349,775204,788557,788557
788558,788557,797448,853046,916857,916857,916857,916857,916857,916857,916857,956678,982874,982876,982875
