# TIC 0157774304_morp_ 0.110_T0_ 1546.004617_P_ 11.7845114_analysis_6, none, Eclipse indices (see function measure_eclipses_dt).
# zeros_1, minimum_1, peaks_2_n, peaks_1, p_2_p, minimum_1_in, zeros_1_in, minimum_1_in_mid, zeros_1_in, minimum_1_in, p_2_p, peaks_1, peaks_2_n, minimum_1, zeros_1
907818,907818,907821,907857,908034,908037,908037,914113,920189,920189,920193,920370,920405,920409,920408
934830,934829,934832,934868,939468,939468,939468,939468,939468,939468,939468,944216,944251,944261,944260
