# TIC 0423279462_morp_ 0.370_T0_ 1517.735656_P_ 3.0724445_analysis_6, none, Eclipse indices (see function measure_eclipses_dt).
# zeros_1, minimum_1, peaks_2_n, peaks_1, p_2_p, minimum_1_in, zeros_1_in, minimum_1_in_mid, zeros_1_in, minimum_1_in, p_2_p, peaks_1, peaks_2_n, minimum_1, zeros_1
411106,411106,413434,420226,426999,426999,426999,426999,426999,426999,426999,433827,440417,442521,442520
660749,660749,663464,670129,676917,676917,676917,676917,676917,676917,676917,683816,690365,692885,692884
