# TIC 0356150515_morp_ 0.771_T0_ 1683.778079_P_ 0.6121521_analysis_6, none, Eclipse indices (see function measure_eclipses_dt).
# zeros_1, minimum_1, peaks_2_n, peaks_1, p_2_p, minimum_1_in, zeros_1_in, minimum_1_in_mid, zeros_1_in, minimum_1_in, p_2_p, peaks_1, peaks_2_n, minimum_1, zeros_1
116740,116739,117743,171459,241120,241120,241120,241120,241120,241120,241120,310740,364665,366170,366169
366170,366170,366170,426954,497638,497638,497638,497638,497638,497638,497638,558514,616737,616739,616738
