# TIC 0256368884_morp_ 0.508_T0_ 1683.520217_P_ 4.1991759_analysis_6, none, Eclipse indices (see function measure_eclipses_dt).
# zeros_1, minimum_1, peaks_2_n, peaks_1, p_2_p, minimum_1_in, zeros_1_in, minimum_1_in_mid, zeros_1_in, minimum_1_in, p_2_p, peaks_1, peaks_2_n, minimum_1, zeros_1
185641,185641,186386,188927,191086,193292,193291,202287,211284,211283,212974,215871,218100,223899,223898
841975,841975,842643,845081,847501,848217,848217,859001,869787,869786,870510,872898,875299,875971,875970
