# TIC 0293954660_morp_ 0.468_T0_ 1739.176908_P_ 2.8136869_analysis_6, none, Eclipse indices (see function measure_eclipses_dt).
# zeros_1, minimum_1, peaks_2_n, peaks_1, p_2_p, minimum_1_in, zeros_1_in, minimum_1_in_mid, zeros_1_in, minimum_1_in, p_2_p, peaks_1, peaks_2_n, minimum_1, zeros_1
201396,201396,204832,213753,223567,223567,223567,223567,223567,223567,223567,233263,242203,245682,245681
451196,451196,454930,463994,473530,473530,473530,473530,473530,473530,473530,483013,492116,495860,495859
