# TIC 0458387660_morp_ 0.175_T0_ 1843.901104_P_ 3.9644119_analysis_6, none, Eclipse indices (see function measure_eclipses_dt).
# zeros_1, minimum_1, peaks_2_n, peaks_1, p_2_p, minimum_1_in, zeros_1_in, minimum_1_in_mid, zeros_1_in, minimum_1_in, p_2_p, peaks_1, peaks_2_n, minimum_1, zeros_1
19147,19147,21229,23627,27067,27067,27067,27067,27067,27067,27067,30488,32877,34883,34882
270505,270505,271373,273271,276774,276774,276774,276774,276774,276774,276774,280837,282742,284110,284109
