# TIC 0259006174_morp_ 0.322_T0_ 1682.657713_P_ 1.9396280_analysis_6, none, Eclipse indices (see function measure_eclipses_dt).
# zeros_1, minimum_1, peaks_2_n, peaks_1, p_2_p, minimum_1_in, zeros_1_in, minimum_1_in_mid, zeros_1_in, minimum_1_in, p_2_p, peaks_1, peaks_2_n, minimum_1, zeros_1
493277,493277,493277,504470,521200,521200,521200,521200,521200,521200,521200,533600,541784,545904,545904
566221,566220,571191,579248,589463,589463,589463,589463,589463,589463,589463,599245,606861,613687,613686
