# TIC 0173340408_morp_ 0.696_T0_ 1738.849642_P_ 0.4949673_analysis_6, none, Eclipse indices (see function measure_eclipses_dt).
# zeros_1, minimum_1, peaks_2_n, peaks_1, p_2_p, minimum_1_in, zeros_1_in, minimum_1_in_mid, zeros_1_in, minimum_1_in, p_2_p, peaks_1, peaks_2_n, minimum_1, zeros_1
21841,21840,22565,111623,142696,142696,142696,142696,142696,142696,142696,173972,263727,263729,263728
263729,263729,338504,359945,392024,392024,392024,392024,392024,392024,392024,424451,446317,482712,521839
