# TIC 0275051466_morp_ 0.277_T0_ 1747.504527_P_ 4.7850357_analysis_6, none, Eclipse indices (see function measure_eclipses_dt).
# zeros_1, minimum_1, peaks_2_n, peaks_1, p_2_p, minimum_1_in, zeros_1_in, minimum_1_in_mid, zeros_1_in, minimum_1_in, p_2_p, peaks_1, peaks_2_n, minimum_1, zeros_1
202518,202518,206533,210381,215385,215385,215385,215385,215385,215385,215385,220389,224251,227491,227490
448463,448462,451561,455382,460415,460415,460415,460415,460415,460415,460415,465391,469216,474169,474168
