# TIC 0461662295_morp_ 0.082_T0_ 1836.094255_P_ 20.5400465_analysis_6, none, Eclipse indices (see function measure_eclipses_dt).
# zeros_1, minimum_1, peaks_2_n, peaks_1, p_2_p, minimum_1_in, zeros_1_in, minimum_1_in_mid, zeros_1_in, minimum_1_in, p_2_p, peaks_1, peaks_2_n, minimum_1, zeros_1
440418,440417,440418,440435,440452,440453,440453,454435,468419,468418,468419,468436,468453,468454,468454
826781,826780,826781,826799,826816,826817,826817,839801,852786,852785,852786,852803,852820,852821,852821
