# TIC 0318966048_morp_ 0.775_T0_ 1411.064262_P_ 0.2306676_analysis_6, none, Eclipse indices (see function measure_eclipses_dt).
# zeros_1, minimum_1, peaks_2_n, peaks_1, p_2_p, minimum_1_in, zeros_1_in, minimum_1_in_mid, zeros_1_in, minimum_1_in, p_2_p, peaks_1, peaks_2_n, minimum_1, zeros_1
237213,237213,237213,331672,365531,365531,365531,365531,365531,365531,365531,397260,492061,492063,492062
492063,492063,495752,581076,613288,613288,613288,613288,613288,613288,613288,647714,732566,737212,737212
