# TIC 0152507230_morp_ 0.707_T0_ 1411.185142_P_ 0.3116403_analysis_6, none, Eclipse indices (see function measure_eclipses_dt).
# zeros_1, minimum_1, peaks_2_n, peaks_1, p_2_p, minimum_1_in, zeros_1_in, minimum_1_in_mid, zeros_1_in, minimum_1_in, p_2_p, peaks_1, peaks_2_n, minimum_1, zeros_1
244708,290035,317389,337034,365930,365930,365930,365930,365930,365930,365930,396320,415804,435816,490509
490510,543694,563283,590606,616935,616935,616935,616935,616935,616935,616935,650062,669893,689221,744707
