# TIC 0455769191_morp_ 0.339_T0_ 1769.317326_P_ 4.5426236_analysis_6, none, Eclipse indices (see function measure_eclipses_dt).
# zeros_1, minimum_1, peaks_2_n, peaks_1, p_2_p, minimum_1_in, zeros_1_in, minimum_1_in_mid, zeros_1_in, minimum_1_in, p_2_p, peaks_1, peaks_2_n, minimum_1, zeros_1
182167,182166,184115,189206,196483,196483,196483,196483,196483,196483,196483,203720,208863,210791,210790
432626,432625,434047,439322,446469,446469,446469,446469,446469,446469,446469,453624,458921,460284,460283
