# TIC 0192071095_morp_ 0.117_T0_ 1848.514342_P_ 12.1727418_analysis_6, none, Eclipse indices (see function measure_eclipses_dt).
# zeros_1, minimum_1, peaks_2_n, peaks_1, p_2_p, minimum_1_in, zeros_1_in, minimum_1_in_mid, zeros_1_in, minimum_1_in, p_2_p, peaks_1, peaks_2_n, minimum_1, zeros_1
204726,205675,205708,207056,209241,209273,209853,209959,210063,210645,210678,212743,214211,214243,215188
455385,455617,455648,456875,458342,458373,458963,459959,460837,461545,461576,463043,464270,464301,464529
