# TIC 0101070833_morp_ 0.700_T0_ 1411.759948_P_ 0.8276644_analysis_6, none, Eclipse indices (see function measure_eclipses_dt).
# zeros_1, minimum_1, peaks_2_n, peaks_1, p_2_p, minimum_1_in, zeros_1_in, minimum_1_in_mid, zeros_1_in, minimum_1_in, p_2_p, peaks_1, peaks_2_n, minimum_1, zeros_1
95098,144985,158896,166986,204226,209988,218408,218625,227262,227262,231424,259051,286866,298640,345125
345126,345125,423654,440239,468433,468433,468433,468433,468433,468433,468433,496819,523547,595097,595096
