# TIC 0122375269_morp_ 0.560_T0_ 1685.793938_P_ 1.8912424_analysis_6, none, Eclipse indices (see function measure_eclipses_dt).
# zeros_1, minimum_1, peaks_2_n, peaks_1, p_2_p, minimum_1_in, zeros_1_in, minimum_1_in_mid, zeros_1_in, minimum_1_in, p_2_p, peaks_1, peaks_2_n, minimum_1, zeros_1
417275,553154,561300,584852,602191,602191,602191,602191,602191,602191,602191,619338,642847,650597,799607
807235,807234,810585,826707,852197,852197,852197,852197,852197,852197,852197,878498,893791,898144,898143
