# TIC 0086081744_morp_ 0.331_T0_ 1817.132869_P_ 4.3388449_analysis_6, none, Eclipse indices (see function measure_eclipses_dt).
# zeros_1, minimum_1, peaks_2_n, peaks_1, p_2_p, minimum_1_in, zeros_1_in, minimum_1_in_mid, zeros_1_in, minimum_1_in, p_2_p, peaks_1, peaks_2_n, minimum_1, zeros_1
161992,161991,165135,170886,177969,177969,177969,177969,177969,177969,177969,185035,190756,194228,194227
910989,910988,915024,920139,926709,926709,926709,926709,926709,926709,926709,932973,938069,940709,940709
