# TIC 0298559217_morp_ 0.922_T0_ 1711.451147_P_ 0.3301871_analysis_6, none, Eclipse indices (see function measure_eclipses_dt).
# zeros_1, minimum_1, peaks_2_n, peaks_1, p_2_p, minimum_1_in, zeros_1_in, minimum_1_in_mid, zeros_1_in, minimum_1_in, p_2_p, peaks_1, peaks_2_n, minimum_1, zeros_1
251059,251059,251059,311211,371734,371734,371734,371734,371734,371734,371734,434229,495501,495503,495502
495503,495503,497539,560267,624625,624625,624625,624625,624625,624625,624625,687213,748927,751058,751058
