# TIC 0331221558_morp_ 0.510_T0_ 1739.833453_P_ 1.6046597_analysis_6, none, Eclipse indices (see function measure_eclipses_dt).
# zeros_1, minimum_1, peaks_2_n, peaks_1, p_2_p, minimum_1_in, zeros_1_in, minimum_1_in_mid, zeros_1_in, minimum_1_in, p_2_p, peaks_1, peaks_2_n, minimum_1, zeros_1
441090,441089,444462,459002,471058,471058,471058,471058,471058,471058,471058,483242,497552,500413,500413
690766,690766,694706,712078,720993,720993,720993,720993,720993,720993,720993,729829,747309,750843,750843
