# TIC 0167196599_morp_ 0.650_T0_ 1711.688569_P_ 0.6405872_analysis_6, none, Eclipse indices (see function measure_eclipses_dt).
# zeros_1, minimum_1, peaks_2_n, peaks_1, p_2_p, minimum_1_in, zeros_1_in, minimum_1_in_mid, zeros_1_in, minimum_1_in, p_2_p, peaks_1, peaks_2_n, minimum_1, zeros_1
139223,139223,205221,243216,264707,264707,264707,264707,264707,264707,264707,286049,323289,389693,389693
389694,434926,451179,486533,514187,514187,514187,514187,514187,514187,514187,547036,577806,593775,639222
