# TIC 0162173122_morp_ 0.744_T0_ 1711.778576_P_ 0.3721521_analysis_6, none, Eclipse indices (see function measure_eclipses_dt).
# zeros_1, minimum_1, peaks_2_n, peaks_1, p_2_p, minimum_1_in, zeros_1_in, minimum_1_in_mid, zeros_1_in, minimum_1_in, p_2_p, peaks_1, peaks_2_n, minimum_1, zeros_1
526025,526025,526025,623284,641638,641638,641638,641638,641638,641638,641638,713462,764730,766409,766408
766409,841004,858512,871542,893704,893704,893704,893704,893704,893704,893704,912435,924695,940386,999999
