# TIC 0286338346_morp_ 0.763_T0_ 1987.508030_P_ 0.3732684_analysis_6, none, Eclipse indices (see function measure_eclipses_dt).
# zeros_1, minimum_1, peaks_2_n, peaks_1, p_2_p, minimum_1_in, zeros_1_in, minimum_1_in_mid, zeros_1_in, minimum_1_in, p_2_p, peaks_1, peaks_2_n, minimum_1, zeros_1
383454,383453,443989,470418,503518,503518,503518,503518,503518,503518,503518,535468,560027,627016,627016
627017,627016,696723,719336,753786,753786,753786,753786,753786,753786,753786,786502,806865,883453,883452
