# TIC 0248394273_morp_ 0.725_T0_ 1438.015043_P_ 0.1485855_analysis_6, none, Eclipse indices (see function measure_eclipses_dt).
# zeros_1, minimum_1, peaks_2_n, peaks_1, p_2_p, minimum_1_in, zeros_1_in, minimum_1_in_mid, zeros_1_in, minimum_1_in, p_2_p, peaks_1, peaks_2_n, minimum_1, zeros_1
228797,322486,335875,346298,360655,360655,360655,360655,360655,360655,360655,374663,385354,395441,395440
480044,480043,499480,544043,606907,606907,606907,606907,606907,606907,606907,674242,722147,728796,728796
