# TIC 0407147727_morp_ 0.596_T0_ 1625.432596_P_ 0.5996011_analysis_6, none, Eclipse indices (see function measure_eclipses_dt).
# zeros_1, minimum_1, peaks_2_n, peaks_1, p_2_p, minimum_1_in, zeros_1_in, minimum_1_in_mid, zeros_1_in, minimum_1_in, p_2_p, peaks_1, peaks_2_n, minimum_1, zeros_1
302364,370159,403936,421538,446118,446118,446118,446118,446118,446118,446118,470728,488066,516369,588285
641401,641401,658914,674897,696004,696004,696004,696004,696004,696004,696004,716935,733164,745484,745484
