# TIC 0285339013_morp_ 0.672_T0_ 1792.523280_P_ 1.9163685_analysis_6, none, Eclipse indices (see function measure_eclipses_dt).
# zeros_1, minimum_1, peaks_2_n, peaks_1, p_2_p, minimum_1_in, zeros_1_in, minimum_1_in_mid, zeros_1_in, minimum_1_in, p_2_p, peaks_1, peaks_2_n, minimum_1, zeros_1
329227,329226,329245,330727,332214,332225,332224,338157,344089,344089,344089,345572,347053,347058,347058
512178,512178,512178,513659,515139,515139,515139,515139,515139,515139,515139,516634,518120,518129,518128
