# TIC 0464772659_morp_ 0.532_T0_ 1434.426142_P_ 9.7376099_analysis_6, none, Eclipse indices (see function measure_eclipses_dt).
# zeros_1, minimum_1, peaks_2_n, peaks_1, p_2_p, minimum_1_in, zeros_1_in, minimum_1_in_mid, zeros_1_in, minimum_1_in, p_2_p, peaks_1, peaks_2_n, minimum_1, zeros_1
126701,126701,126702,126741,126780,126782,126781,141840,156900,156899,156900,156938,156974,156976,156975
208071,208070,208071,208111,208149,208151,208150,222977,237804,237804,237804,237840,237874,237875,237875
