# TIC 0258177999_morp_ 0.207_T0_ 1959.317184_P_ 5.3968072_analysis_6, none, Eclipse indices (see function measure_eclipses_dt).
# zeros_1, minimum_1, peaks_2_n, peaks_1, p_2_p, minimum_1_in, zeros_1_in, minimum_1_in_mid, zeros_1_in, minimum_1_in, p_2_p, peaks_1, peaks_2_n, minimum_1, zeros_1
491857,491857,493082,495511,500833,500833,500833,500833,500833,500833,500833,504865,507197,508225,508225
747652,747652,750071,752927,757040,757040,757040,757040,757040,757040,757040,761188,764097,766403,766402
