# TIC 0272357134_morp_ 0.497_T0_ 1571.969612_P_ 4.1969492_analysis_6, none, Eclipse indices (see function measure_eclipses_dt).
# zeros_1, minimum_1, peaks_2_n, peaks_1, p_2_p, minimum_1_in, zeros_1_in, minimum_1_in_mid, zeros_1_in, minimum_1_in, p_2_p, peaks_1, peaks_2_n, minimum_1, zeros_1
799990,799990,799990,821859,831857,831857,831857,831857,831857,831857,831857,844047,849360,849361,849361
849362,863065,867864,872207,877078,879551,879550,886525,893500,893499,895697,900437,904648,909920,923678
