# TIC 0263930790_morp_ 0.647_T0_ 1683.400598_P_ 1.1247811_analysis_6, none, Eclipse indices (see function measure_eclipses_dt).
# zeros_1, minimum_1, peaks_2_n, peaks_1, p_2_p, minimum_1_in, zeros_1_in, minimum_1_in_mid, zeros_1_in, minimum_1_in, p_2_p, peaks_1, peaks_2_n, minimum_1, zeros_1
250894,250894,255965,278799,287349,293585,293584,299292,304999,304999,311095,319412,343507,348125,348125
423265,423264,424345,453508,490232,492009,492009,524806,557604,557604,561600,570156,594052,598498,598497
