# TIC 0336405638_morp_ 0.169_T0_ 1688.386932_P_ 7.3251549_analysis_6, none, Eclipse indices (see function measure_eclipses_dt).
# zeros_1, minimum_1, peaks_2_n, peaks_1, p_2_p, minimum_1_in, zeros_1_in, minimum_1_in_mid, zeros_1_in, minimum_1_in, p_2_p, peaks_1, peaks_2_n, minimum_1, zeros_1
733937,733936,735527,738437,741947,741947,741947,741947,741947,741947,741947,745514,748460,749866,749865
749866,749866,749866,752243,765883,765883,765883,765883,765883,765883,765883,770173,773385,775635,775635
