# TIC 0426389397_morp_ 0.435_T0_ 1818.357459_P_ 3.5092612_analysis_6, none, Eclipse indices (see function measure_eclipses_dt).
# zeros_1, minimum_1, peaks_2_n, peaks_1, p_2_p, minimum_1_in, zeros_1_in, minimum_1_in_mid, zeros_1_in, minimum_1_in, p_2_p, peaks_1, peaks_2_n, minimum_1, zeros_1
483122,483122,487012,487132,493981,496716,496716,512539,528364,528363,528364,531099,533719,533720,533720
794641,794641,797970,801545,805292,807340,807339,812086,816834,816833,818358,822256,825821,829459,829458
