# TIC 0248399337_morp_ 0.920_T0_ 1438.165602_P_ 0.4319151_analysis_6, none, Eclipse indices (see function measure_eclipses_dt).
# zeros_1, minimum_1, peaks_2_n, peaks_1, p_2_p, minimum_1_in, zeros_1_in, minimum_1_in_mid, zeros_1_in, minimum_1_in, p_2_p, peaks_1, peaks_2_n, minimum_1, zeros_1
190857,190857,192052,262434,314023,314023,314023,314023,314023,314023,314023,365809,435082,437669,437668
437669,437669,437669,500343,564824,564824,564824,564824,564824,564824,564824,628248,690855,690856,690856
