# TIC 0173038281_morp_ 0.164_T0_ 1470.495865_P_ 4.3080481_analysis_6, none, Eclipse indices (see function measure_eclipses_dt).
# zeros_1, minimum_1, peaks_2_n, peaks_1, p_2_p, minimum_1_in, zeros_1_in, minimum_1_in_mid, zeros_1_in, minimum_1_in, p_2_p, peaks_1, peaks_2_n, minimum_1, zeros_1
448872,448871,458206,461188,479953,479953,479953,479953,479953,479953,479953,498770,502036,512089,512089
524474,524473,525621,529523,549562,549564,549563,576011,602460,602459,602873,606516,610201,610649,610648
