# TIC 0449650980_morp_ 0.780_T0_ 1598.750187_P_ 1.2783847_analysis_6, none, Eclipse indices (see function measure_eclipses_dt).
# zeros_1, minimum_1, peaks_2_n, peaks_1, p_2_p, minimum_1_in, zeros_1_in, minimum_1_in_mid, zeros_1_in, minimum_1_in, p_2_p, peaks_1, peaks_2_n, minimum_1, zeros_1
90926,90926,100307,166345,214948,214948,214948,214948,214948,214948,214948,261182,342997,342998,342998
342999,342998,343721,390495,465295,465295,465295,465295,465295,465295,465295,536937,590924,590925,590925
