# TIC 0025078924_morp_ 0.556_T0_ 1325.961426_P_ 0.9043827_analysis_6, none, Eclipse indices (see function measure_eclipses_dt).
# zeros_1, minimum_1, peaks_2_n, peaks_1, p_2_p, minimum_1_in, zeros_1_in, minimum_1_in_mid, zeros_1_in, minimum_1_in, p_2_p, peaks_1, peaks_2_n, minimum_1, zeros_1
0,60290,73760,85471,102639,102639,102639,102639,102639,102639,102639,118036,129378,142753,221840
307558,307557,319457,333201,351115,351115,351115,351115,351115,351115,351115,368878,382441,395777,395776
