# TIC 0230063769_morp_ 0.149_T0_ 1872.331339_P_ 8.2614364_analysis_6, none, Eclipse indices (see function measure_eclipses_dt).
# zeros_1, minimum_1, peaks_2_n, peaks_1, p_2_p, minimum_1_in, zeros_1_in, minimum_1_in_mid, zeros_1_in, minimum_1_in, p_2_p, peaks_1, peaks_2_n, minimum_1, zeros_1
39268,39268,39268,39691,40108,40110,40109,40972,41835,41834,41843,42272,42704,42709,42708
563014,563013,563024,563453,563890,563890,563890,563890,563890,563890,563890,564315,564739,564740,564740
