# KIC06611330_morp_0.02_T0_54864.047291_P_35.1466903_analysis_6, none, Eclipse indices (see function measure_eclipses_dt).
# zeros_1, minimum_1, peaks_2_n, peaks_1, p_2_p, minimum_1_in, zeros_1_in, minimum_1_in_mid, zeros_1_in, minimum_1_in, p_2_p, peaks_1, peaks_2_n, minimum_1, zeros_1
730562,731831,732718,733316,734133,734133,734133,734133,734133,734133,734133,734964,735565,736483,737474
800634,800633,800801,801419,802008,802236,802236,810884,819533,819533,819579,824193,826788,826790,826789
