# TIC 0366072761_morp_ 0.098_T0_ 1766.577009_P_ 7.6596081_analysis_6, none, Eclipse indices (see function measure_eclipses_dt).
# zeros_1, minimum_1, peaks_2_n, peaks_1, p_2_p, minimum_1_in, zeros_1_in, minimum_1_in_mid, zeros_1_in, minimum_1_in, p_2_p, peaks_1, peaks_2_n, minimum_1, zeros_1
686256,687181,687275,688673,691046,691121,691120,691232,691345,691344,691373,693747,695144,695237,696493
943623,944884,944980,946378,948952,948952,948952,948952,948952,948952,948952,951452,952849,952946,954215
