# TIC 0437230910_morp_ 0.369_T0_ 1544.339687_P_ 0.3805170_analysis_6, none, Eclipse indices (see function measure_eclipses_dt).
# zeros_1, minimum_1, peaks_2_n, peaks_1, p_2_p, minimum_1_in, zeros_1_in, minimum_1_in_mid, zeros_1_in, minimum_1_in, p_2_p, peaks_1, peaks_2_n, minimum_1, zeros_1
163139,163138,171879,183779,198838,198838,198838,198838,198838,198838,198838,213905,225897,233617,233617
233618,233617,233618,241222,251548,251548,251548,251548,251548,251548,251548,260231,269288,270234,270234
