# TIC 0294197236_morp_ 0.607_T0_ 1626.206333_P_ 1.9345402_analysis_6, none, Eclipse indices (see function measure_eclipses_dt).
# zeros_1, minimum_1, peaks_2_n, peaks_1, p_2_p, minimum_1_in, zeros_1_in, minimum_1_in_mid, zeros_1_in, minimum_1_in, p_2_p, peaks_1, peaks_2_n, minimum_1, zeros_1
623859,627931,628436,633351,649285,649285,649285,649285,649285,649285,649285,665548,670475,670976,673683
873102,878670,879184,884085,898905,898905,898905,898905,898905,898905,898905,914813,919726,920242,924366
