# TIC 0167795859_morp_ 0.196_T0_ 1599.424803_P_ 6.2128172_analysis_6, none, Eclipse indices (see function measure_eclipses_dt).
# zeros_1, minimum_1, peaks_2_n, peaks_1, p_2_p, minimum_1_in, zeros_1_in, minimum_1_in_mid, zeros_1_in, minimum_1_in, p_2_p, peaks_1, peaks_2_n, minimum_1, zeros_1
471042,471042,477245,483109,490733,490733,490733,490733,490733,490733,490733,498457,504435,510373,510373
586502,586501,586502,604806,610663,610663,610663,610663,610663,610663,610663,617304,623119,623795,623794
