# TIC 0069838619_morp_ 0.949_T0_ 1354.261985_P_ 0.3833245_analysis_6, none, Eclipse indices (see function measure_eclipses_dt).
# zeros_1, minimum_1, peaks_2_n, peaks_1, p_2_p, minimum_1_in, zeros_1_in, minimum_1_in_mid, zeros_1_in, minimum_1_in, p_2_p, peaks_1, peaks_2_n, minimum_1, zeros_1
231393,231392,234435,313681,342890,342890,342890,342890,342890,342890,342890,391919,452345,475171,475170
475171,475171,484609,561980,603404,603404,603404,603404,603404,603404,603404,650613,658146,691453,731391
