# TIC 0341193555_morp_ 0.134_T0_ 1570.629766_P_ 9.7242239_analysis_6, none, Eclipse indices (see function measure_eclipses_dt).
# zeros_1, minimum_1, peaks_2_n, peaks_1, p_2_p, minimum_1_in, zeros_1_in, minimum_1_in_mid, zeros_1_in, minimum_1_in, p_2_p, peaks_1, peaks_2_n, minimum_1, zeros_1
356811,356810,356842,357834,357873,357913,359333,359938,361965,361964,361997,363306,363346,363385,364803
617097,617096,617117,617156,617354,617374,617374,619890,622406,622406,622427,622625,622665,622685,622684
