# TIC 0383858742_morp_ 0.943_T0_ 1600.394641_P_ 0.3211244_analysis_6, none, Eclipse indices (see function measure_eclipses_dt).
# zeros_1, minimum_1, peaks_2_n, peaks_1, p_2_p, minimum_1_in, zeros_1_in, minimum_1_in_mid, zeros_1_in, minimum_1_in, p_2_p, peaks_1, peaks_2_n, minimum_1, zeros_1
382123,382122,383111,440167,512886,512886,512886,512886,512886,512886,512886,583699,640686,644609,644608
644609,644609,645732,697697,763115,763115,763115,763115,763115,763115,763115,826179,878064,882122,882121
