# TIC 0322347559_morp_ 0.465_T0_ 1816.341000_P_ 0.4800216_analysis_6, none, Eclipse indices (see function measure_eclipses_dt).
# zeros_1, minimum_1, peaks_2_n, peaks_1, p_2_p, minimum_1_in, zeros_1_in, minimum_1_in_mid, zeros_1_in, minimum_1_in, p_2_p, peaks_1, peaks_2_n, minimum_1, zeros_1
84861,84861,87922,92553,98462,98462,98462,98462,98462,98462,98462,103949,108509,110844,110844
335240,335239,337922,342543,348264,348264,348264,348264,348264,348264,348264,353957,358509,361331,361331
