# TIC 0275658545_morp_ 0.987_T0_ 1683.783490_P_ 2.9846113_analysis_6, none, Eclipse indices (see function measure_eclipses_dt).
# zeros_1, minimum_1, peaks_2_n, peaks_1, p_2_p, minimum_1_in, zeros_1_in, minimum_1_in_mid, zeros_1_in, minimum_1_in, p_2_p, peaks_1, peaks_2_n, minimum_1, zeros_1
55096,55095,65440,110791,187524,187524,187524,187524,187524,187524,187524,253547,321568,322575,322575
322576,322575,322576,387049,437949,437949,437949,437949,437949,437949,437949,495217,555093,555095,555094
