# TIC 0272539879_morp_ 0.676_T0_ 1764.699419_P_ 2.1420485_analysis_6, none, Eclipse indices (see function measure_eclipses_dt).
# zeros_1, minimum_1, peaks_2_n, peaks_1, p_2_p, minimum_1_in, zeros_1_in, minimum_1_in_mid, zeros_1_in, minimum_1_in, p_2_p, peaks_1, peaks_2_n, minimum_1, zeros_1
355072,397431,434993,451483,471405,471405,471405,471405,471405,471405,471405,491471,508030,545592,587632
606155,647449,685107,701371,721464,721464,721464,721464,721464,721464,721464,741587,757848,795728,836463
