# TIC 0123573766_morp_ 0.150_T0_ 1472.063048_P_ 6.6350711_analysis_6, none, Eclipse indices (see function measure_eclipses_dt).
# zeros_1, minimum_1, peaks_2_n, peaks_1, p_2_p, minimum_1_in, zeros_1_in, minimum_1_in_mid, zeros_1_in, minimum_1_in, p_2_p, peaks_1, peaks_2_n, minimum_1, zeros_1
86834,86833,88188,95317,103612,103612,103612,103612,103612,103612,103612,110050,116743,116848,116848
116849,116848,116849,123449,129741,129741,129741,129741,129741,129741,129741,138080,145265,146509,146508
