# TIC 0061724376_morp_ 0.603_T0_ 1657.194980_P_ 1.9078996_analysis_6, none, Eclipse indices (see function measure_eclipses_dt).
# zeros_1, minimum_1, peaks_2_n, peaks_1, p_2_p, minimum_1_in, zeros_1_in, minimum_1_in_mid, zeros_1_in, minimum_1_in, p_2_p, peaks_1, peaks_2_n, minimum_1, zeros_1
293669,297436,297643,302494,308892,309097,312896,313546,315705,317996,318202,325375,330227,330435,333407
543032,548340,548587,552669,566727,566727,566727,566727,566727,566727,566727,575548,581182,581405,584393
