# TIC 0277565268_morp_ 0.739_T0_ 1711.591659_P_ 1.0960589_analysis_6, none, Eclipse indices (see function measure_eclipses_dt).
# zeros_1, minimum_1, peaks_2_n, peaks_1, p_2_p, minimum_1_in, zeros_1_in, minimum_1_in_mid, zeros_1_in, minimum_1_in, p_2_p, peaks_1, peaks_2_n, minimum_1, zeros_1
315747,315746,326163,376807,442625,442625,442625,442625,442625,442625,442625,507568,511630,569383,569383
569384,569384,625113,656614,697247,697247,697247,697247,697247,697247,697247,727085,759792,775623,815745
