# TIC 0421285598_morp_ 0.326_T0_ 1626.234014_P_ 2.3581131_analysis_6, none, Eclipse indices (see function measure_eclipses_dt).
# zeros_1, minimum_1, peaks_2_n, peaks_1, p_2_p, minimum_1_in, zeros_1_in, minimum_1_in_mid, zeros_1_in, minimum_1_in, p_2_p, peaks_1, peaks_2_n, minimum_1, zeros_1
52248,52248,52300,52448,53189,53241,53240,59704,66169,66168,66220,66960,67109,67159,67158
301295,301294,301411,301560,303485,303617,303617,309409,315202,315202,315331,317256,317404,317524,317523
