# TIC 0079548760_morp_ 0.173_T0_ 1384.396869_P_ 7.9719710_analysis_6, none, Eclipse indices (see function measure_eclipses_dt).
# zeros_1, minimum_1, peaks_2_n, peaks_1, p_2_p, minimum_1_in, zeros_1_in, minimum_1_in_mid, zeros_1_in, minimum_1_in, p_2_p, peaks_1, peaks_2_n, minimum_1, zeros_1
163737,163737,165782,169159,173384,173384,173384,173384,173384,173384,173384,177604,180972,183123,183122
796324,796323,797395,800933,805210,805210,805210,805210,805210,805210,805210,821084,824769,824953,824952
