# TIC 0333127661_morp_ 0.290_T0_ 1576.271647_P_ 7.8942715_analysis_6, none, Eclipse indices (see function measure_eclipses_dt).
# zeros_1, minimum_1, peaks_2_n, peaks_1, p_2_p, minimum_1_in, zeros_1_in, minimum_1_in_mid, zeros_1_in, minimum_1_in, p_2_p, peaks_1, peaks_2_n, minimum_1, zeros_1
324425,324425,324470,328449,331642,331692,332463,334695,337699,337698,337734,341517,341566,345926,345926
554490,555649,555700,560473,564851,564901,565087,567310,567166,569719,569769,571588,577538,577572,577571
