# TIC 0044797681_morp_ 0.930_T0_ 1410.951449_P_ 0.4009503_analysis_6, none, Eclipse indices (see function measure_eclipses_dt).
# zeros_1, minimum_1, peaks_2_n, peaks_1, p_2_p, minimum_1_in, zeros_1_in, minimum_1_in_mid, zeros_1_in, minimum_1_in, p_2_p, peaks_1, peaks_2_n, minimum_1, zeros_1
247905,247904,248114,249806,251450,251764,251763,315552,379342,379341,379771,388197,389860,390542,390542
497272,497271,497683,499366,501003,501535,501534,599653,697773,697772,698216,699859,701547,701879,701879
