# TIC 0028306907_morp_ 0.930_T0_ 1683.222507_P_ 0.3453998_analysis_6, none, Eclipse indices (see function measure_eclipses_dt).
# zeros_1, minimum_1, peaks_2_n, peaks_1, p_2_p, minimum_1_in, zeros_1_in, minimum_1_in_mid, zeros_1_in, minimum_1_in, p_2_p, peaks_1, peaks_2_n, minimum_1, zeros_1
456877,456876,457789,459843,470086,471010,471010,531618,592226,592226,593035,603274,605331,606077,606077
702969,702968,703690,705745,715987,716740,716740,777398,838057,838056,838936,849175,851233,852048,852048
