# TIC 0387901176_morp_ 0.234_T0_ 1739.114593_P_ 3.7155912_analysis_6, none, Eclipse indices (see function measure_eclipses_dt).
# zeros_1, minimum_1, peaks_2_n, peaks_1, p_2_p, minimum_1_in, zeros_1_in, minimum_1_in_mid, zeros_1_in, minimum_1_in, p_2_p, peaks_1, peaks_2_n, minimum_1, zeros_1
14759,14759,14759,23893,28680,28680,28680,28680,28680,28680,28680,35688,38520,39589,39588
549485,549485,550238,557693,571656,571656,571656,571656,571656,571656,571656,586130,593800,594230,594230
