# TIC 0120576722_morp_ 0.620_T0_ 1683.760131_P_ 0.7891762_analysis_6, none, Eclipse indices (see function measure_eclipses_dt).
# zeros_1, minimum_1, peaks_2_n, peaks_1, p_2_p, minimum_1_in, zeros_1_in, minimum_1_in_mid, zeros_1_in, minimum_1_in, p_2_p, peaks_1, peaks_2_n, minimum_1, zeros_1
534778,534778,536819,553067,570247,570247,570247,570247,570247,570247,570247,587408,603653,605769,605768
605769,605769,605769,622352,643270,643270,643270,643270,643270,643270,643270,661003,684127,690013,690012
