# TIC 0268482699_morp_ 0.373_T0_ 1719.189661_P_ 5.0841848_analysis_6, none, Eclipse indices (see function measure_eclipses_dt).
# zeros_1, minimum_1, peaks_2_n, peaks_1, p_2_p, minimum_1_in, zeros_1_in, minimum_1_in_mid, zeros_1_in, minimum_1_in, p_2_p, peaks_1, peaks_2_n, minimum_1, zeros_1
145062,145062,145157,146880,148692,148692,148692,148692,148692,148692,148692,150358,152058,152064,152064
506886,506885,506912,508624,510338,510338,510338,510338,510338,510338,510338,512099,513815,513880,513880
