# TIC 0035349987_morp_ 0.018_T0_ 1604.256807_P_ 42.9559995_analysis_6, none, Eclipse indices (see function measure_eclipses_dt).
# zeros_1, minimum_1, peaks_2_n, peaks_1, p_2_p, minimum_1_in, zeros_1_in, minimum_1_in_mid, zeros_1_in, minimum_1_in, p_2_p, peaks_1, peaks_2_n, minimum_1, zeros_1
248218,248217,248220,248236,248320,248322,248321,248488,248655,248655,248656,248740,248757,248759,248758
498251,498251,498253,498270,498353,498355,498354,498521,498689,498688,498690,498774,498790,498792,498792
