# TIC 0349480752_morp_ 0.145_T0_ 1417.420985_P_ 77.7343273_analysis_6, none, Eclipse indices (see function measure_eclipses_dt).
# zeros_1, minimum_1, peaks_2_n, peaks_1, p_2_p, minimum_1_in, zeros_1_in, minimum_1_in_mid, zeros_1_in, minimum_1_in, p_2_p, peaks_1, peaks_2_n, minimum_1, zeros_1
107686,107686,107686,107851,108014,108015,108015,108354,108694,108694,108701,108871,109040,109049,109048
478948,478948,478948,479113,479278,479278,479278,479278,479278,479278,479278,479447,479613,479615,479615
