# TIC 0286380389_morp_ 0.545_T0_ 1987.133294_P_ 1.2752055_analysis_6, none, Eclipse indices (see function measure_eclipses_dt).
# zeros_1, minimum_1, peaks_2_n, peaks_1, p_2_p, minimum_1_in, zeros_1_in, minimum_1_in_mid, zeros_1_in, minimum_1_in, p_2_p, peaks_1, peaks_2_n, minimum_1, zeros_1
265693,329140,332588,342790,359808,359808,359808,359808,359808,359808,359808,377026,387134,390629,474940
566182,579081,582272,590719,599432,602263,602263,609659,617056,617056,620661,628520,637649,640281,640280
