# TIC 0124282575_morp_ 0.314_T0_ 1573.261039_P_ 4.8103945_analysis_6, none, Eclipse indices (see function measure_eclipses_dt).
# zeros_1, minimum_1, peaks_2_n, peaks_1, p_2_p, minimum_1_in, zeros_1_in, minimum_1_in_mid, zeros_1_in, minimum_1_in, p_2_p, peaks_1, peaks_2_n, minimum_1, zeros_1
445462,448076,448160,453165,455726,455726,455726,455726,455726,455726,455726,462203,470564,470631,470630
849728,849727,849736,849818,850228,850238,850237,868330,886423,886422,886424,886507,886589,886591,886591
