# TIC 0072605231_morp_ 0.312_T0_ 1544.882996_P_ 3.9370184_analysis_6, none, Eclipse indices (see function measure_eclipses_dt).
# zeros_1, minimum_1, peaks_2_n, peaks_1, p_2_p, minimum_1_in, zeros_1_in, minimum_1_in_mid, zeros_1_in, minimum_1_in, p_2_p, peaks_1, peaks_2_n, minimum_1, zeros_1
346280,346279,351130,357140,364863,364863,364863,364863,364863,364863,364863,372715,378574,386473,417287
760798,774868,782853,788633,796480,796480,796480,796480,796480,796480,796480,804176,810207,814637,814637
