# TIC 0265435357_morp_ 0.861_T0_ 1655.052777_P_ 2.8775044_analysis_6, none, Eclipse indices (see function measure_eclipses_dt).
# zeros_1, minimum_1, peaks_2_n, peaks_1, p_2_p, minimum_1_in, zeros_1_in, minimum_1_in_mid, zeros_1_in, minimum_1_in, p_2_p, peaks_1, peaks_2_n, minimum_1, zeros_1
11276,11275,11276,60725,115613,115613,115613,115613,115613,115613,115613,177654,227340,227342,227341
227342,227342,234397,290873,370415,370415,370415,370415,370415,370415,370415,444122,499573,511275,511274
