# TIC 0378042585_morp_ 0.619_T0_ 1958.117017_P_ 3.2610670_analysis_6, none, Eclipse indices (see function measure_eclipses_dt).
# zeros_1, minimum_1, peaks_2_n, peaks_1, p_2_p, minimum_1_in, zeros_1_in, minimum_1_in_mid, zeros_1_in, minimum_1_in, p_2_p, peaks_1, peaks_2_n, minimum_1, zeros_1
493343,493342,493419,508010,520417,520417,520417,520417,520417,520417,520417,547275,551800,565467,565467
740495,740495,751100,762609,780733,780733,780733,780733,780733,780733,780733,799747,811672,811758,811758
