# TIC 0407515765_morp_ 0.442_T0_ 1817.007495_P_ 1.2203942_analysis_6, none, Eclipse indices (see function measure_eclipses_dt).
# zeros_1, minimum_1, peaks_2_n, peaks_1, p_2_p, minimum_1_in, zeros_1_in, minimum_1_in_mid, zeros_1_in, minimum_1_in, p_2_p, peaks_1, peaks_2_n, minimum_1, zeros_1
698333,698333,698794,705384,713180,713180,713180,713180,713180,713180,713180,721385,728922,728924,728923
948370,948369,948760,955471,963193,963193,963193,963193,963193,963193,963193,971211,978741,978742,978742
