# TIC 0157999789_morp_ 0.015_T0_ 1831.154705_P_ 26.1410530_analysis_6, none, Eclipse indices (see function measure_eclipses_dt).
# zeros_1, minimum_1, peaks_2_n, peaks_1, p_2_p, minimum_1_in, zeros_1_in, minimum_1_in_mid, zeros_1_in, minimum_1_in, p_2_p, peaks_1, peaks_2_n, minimum_1, zeros_1
293816,293816,293818,293929,294042,294042,294042,294042,294042,294042,294042,294154,294265,294267,294266
767814,767813,767814,767923,768029,768031,768030,768250,768470,768470,768473,768584,768693,768699,768699
