# TIC 0152147549_morp_ 0.746_T0_ 1570.810460_P_ 0.2294902_analysis_6, none, Eclipse indices (see function measure_eclipses_dt).
# zeros_1, minimum_1, peaks_2_n, peaks_1, p_2_p, minimum_1_in, zeros_1_in, minimum_1_in_mid, zeros_1_in, minimum_1_in, p_2_p, peaks_1, peaks_2_n, minimum_1, zeros_1
74884,74883,145881,174877,203130,203130,203130,203130,203130,203130,203130,229707,254102,330368,330368
330369,330368,392070,422351,451035,451035,451035,451035,451035,451035,451035,479568,509093,574883,574882
