# TIC 0145586291_morp_ 0.347_T0_ 1519.052732_P_ 4.0167459_analysis_6, none, Eclipse indices (see function measure_eclipses_dt).
# zeros_1, minimum_1, peaks_2_n, peaks_1, p_2_p, minimum_1_in, zeros_1_in, minimum_1_in_mid, zeros_1_in, minimum_1_in, p_2_p, peaks_1, peaks_2_n, minimum_1, zeros_1
452693,452692,457157,463693,494807,494807,494807,494807,494807,494807,494807,524518,552100,552101,552101
862828,862828,867299,873821,881993,881993,881993,881993,881993,881993,881993,890408,897137,901385,901384
