# TIC 0302995864_morp_ 0.617_T0_ 1545.331290_P_ 1.2814346_analysis_6, none, Eclipse indices (see function measure_eclipses_dt).
# zeros_1, minimum_1, peaks_2_n, peaks_1, p_2_p, minimum_1_in, zeros_1_in, minimum_1_in_mid, zeros_1_in, minimum_1_in, p_2_p, peaks_1, peaks_2_n, minimum_1, zeros_1
473151,473150,473151,483051,493007,493470,493469,580462,667456,667455,667680,677777,687455,687456,687456
810659,810659,810659,820631,830500,830500,830500,830500,830500,830500,830500,840903,851012,851290,851289
