# TIC 0179295564_morp_ 0.212_T0_ 1551.538399_P_ 7.3338500_analysis_6, none, Eclipse indices (see function measure_eclipses_dt).
# zeros_1, minimum_1, peaks_2_n, peaks_1, p_2_p, minimum_1_in, zeros_1_in, minimum_1_in_mid, zeros_1_in, minimum_1_in, p_2_p, peaks_1, peaks_2_n, minimum_1, zeros_1
657758,657757,659206,661308,662970,665149,665149,666159,667169,667169,669165,670819,672907,674396,674396
908242,908241,909125,910207,912915,913575,913575,916087,918599,918599,919275,921848,923025,923726,923725
