# TIC 0213046690_morp_ 0.744_T0_ 1438.139144_P_ 0.2258437_analysis_6, none, Eclipse indices (see function measure_eclipses_dt).
# zeros_1, minimum_1, peaks_2_n, peaks_1, p_2_p, minimum_1_in, zeros_1_in, minimum_1_in_mid, zeros_1_in, minimum_1_in, p_2_p, peaks_1, peaks_2_n, minimum_1, zeros_1
490735,490734,569903,585865,615351,615351,615351,615351,615351,615351,615351,646088,662399,743035,743034
743035,743035,817476,835678,866200,866200,866200,866200,866200,866200,866200,895794,914202,990734,990733
