# TIC 0117978580_morp_ 0.767_T0_ 1438.158571_P_ 0.5272631_analysis_6, none, Eclipse indices (see function measure_eclipses_dt).
# zeros_1, minimum_1, peaks_2_n, peaks_1, p_2_p, minimum_1_in, zeros_1_in, minimum_1_in_mid, zeros_1_in, minimum_1_in, p_2_p, peaks_1, peaks_2_n, minimum_1, zeros_1
282358,282358,285281,368181,400582,400582,400582,400582,400582,400582,400582,431872,514698,524126,524125
524126,524126,524969,616302,651314,651314,651314,651314,651314,651314,651314,683435,754120,758436,782357
