# TIC 0114547549_morp_ 0.524_T0_ 1494.200909_P_ 3.8679801_analysis_6, none, Eclipse indices (see function measure_eclipses_dt).
# zeros_1, minimum_1, peaks_2_n, peaks_1, p_2_p, minimum_1_in, zeros_1_in, minimum_1_in_mid, zeros_1_in, minimum_1_in, p_2_p, peaks_1, peaks_2_n, minimum_1, zeros_1
443102,443102,471039,483849,502005,502005,502005,502005,502005,502005,502005,519925,532952,550974,576239
697580,697580,718244,732578,751721,751721,751721,751721,751721,751721,751721,770470,784568,800211,800210
