# TIC 0404460906_morp_ 0.950_T0_ 1386.392138_P_ 0.5866367_analysis_6, none, Eclipse indices (see function measure_eclipses_dt).
# zeros_1, minimum_1, peaks_2_n, peaks_1, p_2_p, minimum_1_in, zeros_1_in, minimum_1_in_mid, zeros_1_in, minimum_1_in, p_2_p, peaks_1, peaks_2_n, minimum_1, zeros_1
61534,61534,61534,129014,189319,189319,189319,189319,189319,189319,189319,251928,317516,317518,317517
317518,317518,323733,385689,439078,439078,439078,439078,439078,439078,439078,493946,556305,561533,561533
