# TIC 0386956587_morp_ 0.885_T0_ 1900.467310_P_ 0.4392298_analysis_6, none, Eclipse indices (see function measure_eclipses_dt).
# zeros_1, minimum_1, peaks_2_n, peaks_1, p_2_p, minimum_1_in, zeros_1_in, minimum_1_in_mid, zeros_1_in, minimum_1_in, p_2_p, peaks_1, peaks_2_n, minimum_1, zeros_1
13749,13749,20801,80551,143312,143312,143312,143312,143312,143312,143312,206242,266041,273049,273048
273049,273049,273049,331354,393549,393549,393549,393549,393549,393549,393549,455510,513747,513748,513748
