# TIC 2046417955_morp_ 0.522_T0_ 1738.727660_P_ 0.2358838_analysis_6, none, Eclipse indices (see function measure_eclipses_dt).
# zeros_1, minimum_1, peaks_2_n, peaks_1, p_2_p, minimum_1_in, zeros_1_in, minimum_1_in_mid, zeros_1_in, minimum_1_in, p_2_p, peaks_1, peaks_2_n, minimum_1, zeros_1
467296,467296,467296,497669,508597,508597,508597,508597,508597,508597,508597,519658,528032,532828,532828
712113,712113,732694,740281,757702,757702,757702,757702,757702,757702,757702,777761,785506,797496,804207
