# TIC 0420581415_morp_ 0.408_T0_ 1599.144032_P_ 1.3157195_analysis_6, none, Eclipse indices (see function measure_eclipses_dt).
# zeros_1, minimum_1, peaks_2_n, peaks_1, p_2_p, minimum_1_in, zeros_1_in, minimum_1_in_mid, zeros_1_in, minimum_1_in, p_2_p, peaks_1, peaks_2_n, minimum_1, zeros_1
239966,239966,244635,251294,259653,259653,259653,259653,259653,259653,259653,268056,274736,279050,279049
488377,488377,494465,501132,509814,509814,509814,509814,509814,509814,509814,518283,524883,530181,530180
