# TIC 0364120439_morp_ 0.200_T0_ 1740.872644_P_ 9.3202772_analysis_6, none, Eclipse indices (see function measure_eclipses_dt).
# zeros_1, minimum_1, peaks_2_n, peaks_1, p_2_p, minimum_1_in, zeros_1_in, minimum_1_in_mid, zeros_1_in, minimum_1_in, p_2_p, peaks_1, peaks_2_n, minimum_1, zeros_1
263050,263049,263061,263473,263889,263895,263895,271170,278447,278446,278481,278884,279297,279298,279298
823062,823062,823062,823480,823886,823919,823918,832050,840182,840181,840183,840601,841017,841022,841022
