# TIC 0418532689_morp_ 0.620_T0_ 1597.298526_P_ 0.3803666_analysis_6, none, Eclipse indices (see function measure_eclipses_dt).
# zeros_1, minimum_1, peaks_2_n, peaks_1, p_2_p, minimum_1_in, zeros_1_in, minimum_1_in_mid, zeros_1_in, minimum_1_in, p_2_p, peaks_1, peaks_2_n, minimum_1, zeros_1
0,44874,56173,79817,101997,101997,101997,101997,101997,101997,101997,125280,147193,158582,227549
243589,295170,306251,329185,351528,351528,351528,351528,351528,351528,351528,374545,397356,408525,458051
