# TIC 0394508465_morp_ 0.469_T0_ 1600.190641_P_ 5.4021729_analysis_6, none, Eclipse indices (see function measure_eclipses_dt).
# zeros_1, minimum_1, peaks_2_n, peaks_1, p_2_p, minimum_1_in, zeros_1_in, minimum_1_in_mid, zeros_1_in, minimum_1_in, p_2_p, peaks_1, peaks_2_n, minimum_1, zeros_1
177501,177501,179958,183141,192106,192106,192106,192106,192106,192106,192106,201314,204623,206900,206899
428492,428492,430007,432814,440593,440593,440593,440593,440593,440593,440593,451801,454838,456655,456654
