# TIC 0033862174_morp_ 0.592_T0_ 1326.078956_P_ 1.4145298_analysis_6, none, Eclipse indices (see function measure_eclipses_dt).
# zeros_1, minimum_1, peaks_2_n, peaks_1, p_2_p, minimum_1_in, zeros_1_in, minimum_1_in_mid, zeros_1_in, minimum_1_in, p_2_p, peaks_1, peaks_2_n, minimum_1, zeros_1
0,8433,20194,43371,62101,62101,62101,62101,62101,62101,62101,81186,104307,115800,180220
194796,259021,268722,291007,312441,312441,312441,312441,312441,312441,312441,334134,356171,365505,430097
