# TIC 0193823999_morp_ 0.826_T0_ 1983.455195_P_ 0.3698731_analysis_6, none, Eclipse indices (see function measure_eclipses_dt).
# zeros_1, minimum_1, peaks_2_n, peaks_1, p_2_p, minimum_1_in, zeros_1_in, minimum_1_in_mid, zeros_1_in, minimum_1_in, p_2_p, peaks_1, peaks_2_n, minimum_1, zeros_1
454356,470496,477461,494251,580794,580794,580794,580794,580794,580794,580794,620006,635650,659640,706603
706604,751018,781995,789969,830663,830663,830663,830663,830663,830663,830663,861535,885790,909947,954355
