# TIC 0446127290_morp_ 0.715_T0_ 1870.564088_P_ 0.3336468_analysis_6, none, Eclipse indices (see function measure_eclipses_dt).
# zeros_1, minimum_1, peaks_2_n, peaks_1, p_2_p, minimum_1_in, zeros_1_in, minimum_1_in_mid, zeros_1_in, minimum_1_in, p_2_p, peaks_1, peaks_2_n, minimum_1, zeros_1
323872,323872,391422,414377,447207,447207,447207,447207,447207,447207,447207,463233,491105,563309,563308
563309,563309,640790,663081,682463,687517,687517,692267,697018,697018,703765,721627,754881,823871,823871
