# TIC 0420500461_morp_ 0.855_T0_ 1792.923548_P_ 2.4787678_analysis_6, none, Eclipse indices (see function measure_eclipses_dt).
# zeros_1, minimum_1, peaks_2_n, peaks_1, p_2_p, minimum_1_in, zeros_1_in, minimum_1_in_mid, zeros_1_in, minimum_1_in, p_2_p, peaks_1, peaks_2_n, minimum_1, zeros_1
256129,256128,263954,327351,401802,401802,401802,401802,401802,401802,401802,475721,540687,548572,548572
548573,548572,548573,599465,651136,651136,651136,651136,651136,651136,651136,704885,756126,756128,756127
