# TIC 0136995510_morp_ 0.363_T0_ 1901.613485_P_ 2.7539308_analysis_6, none, Eclipse indices (see function measure_eclipses_dt).
# zeros_1, minimum_1, peaks_2_n, peaks_1, p_2_p, minimum_1_in, zeros_1_in, minimum_1_in_mid, zeros_1_in, minimum_1_in, p_2_p, peaks_1, peaks_2_n, minimum_1, zeros_1
103040,105043,105212,109640,119089,119089,119089,119089,119089,119089,119089,128681,133109,133277,135299
352430,354424,355748,360183,369051,369051,369051,369051,369051,369051,369051,378137,382572,383891,385869
