# TIC 0060658382_morp_ 0.243_T0_ 1523.001865_P_ 7.7504819_analysis_6, none, Eclipse indices (see function measure_eclipses_dt).
# zeros_1, minimum_1, peaks_2_n, peaks_1, p_2_p, minimum_1_in, zeros_1_in, minimum_1_in_mid, zeros_1_in, minimum_1_in, p_2_p, peaks_1, peaks_2_n, minimum_1, zeros_1
307791,307790,317802,322789,330431,330431,330431,330431,330431,330431,330431,337409,352290,352292,352291
575892,575892,575892,591880,598917,598917,598917,598917,598917,598917,598917,606056,610424,623138,623137
