# TIC 0165371937_morp_ 0.603_T0_ 1739.374578_P_ 0.7956265_analysis_6, none, Eclipse indices (see function measure_eclipses_dt).
# zeros_1, minimum_1, peaks_2_n, peaks_1, p_2_p, minimum_1_in, zeros_1_in, minimum_1_in_mid, zeros_1_in, minimum_1_in, p_2_p, peaks_1, peaks_2_n, minimum_1, zeros_1
219682,219681,220951,236491,247447,248415,248414,288317,308023,328219,333462,338260,343698,348279,348278
472637,472637,521701,526128,550480,550480,550480,550480,550480,550480,550480,590007,595894,601951,627485
