# TIC 0468754960_morp_ 0.126_T0_ 1826.541508_P_ 14.4982881_analysis_6, none, Eclipse indices (see function measure_eclipses_dt).
# zeros_1, minimum_1, peaks_2_n, peaks_1, p_2_p, minimum_1_in, zeros_1_in, minimum_1_in_mid, zeros_1_in, minimum_1_in, p_2_p, peaks_1, peaks_2_n, minimum_1, zeros_1
378731,378731,378731,378923,379114,379116,379115,384871,390626,390626,390627,390819,391010,391011,391011
424165,424165,424166,424365,424565,424565,424565,424565,424565,424565,424565,424765,424963,424965,424964
