# TIC 0427147238_morp_ 0.529_T0_ 1741.943979_P_ 4.2262696_analysis_6, none, Eclipse indices (see function measure_eclipses_dt).
# zeros_1, minimum_1, peaks_2_n, peaks_1, p_2_p, minimum_1_in, zeros_1_in, minimum_1_in_mid, zeros_1_in, minimum_1_in, p_2_p, peaks_1, peaks_2_n, minimum_1, zeros_1
385739,385739,386151,431713,508344,508344,508344,508344,508344,508344,508344,590061,635737,635738,635738
635739,635738,636151,681713,758344,758344,758344,758344,758344,758344,758344,840061,885737,885738,885738
