# TIC 0104743460_morp_ 0.309_T0_ 1817.472745_P_ 3.1933250_analysis_6, none, Eclipse indices (see function measure_eclipses_dt).
# zeros_1, minimum_1, peaks_2_n, peaks_1, p_2_p, minimum_1_in, zeros_1_in, minimum_1_in_mid, zeros_1_in, minimum_1_in, p_2_p, peaks_1, peaks_2_n, minimum_1, zeros_1
232355,232355,235248,238301,245626,245626,245626,245626,245626,245626,245626,252901,255953,258797,258796
482065,482064,483974,487625,496272,496272,496272,496272,496272,496272,496272,503779,507170,509330,509330
