# TIC 0150225473_morp_ 0.605_T0_ 1870.745060_P_ 0.4183780_analysis_6, none, Eclipse indices (see function measure_eclipses_dt).
# zeros_1, minimum_1, peaks_2_n, peaks_1, p_2_p, minimum_1_in, zeros_1_in, minimum_1_in_mid, zeros_1_in, minimum_1_in, p_2_p, peaks_1, peaks_2_n, minimum_1, zeros_1
424166,453915,480929,498193,521862,521862,521862,521862,521862,521862,521862,545085,561629,624908,658939
658940,699581,720791,741896,776670,776670,776670,776670,776670,776670,776670,802808,819513,924165,924165
