# TIC 0120826158_morp_ 0.321_T0_ 1687.838608_P_ 5.1799050_analysis_6, none, Eclipse indices (see function measure_eclipses_dt).
# zeros_1, minimum_1, peaks_2_n, peaks_1, p_2_p, minimum_1_in, zeros_1_in, minimum_1_in_mid, zeros_1_in, minimum_1_in, p_2_p, peaks_1, peaks_2_n, minimum_1, zeros_1
285976,285975,288691,298037,308612,308612,308612,308612,308612,308612,308612,318321,327823,327824,327824
827824,827824,828200,837900,847882,847882,847882,847882,847882,847882,847882,857696,867091,868016,868015
