# TIC 0152377056_morp_ 0.571_T0_ 1627.972126_P_ 0.9432620_analysis_6, none, Eclipse indices (see function measure_eclipses_dt).
# zeros_1, minimum_1, peaks_2_n, peaks_1, p_2_p, minimum_1_in, zeros_1_in, minimum_1_in_mid, zeros_1_in, minimum_1_in, p_2_p, peaks_1, peaks_2_n, minimum_1, zeros_1
137831,195092,200583,205940,219536,222376,222375,232800,243226,243225,245858,259672,264794,269172,269171
435287,443454,450720,462919,482941,482941,482941,482941,482941,482941,482941,501749,514359,520880,529934
