# TIC 0286031430_morp_ 0.690_T0_ 1816.442345_P_ 0.3170016_analysis_6, none, Eclipse indices (see function measure_eclipses_dt).
# zeros_1, minimum_1, peaks_2_n, peaks_1, p_2_p, minimum_1_in, zeros_1_in, minimum_1_in_mid, zeros_1_in, minimum_1_in, p_2_p, peaks_1, peaks_2_n, minimum_1, zeros_1
451202,451202,518260,555596,574702,574702,574702,574702,574702,574702,574702,593382,631620,650882,700052
700053,700053,768238,805790,824461,824461,824461,824461,824461,824461,824461,843128,881598,899027,951201
