# TIC 0078740218_morp_ 0.235_T0_ 1472.189378_P_ 5.1192821_analysis_6, none, Eclipse indices (see function measure_eclipses_dt).
# zeros_1, minimum_1, peaks_2_n, peaks_1, p_2_p, minimum_1_in, zeros_1_in, minimum_1_in_mid, zeros_1_in, minimum_1_in, p_2_p, peaks_1, peaks_2_n, minimum_1, zeros_1
52226,52226,60971,77711,98124,98124,98124,98124,98124,98124,98124,118377,134811,144837,144837
644837,644837,644837,697993,716624,716624,716624,716624,716624,716624,716624,737488,755067,758579,758578
