# TIC 0371706494_morp_ 0.045_T0_ 1827.605769_P_ 13.3260359_analysis_6, none, Eclipse indices (see function measure_eclipses_dt).
# zeros_1, minimum_1, peaks_2_n, peaks_1, p_2_p, minimum_1_in, zeros_1_in, minimum_1_in_mid, zeros_1_in, minimum_1_in, p_2_p, peaks_1, peaks_2_n, minimum_1, zeros_1
630137,630136,632563,634030,636542,636542,636542,636542,636542,636542,636542,638491,639690,641665,642494
800507,800506,802416,803458,804881,804881,804881,804881,804881,804881,804881,806281,807318,809013,809013
