# TIC 0207496306_morp_ 0.769_T0_ 1930.304066_P_ 0.3293302_analysis_6, none, Eclipse indices (see function measure_eclipses_dt).
# zeros_1, minimum_1, peaks_2_n, peaks_1, p_2_p, minimum_1_in, zeros_1_in, minimum_1_in_mid, zeros_1_in, minimum_1_in, p_2_p, peaks_1, peaks_2_n, minimum_1, zeros_1
221288,244481,279024,315906,355574,355574,355574,355574,355574,355574,355574,398799,426602,489820,489820
489821,489820,529280,565389,605905,605905,605905,605905,605905,605905,605905,650048,675117,721287,721286
