# TIC 0415783540_morp_ 0.562_T0_ 1570.958885_P_ 0.4337532_analysis_6, none, Eclipse indices (see function measure_eclipses_dt).
# zeros_1, minimum_1, peaks_2_n, peaks_1, p_2_p, minimum_1_in, zeros_1_in, minimum_1_in_mid, zeros_1_in, minimum_1_in, p_2_p, peaks_1, peaks_2_n, minimum_1, zeros_1
219580,219580,231054,242433,257357,257357,257357,257357,257357,257357,257357,272170,283912,291784,291783
470804,470804,481059,492370,506902,506902,506902,506902,506902,506902,506902,522208,533921,543431,543431
