# TIC 0415783540_morp_ 0.562_T0_ 1570.958885_P_ 0.4337532_analysis_6, none, Eclipse indices (see function measure_eclipses_dt).
# zeros_1, minimum_1, peaks_2_n, peaks_1, p_2_p, minimum_1_in, zeros_1_in, minimum_1_in_mid, zeros_1_in, minimum_1_in, p_2_p, peaks_1, peaks_2_n, minimum_1, zeros_1
85099,85098,85099,97867,113928,113928,113928,113928,113928,113928,113928,210405,232090,248090,248090
440481,440481,462127,484815,514271,514271,514271,514271,514271,514271,514271,544378,567826,585098,585097
