# TIC 0123492200_morp_ 0.961_T0_ 2010.654057_P_ 0.4084753_analysis_6, none, Eclipse indices (see function measure_eclipses_dt).
# zeros_1, minimum_1, peaks_2_n, peaks_1, p_2_p, minimum_1_in, zeros_1_in, minimum_1_in_mid, zeros_1_in, minimum_1_in, p_2_p, peaks_1, peaks_2_n, minimum_1, zeros_1
375685,375684,378956,439258,501377,501377,501377,501377,501377,501377,501377,562596,623193,626736,626736
626737,626736,626737,688021,750983,750983,750983,750983,750983,750983,750983,814905,875682,875684,875683
