# TIC 0455463415_morp_ 0.349_T0_ 1627.155699_P_ 5.8520510_analysis_6, none, Eclipse indices (see function measure_eclipses_dt).
# zeros_1, minimum_1, peaks_2_n, peaks_1, p_2_p, minimum_1_in, zeros_1_in, minimum_1_in_mid, zeros_1_in, minimum_1_in, p_2_p, peaks_1, peaks_2_n, minimum_1, zeros_1
60622,60621,60622,60681,60740,60742,60741,106387,152033,152033,152033,152093,152152,152153,152153
483170,483170,483183,483243,483302,483317,483316,499004,514691,514691,514691,514751,514809,514811,514810
