# TIC 0269411609_morp_ 0.297_T0_ 1767.891880_P_ 11.5591434_analysis_6, none, Eclipse indices (see function measure_eclipses_dt).
# zeros_1, minimum_1, peaks_2_n, peaks_1, p_2_p, minimum_1_in, zeros_1_in, minimum_1_in_mid, zeros_1_in, minimum_1_in, p_2_p, peaks_1, peaks_2_n, minimum_1, zeros_1
157624,157624,163859,166995,171479,171479,171479,171479,171479,171479,171479,175817,178526,187743,187742
493086,493085,495213,498849,505807,505807,505807,505807,505807,505807,505807,513478,517521,518298,518298
