# TIC 0357111084_morp_ 0.714_T0_ 1842.771544_P_ 0.2528995_analysis_6, none, Eclipse indices (see function measure_eclipses_dt).
# zeros_1, minimum_1, peaks_2_n, peaks_1, p_2_p, minimum_1_in, zeros_1_in, minimum_1_in_mid, zeros_1_in, minimum_1_in, p_2_p, peaks_1, peaks_2_n, minimum_1, zeros_1
352409,352408,427325,447087,479031,479031,479031,479031,479031,479031,479031,509366,528942,604227,604226
604227,604227,678360,696855,726663,726663,726663,726663,726663,726663,726663,758445,777516,852408,852407
