# TIC 0112236473_morp_ 0.241_T0_ 1493.207417_P_ 10.2789410_analysis_6, none, Eclipse indices (see function measure_eclipses_dt).
# zeros_1, minimum_1, peaks_2_n, peaks_1, p_2_p, minimum_1_in, zeros_1_in, minimum_1_in_mid, zeros_1_in, minimum_1_in, p_2_p, peaks_1, peaks_2_n, minimum_1, zeros_1
467360,471857,474950,477555,482197,482197,482197,482197,482197,482197,482197,486065,488333,492393,492393
722675,722675,724985,727731,732456,732456,732456,732456,732456,732456,732456,736188,738353,743255,743254
