# TIC 0349444267_morp_ 0.107_T0_ 1986.314471_P_ 7.4562521_analysis_6, none, Eclipse indices (see function measure_eclipses_dt).
# zeros_1, minimum_1, peaks_2_n, peaks_1, p_2_p, minimum_1_in, zeros_1_in, minimum_1_in_mid, zeros_1_in, minimum_1_in, p_2_p, peaks_1, peaks_2_n, minimum_1, zeros_1
608732,608731,609203,610578,612159,612159,612159,612159,612159,612159,612159,613742,615108,615513,615513
814148,814148,815169,816697,818628,818628,818628,818628,818628,818628,818628,820555,822082,823220,823219
