# TIC 0076698707_morp_ 0.545_T0_ 1600.144224_P_ 0.5278686_analysis_6, none, Eclipse indices (see function measure_eclipses_dt).
# zeros_1, minimum_1, peaks_2_n, peaks_1, p_2_p, minimum_1_in, zeros_1_in, minimum_1_in_mid, zeros_1_in, minimum_1_in, p_2_p, peaks_1, peaks_2_n, minimum_1, zeros_1
531091,531090,537077,556327,569640,569640,569640,569640,569640,569640,569640,581658,604153,609038,609037
780879,780879,787248,806504,820059,820059,820059,820059,820059,820059,820059,832299,854257,859303,859303
