# TIC 0170749770_morp_ 0.444_T0_ 1412.463760_P_ 5.3055493_analysis_6, none, Eclipse indices (see function measure_eclipses_dt).
# zeros_1, minimum_1, peaks_2_n, peaks_1, p_2_p, minimum_1_in, zeros_1_in, minimum_1_in_mid, zeros_1_in, minimum_1_in, p_2_p, peaks_1, peaks_2_n, minimum_1, zeros_1
99523,99523,99523,114520,130958,130958,130958,130958,130958,130958,130958,149174,153409,153411,153410
478901,478900,482384,486320,490299,493382,493381,496904,500428,500427,503639,507674,511639,515876,515875
