# TIC 0219859691_morp_ 0.678_T0_ 1929.607960_P_ 0.4457637_analysis_6, none, Eclipse indices (see function measure_eclipses_dt).
# zeros_1, minimum_1, peaks_2_n, peaks_1, p_2_p, minimum_1_in, zeros_1_in, minimum_1_in_mid, zeros_1_in, minimum_1_in, p_2_p, peaks_1, peaks_2_n, minimum_1, zeros_1
488263,488262,559373,577756,604510,604510,604510,604510,604510,604510,604510,630289,646904,725790,725790
725791,725790,802808,820052,854852,854852,854852,854852,854852,854852,854852,889940,907382,988262,988261
