# TIC 0042244951_morp_ 0.600_T0_ 1687.014496_P_ 4.2820417_analysis_6, none, Eclipse indices (see function measure_eclipses_dt).
# zeros_1, minimum_1, peaks_2_n, peaks_1, p_2_p, minimum_1_in, zeros_1_in, minimum_1_in_mid, zeros_1_in, minimum_1_in, p_2_p, peaks_1, peaks_2_n, minimum_1, zeros_1
606991,610202,610381,613193,615339,615505,624682,634664,652586,653824,654004,663424,663589,663757,675873
861507,871607,871780,871950,879383,879570,882147,897074,901107,914579,914743,914905,922345,922530,924380
