# TIC 0470124714_morp_ 0.171_T0_ 1795.965053_P_ 5.5193943_analysis_6, none, Eclipse indices (see function measure_eclipses_dt).
# zeros_1, minimum_1, peaks_2_n, peaks_1, p_2_p, minimum_1_in, zeros_1_in, minimum_1_in_mid, zeros_1_in, minimum_1_in, p_2_p, peaks_1, peaks_2_n, minimum_1, zeros_1
544359,544358,545293,548471,552331,552331,552331,552331,552331,552331,552331,555972,558987,560024,560023
776889,776889,777952,780805,784305,784305,784305,784305,784305,784305,784305,788221,791601,792219,792219
