# TIC 0396740648_morp_ 0.267_T0_ 1817.265005_P_ 3.7704481_analysis_6, none, Eclipse indices (see function measure_eclipses_dt).
# zeros_1, minimum_1, peaks_2_n, peaks_1, p_2_p, minimum_1_in, zeros_1_in, minimum_1_in_mid, zeros_1_in, minimum_1_in, p_2_p, peaks_1, peaks_2_n, minimum_1, zeros_1
120379,120378,120381,120556,120730,120734,120734,125444,130154,130154,130157,130332,130506,130511,130510
689838,689837,689863,690038,690911,690945,690944,700338,709732,709732,709766,710638,710813,710841,710841
