# TIC 0219176881_morp_ 0.843_T0_ 1411.113970_P_ 0.4636711_analysis_6, none, Eclipse indices (see function measure_eclipses_dt).
# zeros_1, minimum_1, peaks_2_n, peaks_1, p_2_p, minimum_1_in, zeros_1_in, minimum_1_in_mid, zeros_1_in, minimum_1_in, p_2_p, peaks_1, peaks_2_n, minimum_1, zeros_1
306584,306583,306837,389947,428889,428889,428889,428889,428889,428889,428889,468059,551679,551680,551680
551681,551680,552909,640515,679291,679291,679291,679291,679291,679291,679291,718151,806581,806583,806582
