# TIC 0417885833_morp_ 0.162_T0_ 1817.584866_P_ 4.1165062_analysis_6, none, Eclipse indices (see function measure_eclipses_dt).
# zeros_1, minimum_1, peaks_2_n, peaks_1, p_2_p, minimum_1_in, zeros_1_in, minimum_1_in_mid, zeros_1_in, minimum_1_in, p_2_p, peaks_1, peaks_2_n, minimum_1, zeros_1
581211,581211,581927,590672,595044,595044,595044,595044,595044,595044,595044,601352,603618,608974,608973
608974,608974,610241,613032,624533,624533,624533,624533,624533,624533,624533,629686,631952,636847,636846
