# TIC 0199688409_morp_ 0.627_T0_ 1683.558047_P_ 0.8682633_analysis_6, none, Eclipse indices (see function measure_eclipses_dt).
# zeros_1, minimum_1, peaks_2_n, peaks_1, p_2_p, minimum_1_in, zeros_1_in, minimum_1_in_mid, zeros_1_in, minimum_1_in, p_2_p, peaks_1, peaks_2_n, minimum_1, zeros_1
258574,378870,400537,420985,441877,441877,441877,441877,441877,441877,441877,462906,482367,504874,562161
627336,627336,649408,670256,692285,692285,692285,692285,692285,692285,692285,715545,733361,758573,758573
