# TIC 0167671107_morp_ 0.377_T0_ 1438.670948_P_ 3.6497948_analysis_6, none, Eclipse indices (see function measure_eclipses_dt).
# zeros_1, minimum_1, peaks_2_n, peaks_1, p_2_p, minimum_1_in, zeros_1_in, minimum_1_in_mid, zeros_1_in, minimum_1_in, p_2_p, peaks_1, peaks_2_n, minimum_1, zeros_1
105261,105260,105459,108824,112292,112292,112292,112292,112292,112292,112292,115816,119214,119419,119418
577804,577803,578212,581529,584998,584998,584998,584998,584998,584998,584998,588551,591979,592070,592070
