# TIC 0172517058_morp_ 0.242_T0_ 1871.915537_P_ 2.4365191_analysis_6, none, Eclipse indices (see function measure_eclipses_dt).
# zeros_1, minimum_1, peaks_2_n, peaks_1, p_2_p, minimum_1_in, zeros_1_in, minimum_1_in_mid, zeros_1_in, minimum_1_in, p_2_p, peaks_1, peaks_2_n, minimum_1, zeros_1
537669,537669,537886,538178,539635,539845,539845,545451,551058,551057,551278,555053,555345,555640,557866
618403,618403,618404,618695,618986,618988,618988,619569,620151,620151,620151,620439,620727,620728,620728
