# TIC 0245950209_morp_ 0.909_T0_ 1438.832307_P_ 0.9931781_analysis_6, none, Eclipse indices (see function measure_eclipses_dt).
# zeros_1, minimum_1, peaks_2_n, peaks_1, p_2_p, minimum_1_in, zeros_1_in, minimum_1_in_mid, zeros_1_in, minimum_1_in, p_2_p, peaks_1, peaks_2_n, minimum_1, zeros_1
318098,318097,323612,378295,437006,437006,437006,437006,437006,437006,437006,496110,548784,554242,554241
554242,554242,554242,607390,685607,685607,685607,685607,685607,685607,685607,763572,818095,818097,818096
