# TIC 0410392940_morp_ 0.884_T0_ 1544.751870_P_ 0.3628327_analysis_6, none, Eclipse indices (see function measure_eclipses_dt).
# zeros_1, minimum_1, peaks_2_n, peaks_1, p_2_p, minimum_1_in, zeros_1_in, minimum_1_in_mid, zeros_1_in, minimum_1_in, p_2_p, peaks_1, peaks_2_n, minimum_1, zeros_1
366411,366410,366411,456826,494719,494719,494719,494719,494719,494719,494719,531566,606984,621810,621809
621810,621810,636495,701794,743279,743279,743279,743279,743279,743279,743279,785685,852080,866410,866409
