# KIC09528420_morp_0.39_T0_54967.152605_P_4.7084691_analysis_6, none, Eclipse indices (see function measure_eclipses_dt).
# zeros_1, minimum_1, peaks_2_n, peaks_1, p_2_p, minimum_1_in, zeros_1_in, minimum_1_in_mid, zeros_1_in, minimum_1_in, p_2_p, peaks_1, peaks_2_n, minimum_1, zeros_1
248738,248738,251048,255054,265487,265487,265487,265487,265487,265487,265487,275883,279889,282179,282179
614715,614714,614715,617335,619933,619935,619934,663428,706922,706922,706922,709753,712477,712479,712478
