# TIC 0399253092_morp_ 0.294_T0_ 1570.821868_P_ 8.7212403_analysis_6, none, Eclipse indices (see function measure_eclipses_dt).
# zeros_1, minimum_1, peaks_2_n, peaks_1, p_2_p, minimum_1_in, zeros_1_in, minimum_1_in_mid, zeros_1_in, minimum_1_in, p_2_p, peaks_1, peaks_2_n, minimum_1, zeros_1
307341,308683,308727,312684,317492,317524,317523,317835,318147,318146,318173,323491,326937,326981,328323
559212,560555,560599,564045,570044,570074,570073,570552,571031,571030,571065,577064,580511,580554,581733
