# TIC 0041865879_morp_ 0.573_T0_ 1354.542523_P_ 6.8827280_analysis_6, none, Eclipse indices (see function measure_eclipses_dt).
# zeros_1, minimum_1, peaks_2_n, peaks_1, p_2_p, minimum_1_in, zeros_1_in, minimum_1_in_mid, zeros_1_in, minimum_1_in, p_2_p, peaks_1, peaks_2_n, minimum_1, zeros_1
163182,165111,165254,173454,177616,177764,180178,191238,202734,204713,204861,209527,217222,217366,219791
414916,414916,415002,425220,428372,428504,429970,441490,452488,454477,454608,457761,467979,468110,468553
