# TIC 0331860062_morp_ 0.515_T0_ 1772.418799_P_ 6.6022112_analysis_6, none, Eclipse indices (see function measure_eclipses_dt).
# zeros_1, minimum_1, peaks_2_n, peaks_1, p_2_p, minimum_1_in, zeros_1_in, minimum_1_in_mid, zeros_1_in, minimum_1_in, p_2_p, peaks_1, peaks_2_n, minimum_1, zeros_1
327285,327285,327594,328888,330151,330579,330578,336871,343163,343163,343196,349543,355662,356180,356180
866181,866181,866342,867808,874613,875463,875462,886076,896690,896689,897058,898555,900016,900500,900499
