# TIC 0356524567_morp_ 0.531_T0_ 1545.291799_P_ 1.1539640_analysis_6, none, Eclipse indices (see function measure_eclipses_dt).
# zeros_1, minimum_1, peaks_2_n, peaks_1, p_2_p, minimum_1_in, zeros_1_in, minimum_1_in_mid, zeros_1_in, minimum_1_in, p_2_p, peaks_1, peaks_2_n, minimum_1, zeros_1
365591,365590,366029,388659,428623,428623,428623,428623,428623,428623,428623,480617,498141,498142,498142
612418,612417,649197,662824,681933,681933,681933,681933,681933,681933,681933,701444,715873,734824,734823
