# TIC 0078055054_morp_ 0.241_T0_ 1434.877846_P_ 4.3887454_analysis_6, none, Eclipse indices (see function measure_eclipses_dt).
# zeros_1, minimum_1, peaks_2_n, peaks_1, p_2_p, minimum_1_in, zeros_1_in, minimum_1_in_mid, zeros_1_in, minimum_1_in, p_2_p, peaks_1, peaks_2_n, minimum_1, zeros_1
180476,180475,182122,188023,194546,194546,194546,194546,194546,194546,194546,201061,206855,208294,208294
427538,427537,431639,437348,444389,444389,444389,444389,444389,444389,444389,451568,457264,460785,460784
