# TIC 0366517337_morp_ 0.546_T0_ 1766.168446_P_ 1.6886433_analysis_6, none, Eclipse indices (see function measure_eclipses_dt).
# zeros_1, minimum_1, peaks_2_n, peaks_1, p_2_p, minimum_1_in, zeros_1_in, minimum_1_in_mid, zeros_1_in, minimum_1_in, p_2_p, peaks_1, peaks_2_n, minimum_1, zeros_1
517076,517076,527308,537989,552705,552705,552705,552705,552705,552705,552705,567185,577917,588831,588831
754929,773178,778264,784131,802403,802403,802403,802403,802403,802403,802403,817484,826958,832578,848208
