# TIC 0405687343_morp_ 0.717_T0_ 1683.442595_P_ 0.5330735_analysis_6, none, Eclipse indices (see function measure_eclipses_dt).
# zeros_1, minimum_1, peaks_2_n, peaks_1, p_2_p, minimum_1_in, zeros_1_in, minimum_1_in_mid, zeros_1_in, minimum_1_in, p_2_p, peaks_1, peaks_2_n, minimum_1, zeros_1
159104,159103,159140,174028,189019,189019,189019,189019,189019,189019,189019,203853,218590,218963,218962
599217,599217,599672,614377,629181,629181,629181,629181,629181,629181,629181,644212,659101,659103,659102
