# TIC 0278296621_morp_ 0.489_T0_ 1600.276722_P_ 2.5004830_analysis_6, none, Eclipse indices (see function measure_eclipses_dt).
# zeros_1, minimum_1, peaks_2_n, peaks_1, p_2_p, minimum_1_in, zeros_1_in, minimum_1_in_mid, zeros_1_in, minimum_1_in, p_2_p, peaks_1, peaks_2_n, minimum_1, zeros_1
231395,231394,231395,240522,244425,246022,246021,252220,258418,258418,258418,278881,282587,282588,282588
627883,627882,628754,632533,636043,637822,637822,645713,653605,653604,655469,658959,662760,663569,663568
