# TIC 0053997651_morp_ 0.159_T0_ 1546.775697_P_ 2.9173324_analysis_6, none, Eclipse indices (see function measure_eclipses_dt).
# zeros_1, minimum_1, peaks_2_n, peaks_1, p_2_p, minimum_1_in, zeros_1_in, minimum_1_in_mid, zeros_1_in, minimum_1_in, p_2_p, peaks_1, peaks_2_n, minimum_1, zeros_1
343359,343359,345366,348412,352047,352047,352047,352047,352047,352047,352047,355269,359040,361151,361150
584166,584165,585862,589514,592705,592705,592705,592705,592705,592705,592705,596155,599391,601120,601119
