# TIC 0271924412_morp_ 0.377_T0_ 1521.213190_P_ 4.1506128_analysis_6, none, Eclipse indices (see function measure_eclipses_dt).
# zeros_1, minimum_1, peaks_2_n, peaks_1, p_2_p, minimum_1_in, zeros_1_in, minimum_1_in_mid, zeros_1_in, minimum_1_in, p_2_p, peaks_1, peaks_2_n, minimum_1, zeros_1
52734,52733,56564,61820,69250,69250,69250,69250,69250,69250,69250,77219,82449,86686,86686
302657,302656,306617,311826,319214,319214,319214,319214,319214,319214,319214,327257,332475,336245,336244
