# TIC 0146039664_morp_ 0.110_T0_ 1521.608164_P_ 17.8368584_analysis_6, none, Eclipse indices (see function measure_eclipses_dt).
# zeros_1, minimum_1, peaks_2_n, peaks_1, p_2_p, minimum_1_in, zeros_1_in, minimum_1_in_mid, zeros_1_in, minimum_1_in, p_2_p, peaks_1, peaks_2_n, minimum_1, zeros_1
462404,462403,462413,462436,462548,462559,462559,464169,465780,465779,465788,465900,465923,465931,465930
791773,791773,791794,792175,794628,794628,794628,794628,794628,794628,794628,797167,797189,797205,797204
