# KIC04073678_morp_0.67_T0_54927.892568_P_0.2882443_analysis_6, none, Eclipse indices (see function measure_eclipses_dt).
# zeros_1, minimum_1, peaks_2_n, peaks_1, p_2_p, minimum_1_in, zeros_1_in, minimum_1_in_mid, zeros_1_in, minimum_1_in, p_2_p, peaks_1, peaks_2_n, minimum_1, zeros_1
449191,496542,524547,545092,574139,574139,574139,574139,574139,574139,574139,603488,624354,652631,699189
699190,746542,774547,795092,824138,824138,824138,824138,824138,824138,824138,853488,874353,902631,949189
