# TIC 0469441650_morp_ 0.596_T0_ 1656.950269_P_ 1.6835965_analysis_6, none, Eclipse indices (see function measure_eclipses_dt).
# zeros_1, minimum_1, peaks_2_n, peaks_1, p_2_p, minimum_1_in, zeros_1_in, minimum_1_in_mid, zeros_1_in, minimum_1_in, p_2_p, peaks_1, peaks_2_n, minimum_1, zeros_1
551544,606258,611213,636727,665887,665887,665887,665887,665887,665887,665887,687727,720056,725114,781917
791791,856980,862653,900726,915806,915806,915806,915806,915806,915806,915806,931491,969040,974838,999999
