# TIC 0267043786_morp_ 0.788_T0_ 1325.918113_P_ 0.5948355_analysis_6, none, Eclipse indices (see function measure_eclipses_dt).
# zeros_1, minimum_1, peaks_2_n, peaks_1, p_2_p, minimum_1_in, zeros_1_in, minimum_1_in_mid, zeros_1_in, minimum_1_in, p_2_p, peaks_1, peaks_2_n, minimum_1, zeros_1
53927,53926,113373,137634,174903,174903,174903,174903,174903,174903,174903,212364,236817,295543,295543
295544,295543,365159,387823,425083,425083,425083,425083,425083,425083,425083,462298,485097,553926,553925
