# TIC 0159864610_morp_ 0.449_T0_ 1602.443744_P_ 3.6398863_analysis_6, none, Eclipse indices (see function measure_eclipses_dt).
# zeros_1, minimum_1, peaks_2_n, peaks_1, p_2_p, minimum_1_in, zeros_1_in, minimum_1_in_mid, zeros_1_in, minimum_1_in, p_2_p, peaks_1, peaks_2_n, minimum_1, zeros_1
674618,674617,678700,684521,695890,695890,695890,695890,695890,695890,695890,708779,713931,717213,717212
750400,750399,751350,755743,760052,760052,760052,760052,760052,760052,760052,764654,768610,769247,769246
