# TIC 0274039311_morp_ 0.142_T0_ 1412.682949_P_ 4.5541186_analysis_6, none, Eclipse indices (see function measure_eclipses_dt).
# zeros_1, minimum_1, peaks_2_n, peaks_1, p_2_p, minimum_1_in, zeros_1_in, minimum_1_in_mid, zeros_1_in, minimum_1_in, p_2_p, peaks_1, peaks_2_n, minimum_1, zeros_1
352551,352550,352551,354740,356924,357150,357150,377816,398484,398483,398484,400743,402999,403064,403063
903064,903063,903064,905342,907552,907756,907755,919534,931313,931313,931826,933860,936051,936052,936052
