# TIC 0409523757_morp_ 0.453_T0_ 1792.715306_P_ 3.7275273_analysis_6, none, Eclipse indices (see function measure_eclipses_dt).
# zeros_1, minimum_1, peaks_2_n, peaks_1, p_2_p, minimum_1_in, zeros_1_in, minimum_1_in_mid, zeros_1_in, minimum_1_in, p_2_p, peaks_1, peaks_2_n, minimum_1, zeros_1
397800,398199,398316,401562,407045,407160,407552,408415,409672,409671,409730,415660,418011,418128,419408
646225,647523,647644,650444,656821,656910,656910,657500,658091,658090,658163,664540,667339,667461,669171
