# TIC 0399788405_morp_ 0.760_T0_ 1683.793209_P_ 0.4304368_analysis_6, none, Eclipse indices (see function measure_eclipses_dt).
# zeros_1, minimum_1, peaks_2_n, peaks_1, p_2_p, minimum_1_in, zeros_1_in, minimum_1_in_mid, zeros_1_in, minimum_1_in, p_2_p, peaks_1, peaks_2_n, minimum_1, zeros_1
165711,165711,183263,242145,283580,283580,283580,283580,283580,283580,283580,323739,337963,398777,398776
398777,398777,481653,496614,532065,532065,532065,532065,532065,532065,532065,569288,633074,665710,665710
