# TIC 0049671442_morp_ 0.300_T0_ 1472.237146_P_ 4.2026197_analysis_6, none, Eclipse indices (see function measure_eclipses_dt).
# zeros_1, minimum_1, peaks_2_n, peaks_1, p_2_p, minimum_1_in, zeros_1_in, minimum_1_in_mid, zeros_1_in, minimum_1_in, p_2_p, peaks_1, peaks_2_n, minimum_1, zeros_1
654330,654330,654335,654453,655040,655046,655045,666083,677122,677121,677127,677714,677831,677837,677836
960724,960723,960726,960843,960961,960964,960963,970829,980695,980695,980698,980815,980933,980936,980935
