# TIC 0031655792_morp_ 0.788_T0_ 1325.562309_P_ 0.4161053_analysis_6, none, Eclipse indices (see function measure_eclipses_dt).
# zeros_1, minimum_1, peaks_2_n, peaks_1, p_2_p, minimum_1_in, zeros_1_in, minimum_1_in_mid, zeros_1_in, minimum_1_in, p_2_p, peaks_1, peaks_2_n, minimum_1, zeros_1
301990,336884,363055,381065,427343,427343,427343,427343,427343,427343,427343,472307,490183,550964,550963
550964,550964,608245,629802,677311,677311,677311,677311,677311,677311,677311,724043,745241,801989,801989
