# TIC 0067267845_morp_ 0.586_T0_ 1629.706731_P_ 2.0253143_analysis_6, none, Eclipse indices (see function measure_eclipses_dt).
# zeros_1, minimum_1, peaks_2_n, peaks_1, p_2_p, minimum_1_in, zeros_1_in, minimum_1_in_mid, zeros_1_in, minimum_1_in, p_2_p, peaks_1, peaks_2_n, minimum_1, zeros_1
113117,113116,118698,125642,142836,142836,142836,142836,142836,142836,142836,159193,166914,171070,171069
364172,364172,368735,376003,393068,393068,393068,393068,393068,393068,393068,409242,416933,421399,421399
