# TIC 0424439457_morp_ 0.080_T0_ 1689.214515_P_ 11.5549155_analysis_6, none, Eclipse indices (see function measure_eclipses_dt).
# zeros_1, minimum_1, peaks_2_n, peaks_1, p_2_p, minimum_1_in, zeros_1_in, minimum_1_in_mid, zeros_1_in, minimum_1_in, p_2_p, peaks_1, peaks_2_n, minimum_1, zeros_1
110299,110298,110609,113863,118918,118918,118918,118918,118918,118918,118918,122062,124871,125565,125564
351702,351701,352762,354633,367816,367816,367816,367816,367816,367816,367816,381048,382829,383818,383817
