# TIC 0286917658_morp_ 0.727_T0_ 1842.841027_P_ 0.3216191_analysis_6, none, Eclipse indices (see function measure_eclipses_dt).
# zeros_1, minimum_1, peaks_2_n, peaks_1, p_2_p, minimum_1_in, zeros_1_in, minimum_1_in_mid, zeros_1_in, minimum_1_in, p_2_p, peaks_1, peaks_2_n, minimum_1, zeros_1
71249,71248,76861,168369,201225,201225,201225,201225,201225,201225,201225,236301,329129,332053,332053
332054,332053,332054,419125,453282,453282,453282,453282,453282,453282,453282,486143,506574,571248,571247
