# TIC 0385105755_morp_ 0.579_T0_ 1791.082365_P_ 0.8494102_analysis_6, none, Eclipse indices (see function measure_eclipses_dt).
# zeros_1, minimum_1, peaks_2_n, peaks_1, p_2_p, minimum_1_in, zeros_1_in, minimum_1_in_mid, zeros_1_in, minimum_1_in, p_2_p, peaks_1, peaks_2_n, minimum_1, zeros_1
59862,144204,151783,177438,193758,193758,193758,193758,193758,193758,193758,210596,235659,243143,334673
334674,395665,401056,427123,443817,443817,443817,443817,443817,443817,443817,461232,486381,491867,559860
