# TIC 0114819301_morp_ 0.109_T0_ 1355.595385_P_ 9.7729818_analysis_6, none, Eclipse indices (see function measure_eclipses_dt).
# zeros_1, minimum_1, peaks_2_n, peaks_1, p_2_p, minimum_1_in, zeros_1_in, minimum_1_in_mid, zeros_1_in, minimum_1_in, p_2_p, peaks_1, peaks_2_n, minimum_1, zeros_1
626238,626238,626238,626274,626308,626310,626309,626382,626454,626454,626454,626490,626524,626526,626525
876024,876024,876024,876060,876094,876096,876095,876240,876384,876384,876384,876420,876454,876456,876455
