# TIC 0149160359_morp_ 0.694_T0_ 1598.974514_P_ 1.1207351_analysis_6, none, Eclipse indices (see function measure_eclipses_dt).
# zeros_1, minimum_1, peaks_2_n, peaks_1, p_2_p, minimum_1_in, zeros_1_in, minimum_1_in_mid, zeros_1_in, minimum_1_in, p_2_p, peaks_1, peaks_2_n, minimum_1, zeros_1
230281,240273,250657,263198,275451,284403,309713,327101,344362,369800,378921,390044,403858,413691,423707
511758,511758,511758,521049,527433,527433,527433,527433,527433,527433,527433,540507,552961,557179,557179
