# TIC 0149160359_morp_ 0.694_T0_ 1598.974514_P_ 1.1207351_analysis_6, none, Eclipse indices (see function measure_eclipses_dt).
# zeros_1, minimum_1, peaks_2_n, peaks_1, p_2_p, minimum_1_in, zeros_1_in, minimum_1_in_mid, zeros_1_in, minimum_1_in, p_2_p, peaks_1, peaks_2_n, minimum_1, zeros_1
616649,616648,625232,654113,654421,654423,654422,669425,678880,684428,689502,695775,702033,710434,710434
864159,870953,875428,882523,887763,891840,904929,913549,922209,935259,939402,944091,951813,956096,962801
