# TIC 0160228595_morp_ 0.459_T0_ 1684.873565_P_ 2.0922296_analysis_6, none, Eclipse indices (see function measure_eclipses_dt).
# zeros_1, minimum_1, peaks_2_n, peaks_1, p_2_p, minimum_1_in, zeros_1_in, minimum_1_in_mid, zeros_1_in, minimum_1_in, p_2_p, peaks_1, peaks_2_n, minimum_1, zeros_1
342895,342894,346593,351432,358767,358767,358767,358767,358767,358767,358767,364896,370340,370341,370341
905142,905141,905142,910600,916781,916781,916781,916781,916781,916781,916781,923963,928650,933992,942155
