# TIC 0269609504_morp_ 0.592_T0_ 1764.896610_P_ 1.8589227_analysis_6, none, Eclipse indices (see function measure_eclipses_dt).
# zeros_1, minimum_1, peaks_2_n, peaks_1, p_2_p, minimum_1_in, zeros_1_in, minimum_1_in_mid, zeros_1_in, minimum_1_in, p_2_p, peaks_1, peaks_2_n, minimum_1, zeros_1
177795,209053,218438,264821,309997,309997,309997,309997,309997,309997,309997,317356,322927,329068,329068
464455,464454,468802,475307,532664,532664,532664,532664,532664,532664,532664,644523,651113,656584,656583
