# TIC 0305832152_morp_ 0.604_T0_ 1763.899739_P_ 1.5430462_analysis_6, none, Eclipse indices (see function measure_eclipses_dt).
# zeros_1, minimum_1, peaks_2_n, peaks_1, p_2_p, minimum_1_in, zeros_1_in, minimum_1_in_mid, zeros_1_in, minimum_1_in, p_2_p, peaks_1, peaks_2_n, minimum_1, zeros_1
563290,625822,629279,654324,670763,670763,670763,670763,670763,670763,670763,683368,712229,715460,778735
807004,875735,879281,903978,917006,919176,919175,920949,922723,922723,924866,933887,962256,965574,999999
