# TIC 0336208030_morp_ 0.801_T0_ 2010.311489_P_ 0.5776499_analysis_6, none, Eclipse indices (see function measure_eclipses_dt).
# zeros_1, minimum_1, peaks_2_n, peaks_1, p_2_p, minimum_1_in, zeros_1_in, minimum_1_in_mid, zeros_1_in, minimum_1_in, p_2_p, peaks_1, peaks_2_n, minimum_1, zeros_1
156033,156033,156033,248556,278118,278118,278118,278118,278118,278118,278118,307480,399169,400101,400101
400102,400101,400102,495497,528156,528156,528156,528156,528156,528156,528156,560900,654034,656032,656032
