# TIC 0048227278_morp_ 0.370_T0_ 1602.381645_P_ 2.8963311_analysis_6, none, Eclipse indices (see function measure_eclipses_dt).
# zeros_1, minimum_1, peaks_2_n, peaks_1, p_2_p, minimum_1_in, zeros_1_in, minimum_1_in_mid, zeros_1_in, minimum_1_in, p_2_p, peaks_1, peaks_2_n, minimum_1, zeros_1
83177,83176,85039,90864,99614,99614,99614,99614,99614,99614,99614,107383,112428,114911,114910
830613,830613,834987,840943,848751,848751,848751,848751,848751,848751,848751,856509,862283,866897,866896
