# TIC 0273874851_morp_ 0.555_T0_ 1683.480851_P_ 2.0451585_analysis_6, none, Eclipse indices (see function measure_eclipses_dt).
# zeros_1, minimum_1, peaks_2_n, peaks_1, p_2_p, minimum_1_in, zeros_1_in, minimum_1_in_mid, zeros_1_in, minimum_1_in, p_2_p, peaks_1, peaks_2_n, minimum_1, zeros_1
354734,354733,354963,361995,378890,379319,384119,385581,391844,391843,392091,408993,416017,416202,416201
602235,605265,605788,617764,635703,635703,635703,635703,635703,635703,635703,654880,665196,665725,670361
