# TIC 0056332484_morp_ 0.634_T0_ 1518.024466_P_ 0.9225558_analysis_6, none, Eclipse indices (see function measure_eclipses_dt).
# zeros_1, minimum_1, peaks_2_n, peaks_1, p_2_p, minimum_1_in, zeros_1_in, minimum_1_in_mid, zeros_1_in, minimum_1_in, p_2_p, peaks_1, peaks_2_n, minimum_1, zeros_1
465896,465896,472195,489941,510383,510383,510383,510383,510383,510383,510383,530777,548507,554363,554362
713909,713908,721348,739306,760308,760308,760308,760308,760308,760308,760308,781322,799285,806218,806217
