# TIC 0058540876_morp_ 0.580_T0_ 1817.570510_P_ 1.3835269_analysis_6, none, Eclipse indices (see function measure_eclipses_dt).
# zeros_1, minimum_1, peaks_2_n, peaks_1, p_2_p, minimum_1_in, zeros_1_in, minimum_1_in_mid, zeros_1_in, minimum_1_in, p_2_p, peaks_1, peaks_2_n, minimum_1, zeros_1
156463,156462,156700,156982,227351,227351,227351,227351,227351,227351,227351,297731,300261,300343,300343
549933,551931,552289,555953,561858,561858,561858,561858,561858,561858,561858,568760,571370,571840,575822
