# TIC 0422332463_morp_ 0.870_T0_ 1931.055074_P_ 0.4234490_analysis_6, none, Eclipse indices (see function measure_eclipses_dt).
# zeros_1, minimum_1, peaks_2_n, peaks_1, p_2_p, minimum_1_in, zeros_1_in, minimum_1_in_mid, zeros_1_in, minimum_1_in, p_2_p, peaks_1, peaks_2_n, minimum_1, zeros_1
438290,438289,438290,502930,569485,569485,569485,569485,569485,569485,569485,639459,707799,707800,707800
707801,707800,715879,770484,827934,827934,827934,827934,827934,827934,827934,882732,930507,938289,938288
