# TIC 0121121622_morp_ 0.493_T0_ 1683.726827_P_ 4.1007475_analysis_6, none, Eclipse indices (see function measure_eclipses_dt).
# zeros_1, minimum_1, peaks_2_n, peaks_1, p_2_p, minimum_1_in, zeros_1_in, minimum_1_in_mid, zeros_1_in, minimum_1_in, p_2_p, peaks_1, peaks_2_n, minimum_1, zeros_1
135179,135178,138818,144723,157138,157138,157138,157138,157138,157138,157138,169477,175123,179681,179680
884684,884683,888778,894865,907098,907098,907098,907098,907098,907098,907098,919332,925165,930249,930248
