# TIC 0357512000_morp_ 0.697_T0_ 1598.341736_P_ 0.8797054_analysis_6, none, Eclipse indices (see function measure_eclipses_dt).
# zeros_1, minimum_1, peaks_2_n, peaks_1, p_2_p, minimum_1_in, zeros_1_in, minimum_1_in_mid, zeros_1_in, minimum_1_in, p_2_p, peaks_1, peaks_2_n, minimum_1, zeros_1
446796,497454,515363,539811,570539,570539,570539,570539,570539,570539,570539,601382,625134,643744,694378
694379,750385,763801,783465,820556,820556,820556,820556,820556,820556,820556,858776,876690,890694,946795
