# TIC 0229495981_morp_ 0.204_T0_ 1873.932458_P_ 9.0416491_analysis_6, none, Eclipse indices (see function measure_eclipses_dt).
# zeros_1, minimum_1, peaks_2_n, peaks_1, p_2_p, minimum_1_in, zeros_1_in, minimum_1_in_mid, zeros_1_in, minimum_1_in, p_2_p, peaks_1, peaks_2_n, minimum_1, zeros_1
68031,68031,69398,71596,83477,83477,83477,83477,83477,83477,83477,95406,97535,98886,98885
319732,319732,320302,322403,332420,333240,333239,337301,341363,341362,342713,344528,346677,347119,347118
