# TIC 0253929719_morp_ 0.405_T0_ 2062.626418_P_ 6.6868705_analysis_6, none, Eclipse indices (see function measure_eclipses_dt).
# zeros_1, minimum_1, peaks_2_n, peaks_1, p_2_p, minimum_1_in, zeros_1_in, minimum_1_in_mid, zeros_1_in, minimum_1_in, p_2_p, peaks_1, peaks_2_n, minimum_1, zeros_1
648327,648326,650185,655932,662578,662578,662578,662578,662578,662578,662578,667929,672499,674617,674617
735921,735920,739112,744024,750151,750151,750151,750151,750151,750151,750151,756231,761083,764126,764125
