# TIC 0335484090_morp_ 0.399_T0_ 1547.889315_P_ 7.4987563_analysis_6, none, Eclipse indices (see function measure_eclipses_dt).
# zeros_1, minimum_1, peaks_2_n, peaks_1, p_2_p, minimum_1_in, zeros_1_in, minimum_1_in_mid, zeros_1_in, minimum_1_in, p_2_p, peaks_1, peaks_2_n, minimum_1, zeros_1
232178,232177,232190,232615,233039,233054,233053,236422,239791,239790,239803,240225,240646,240661,240661
477220,477220,477233,477657,478082,478094,478094,484023,489952,489952,489961,490387,490813,490823,490823
