# KIC04935914_morp_0.23_T0_54999.242862_P_3.4863333_analysis_6, none, Eclipse indices (see function measure_eclipses_dt).
# zeros_1, minimum_1, peaks_2_n, peaks_1, p_2_p, minimum_1_in, zeros_1_in, minimum_1_in_mid, zeros_1_in, minimum_1_in, p_2_p, peaks_1, peaks_2_n, minimum_1, zeros_1
651769,651768,654564,657951,662361,662361,662361,662361,662361,662361,662361,666630,669899,673544,673543
901633,901633,904466,907933,912381,912381,912381,912381,912381,912381,912381,916824,920282,923128,923128
