# TIC 0059038880_morp_ 0.722_T0_ 1438.090294_P_ 0.3053725_analysis_6, none, Eclipse indices (see function measure_eclipses_dt).
# zeros_1, minimum_1, peaks_2_n, peaks_1, p_2_p, minimum_1_in, zeros_1_in, minimum_1_in_mid, zeros_1_in, minimum_1_in, p_2_p, peaks_1, peaks_2_n, minimum_1, zeros_1
325851,325851,409818,430529,459032,459032,459032,459032,459032,459032,459032,485941,519888,582406,582405
582406,582406,660968,680485,710120,710120,710120,710120,710120,710120,710120,726900,756026,825850,825850
