# TIC 0258839862_morp_ 0.534_T0_ 1602.474994_P_ 4.6539954_analysis_6, none, Eclipse indices (see function measure_eclipses_dt).
# zeros_1, minimum_1, peaks_2_n, peaks_1, p_2_p, minimum_1_in, zeros_1_in, minimum_1_in_mid, zeros_1_in, minimum_1_in, p_2_p, peaks_1, peaks_2_n, minimum_1, zeros_1
528442,528441,542013,556185,574701,574701,574701,574701,574701,574701,574701,592961,607407,618061,618061
790578,790577,797032,809575,825148,825148,825148,825148,825148,825148,825148,840095,852623,858110,858110
