# TIC 0033419790_morp_ 0.546_T0_ 1468.611705_P_ 2.0162719_analysis_6, none, Eclipse indices (see function measure_eclipses_dt).
# zeros_1, minimum_1, peaks_2_n, peaks_1, p_2_p, minimum_1_in, zeros_1_in, minimum_1_in_mid, zeros_1_in, minimum_1_in, p_2_p, peaks_1, peaks_2_n, minimum_1, zeros_1
582115,582115,584644,597460,611063,611063,611063,611063,611063,611063,611063,624372,637387,639794,639793
831946,831945,834642,847443,861116,861116,861116,861116,861116,861116,861116,874440,887387,889935,889934
