# TIC 0309598681_morp_ 0.504_T0_ 1600.515532_P_ 0.8485798_analysis_6, none, Eclipse indices (see function measure_eclipses_dt).
# zeros_1, minimum_1, peaks_2_n, peaks_1, p_2_p, minimum_1_in, zeros_1_in, minimum_1_in_mid, zeros_1_in, minimum_1_in, p_2_p, peaks_1, peaks_2_n, minimum_1, zeros_1
485255,485254,491300,502354,514307,514307,514307,514307,514307,514307,514307,523685,537875,543134,543134
711841,734871,741730,750808,764371,764371,764371,764371,764371,764371,764371,772931,787240,792772,792771
