# TIC 0151587650_morp_ 0.946_T0_ 1443.264134_P_ 4.9516489_analysis_6, none, Eclipse indices (see function measure_eclipses_dt).
# zeros_1, minimum_1, peaks_2_n, peaks_1, p_2_p, minimum_1_in, zeros_1_in, minimum_1_in_mid, zeros_1_in, minimum_1_in, p_2_p, peaks_1, peaks_2_n, minimum_1, zeros_1
51593,51593,54624,96511,171070,171070,171070,171070,171070,171070,171070,238550,291641,291642,291642
291643,291642,293620,335493,420142,420142,420142,420142,420142,420142,420142,488336,551591,551592,551592
