# TIC 0169815759_morp_ 0.546_T0_ 1689.815606_P_ 12.4274859_analysis_6, none, Eclipse indices (see function measure_eclipses_dt).
# zeros_1, minimum_1, peaks_2_n, peaks_1, p_2_p, minimum_1_in, zeros_1_in, minimum_1_in_mid, zeros_1_in, minimum_1_in, p_2_p, peaks_1, peaks_2_n, minimum_1, zeros_1
110210,125972,126045,130481,137348,137421,145649,147801,153133,158181,158252,162686,166152,170553,170553
312453,314845,314912,324210,343108,343108,343108,343108,343108,343108,343108,359333,367416,367485,369148
