# TIC 0058466459_morp_ 0.294_T0_ 1571.630294_P_ 3.8716104_analysis_6, none, Eclipse indices (see function measure_eclipses_dt).
# zeros_1, minimum_1, peaks_2_n, peaks_1, p_2_p, minimum_1_in, zeros_1_in, minimum_1_in_mid, zeros_1_in, minimum_1_in, p_2_p, peaks_1, peaks_2_n, minimum_1, zeros_1
486292,486291,488498,491491,497145,497145,497145,497145,497145,497145,497145,502717,505700,508055,508054
734688,734687,736892,739778,745417,745417,745417,745417,745417,745417,745417,751153,754113,756209,756209
