# TIC 0178242590_morp_ 0.545_T0_ 1411.159009_P_ 1.3019741_analysis_6, none, Eclipse indices (see function measure_eclipses_dt).
# zeros_1, minimum_1, peaks_2_n, peaks_1, p_2_p, minimum_1_in, zeros_1_in, minimum_1_in_mid, zeros_1_in, minimum_1_in, p_2_p, peaks_1, peaks_2_n, minimum_1, zeros_1
133752,133752,140580,154565,170261,170261,170261,170261,170261,170261,170261,185117,196874,203176,203176
435552,435551,440094,453467,468780,468780,468780,468780,468780,468780,468780,484069,497487,502249,502248
