# TIC 0416947584_morp_ 0.622_T0_ 1816.297019_P_ 0.5556918_analysis_6, none, Eclipse indices (see function measure_eclipses_dt).
# zeros_1, minimum_1, peaks_2_n, peaks_1, p_2_p, minimum_1_in, zeros_1_in, minimum_1_in_mid, zeros_1_in, minimum_1_in, p_2_p, peaks_1, peaks_2_n, minimum_1, zeros_1
292905,340021,367954,388736,416804,416804,416804,416804,416804,416804,416804,444204,464647,495181,540214
597202,597201,611563,635444,665880,665880,665880,665880,665880,665880,665880,695494,717412,732656,732655
