# TIC 0150390189_morp_ 0.461_T0_ 1325.926756_P_ 1.2694631_analysis_6, none, Eclipse indices (see function measure_eclipses_dt).
# zeros_1, minimum_1, peaks_2_n, peaks_1, p_2_p, minimum_1_in, zeros_1_in, minimum_1_in_mid, zeros_1_in, minimum_1_in, p_2_p, peaks_1, peaks_2_n, minimum_1, zeros_1
431087,431087,433183,441893,451044,451045,451045,467069,483095,483094,490465,498551,507360,507361,507361
507362,507361,514538,526600,541509,541509,541509,541509,541509,541509,541509,556235,568079,575370,575369
