# TIC 0080025900_morp_ 0.302_T0_ 1519.136162_P_ 4.0582743_analysis_6, none, Eclipse indices (see function measure_eclipses_dt).
# zeros_1, minimum_1, peaks_2_n, peaks_1, p_2_p, minimum_1_in, zeros_1_in, minimum_1_in_mid, zeros_1_in, minimum_1_in, p_2_p, peaks_1, peaks_2_n, minimum_1, zeros_1
469992,469991,473885,481847,494393,494393,494393,494393,494393,494393,494393,507716,514843,519952,519951
776325,776324,781707,786408,792618,792618,792618,792618,792618,792618,792618,798757,803405,808724,808723
