# TIC 0122070918_morp_ 0.697_T0_ 1684.025640_P_ 1.0648122_analysis_6, none, Eclipse indices (see function measure_eclipses_dt).
# zeros_1, minimum_1, peaks_2_n, peaks_1, p_2_p, minimum_1_in, zeros_1_in, minimum_1_in_mid, zeros_1_in, minimum_1_in, p_2_p, peaks_1, peaks_2_n, minimum_1, zeros_1
383922,462488,472147,479340,506731,506731,506731,506731,506731,506731,506731,558034,562487,567815,626224
626225,626225,720334,727379,761324,761324,761324,761324,761324,761324,761324,810845,873967,883921,883920
