# KIC07295570_morp_0.22_T0_54964.646481_P_3.60377_analysis_6, none, Eclipse indices (see function measure_eclipses_dt).
# zeros_1, minimum_1, peaks_2_n, peaks_1, p_2_p, minimum_1_in, zeros_1_in, minimum_1_in_mid, zeros_1_in, minimum_1_in, p_2_p, peaks_1, peaks_2_n, minimum_1, zeros_1
591250,591250,594620,597980,602363,602363,602363,602363,602363,602363,602363,606749,610148,613104,613104
841430,841429,844462,847869,852285,852285,852285,852285,852285,852285,852285,856712,860119,863355,863354
