# TIC 0288391801_morp_ 0.784_T0_ 1683.521842_P_ 0.3905846_analysis_6, none, Eclipse indices (see function measure_eclipses_dt).
# zeros_1, minimum_1, peaks_2_n, peaks_1, p_2_p, minimum_1_in, zeros_1_in, minimum_1_in_mid, zeros_1_in, minimum_1_in, p_2_p, peaks_1, peaks_2_n, minimum_1, zeros_1
477359,477359,491911,546670,589202,589202,589202,589202,589202,589202,589202,630981,685569,703782,703781
725087,725086,782191,798702,839143,839143,839143,839143,839143,839143,839143,879041,895125,957401,977358
