# TIC 0338071673_morp_ 0.574_T0_ 1741.324337_P_ 3.3784202_analysis_6, none, Eclipse indices (see function measure_eclipses_dt).
# zeros_1, minimum_1, peaks_2_n, peaks_1, p_2_p, minimum_1_in, zeros_1_in, minimum_1_in_mid, zeros_1_in, minimum_1_in, p_2_p, peaks_1, peaks_2_n, minimum_1, zeros_1
554343,554342,564533,578591,596594,596594,596594,596594,596594,596594,596594,614548,628626,638320,638319
804850,804849,814712,828609,846547,846547,846547,846547,846547,846547,846547,864639,878698,887327,887326
