# TIC 0289722957_morp_ 0.536_T0_ 1684.991259_P_ 2.2183026_analysis_6, none, Eclipse indices (see function measure_eclipses_dt).
# zeros_1, minimum_1, peaks_2_n, peaks_1, p_2_p, minimum_1_in, zeros_1_in, minimum_1_in_mid, zeros_1_in, minimum_1_in, p_2_p, peaks_1, peaks_2_n, minimum_1, zeros_1
664810,664809,681969,690430,705164,705164,705164,705164,705164,705164,705164,721264,738184,740302,740302
826495,826494,836005,847653,864702,864702,864702,864702,864702,864702,864702,881538,893352,903106,903106
