# TIC 0258918835_morp_ 0.265_T0_ 1961.716195_P_ 5.9864612_analysis_6, none, Eclipse indices (see function measure_eclipses_dt).
# zeros_1, minimum_1, peaks_2_n, peaks_1, p_2_p, minimum_1_in, zeros_1_in, minimum_1_in_mid, zeros_1_in, minimum_1_in, p_2_p, peaks_1, peaks_2_n, minimum_1, zeros_1
163488,163488,166793,171581,177558,177558,177558,177558,177558,177558,177558,183703,188622,191560,191559
757390,757389,758849,763508,768866,768866,768866,768866,768866,768866,768866,774725,779610,781918,781917
