# TIC 0374447935_morp_ 0.375_T0_ 1624.292599_P_ 15.5144882_analysis_6, none, Eclipse indices (see function measure_eclipses_dt).
# zeros_1, minimum_1, peaks_2_n, peaks_1, p_2_p, minimum_1_in, zeros_1_in, minimum_1_in_mid, zeros_1_in, minimum_1_in, p_2_p, peaks_1, peaks_2_n, minimum_1, zeros_1
458280,458279,459483,466041,473402,473402,473402,473402,473402,473402,473402,480017,486504,487068,487068
532495,532495,533488,539618,545874,545874,545874,545874,545874,545874,545874,553385,560436,560516,560515
