# TIC 0240706234_morp_ 0.726_T0_ 1764.761030_P_ 0.2336936_analysis_6, none, Eclipse indices (see function measure_eclipses_dt).
# zeros_1, minimum_1, peaks_2_n, peaks_1, p_2_p, minimum_1_in, zeros_1_in, minimum_1_in_mid, zeros_1_in, minimum_1_in, p_2_p, peaks_1, peaks_2_n, minimum_1, zeros_1
289726,289725,364697,387095,414767,414767,414767,414767,414767,414767,414767,441599,464533,540823,540823
540824,540823,615180,637892,664507,664507,664507,664507,664507,664507,664507,691288,714260,789725,789724
