# TIC 0467187065_morp_ 0.499_T0_ 1683.814969_P_ 0.0641622_analysis_6, none, Eclipse indices (see function measure_eclipses_dt).
# zeros_1, minimum_1, peaks_2_n, peaks_1, p_2_p, minimum_1_in, zeros_1_in, minimum_1_in_mid, zeros_1_in, minimum_1_in, p_2_p, peaks_1, peaks_2_n, minimum_1, zeros_1
389079,389079,392168,418249,448411,448411,448411,448411,448411,448411,448411,482951,528617,528619,528618
617519,617518,635372,658319,688350,688350,688350,688350,688350,688350,688350,721272,745592,782922,782921
