# TIC 0291572619_morp_ 0.361_T0_ 1656.403762_P_ 1.4998328_analysis_6, none, Eclipse indices (see function measure_eclipses_dt).
# zeros_1, minimum_1, peaks_2_n, peaks_1, p_2_p, minimum_1_in, zeros_1_in, minimum_1_in_mid, zeros_1_in, minimum_1_in, p_2_p, peaks_1, peaks_2_n, minimum_1, zeros_1
219496,219495,225576,239229,255668,255668,255668,255668,255668,255668,255668,271806,285301,291431,291430
381144,381143,383435,395827,409780,409780,409780,409780,409780,409780,409780,422774,434875,436969,436968
