# TIC 0311945765_morp_ 0.646_T0_ 1683.750929_P_ 0.4979736_analysis_6, none, Eclipse indices (see function measure_eclipses_dt).
# zeros_1, minimum_1, peaks_2_n, peaks_1, p_2_p, minimum_1_in, zeros_1_in, minimum_1_in_mid, zeros_1_in, minimum_1_in, p_2_p, peaks_1, peaks_2_n, minimum_1, zeros_1
380549,419271,428889,446833,493800,493800,493800,493800,493800,493800,493800,537849,556231,618203,618203
618204,670685,680107,721630,741557,741557,741557,741557,741557,741557,741557,762777,804239,813486,880548
