# TIC 0343549114_morp_ 0.303_T0_ 1738.861433_P_ 6.3552415_analysis_6, none, Eclipse indices (see function measure_eclipses_dt).
# zeros_1, minimum_1, peaks_2_n, peaks_1, p_2_p, minimum_1_in, zeros_1_in, minimum_1_in_mid, zeros_1_in, minimum_1_in, p_2_p, peaks_1, peaks_2_n, minimum_1, zeros_1
260745,260745,260746,261258,261771,261771,261771,261771,261771,261771,261771,262285,262798,262800,262800
509702,509702,509704,510213,510723,510723,510723,510723,510723,510723,510723,511234,511743,511745,511744
