# TIC 0232965249_morp_ 0.311_T0_ 1714.240442_P_ 3.7268563_analysis_6, none, Eclipse indices (see function measure_eclipses_dt).
# zeros_1, minimum_1, peaks_2_n, peaks_1, p_2_p, minimum_1_in, zeros_1_in, minimum_1_in_mid, zeros_1_in, minimum_1_in, p_2_p, peaks_1, peaks_2_n, minimum_1, zeros_1
58339,58338,59307,67738,75932,75932,75932,75932,75932,75932,75932,83081,91822,94316,98017
735022,735022,736501,738350,745382,745382,745382,745382,745382,745382,745382,752387,754223,755597,755596
