# TIC 0053847727_morp_ 0.290_T0_ 1765.704907_P_ 3.0112586_analysis_6, none, Eclipse indices (see function measure_eclipses_dt).
# zeros_1, minimum_1, peaks_2_n, peaks_1, p_2_p, minimum_1_in, zeros_1_in, minimum_1_in_mid, zeros_1_in, minimum_1_in, p_2_p, peaks_1, peaks_2_n, minimum_1, zeros_1
300742,300742,301283,305322,309872,309872,309872,309872,309872,309872,309872,313527,317273,317423,317423
859554,859553,864509,870992,880264,880264,880264,880264,880264,880264,880264,889119,895090,900409,900408
