# TIC 0232617358_morp_ 0.415_T0_ 1957.408318_P_ 2.2293293_analysis_6, none, Eclipse indices (see function measure_eclipses_dt).
# zeros_1, minimum_1, peaks_2_n, peaks_1, p_2_p, minimum_1_in, zeros_1_in, minimum_1_in_mid, zeros_1_in, minimum_1_in, p_2_p, peaks_1, peaks_2_n, minimum_1, zeros_1
18328,18327,22775,25972,37557,37557,37557,37557,37557,37557,37557,49392,52623,56011,56953
269217,270816,271631,274758,287712,287712,287712,287712,287712,287712,287712,300646,303771,304586,306152
