# TIC 0219882262_morp_ 0.402_T0_ 1765.409475_P_ 1.0327260_analysis_6, none, Eclipse indices (see function measure_eclipses_dt).
# zeros_1, minimum_1, peaks_2_n, peaks_1, p_2_p, minimum_1_in, zeros_1_in, minimum_1_in_mid, zeros_1_in, minimum_1_in, p_2_p, peaks_1, peaks_2_n, minimum_1, zeros_1
103765,103765,107988,118350,130814,130814,130814,130814,130814,130814,130814,142991,153128,158036,158036
334407,334407,336948,346043,355501,355501,355501,355501,355501,355501,355501,368712,380553,380753,380753
