# TIC 0320173862_morp_ 0.544_T0_ 1654.083822_P_ 0.1980963_analysis_6, none, Eclipse indices (see function measure_eclipses_dt).
# zeros_1, minimum_1, peaks_2_n, peaks_1, p_2_p, minimum_1_in, zeros_1_in, minimum_1_in_mid, zeros_1_in, minimum_1_in, p_2_p, peaks_1, peaks_2_n, minimum_1, zeros_1
354553,354552,364858,398545,437168,437168,437168,437168,437168,437168,437168,475570,508998,519909,519908
610074,610074,628509,653680,686359,686534,686534,732251,777970,777969,799408,824811,854550,854552,854551
