# TIC 0202839485_morp_ 0.628_T0_ 1790.749104_P_ 0.4128560_analysis_6, none, Eclipse indices (see function measure_eclipses_dt).
# zeros_1, minimum_1, peaks_2_n, peaks_1, p_2_p, minimum_1_in, zeros_1_in, minimum_1_in_mid, zeros_1_in, minimum_1_in, p_2_p, peaks_1, peaks_2_n, minimum_1, zeros_1
0,38463,60529,77720,104977,104977,104977,104977,104977,104977,104977,133648,151315,169620,257328
293942,293941,307300,322862,348833,348833,348833,348833,348833,348833,348833,400438,416043,426052,426051
