# TIC 0273778807_morp_ 0.973_T0_ 1683.449019_P_ 1.1109005_analysis_6, none, Eclipse indices (see function measure_eclipses_dt).
# zeros_1, minimum_1, peaks_2_n, peaks_1, p_2_p, minimum_1_in, zeros_1_in, minimum_1_in_mid, zeros_1_in, minimum_1_in, p_2_p, peaks_1, peaks_2_n, minimum_1, zeros_1
154494,154493,157235,213313,277233,277233,277233,277233,277233,277233,277233,341570,398205,400759,400759
400760,400759,400760,456963,527845,527845,527845,527845,527845,527845,527845,598553,654491,654493,654492
