# TIC 0294206429_morp_ 0.633_T0_ 1438.436496_P_ 1.0550702_analysis_6, none, Eclipse indices (see function measure_eclipses_dt).
# zeros_1, minimum_1, peaks_2_n, peaks_1, p_2_p, minimum_1_in, zeros_1_in, minimum_1_in_mid, zeros_1_in, minimum_1_in, p_2_p, peaks_1, peaks_2_n, minimum_1, zeros_1
294691,294691,303842,321235,358215,358215,358215,358215,358215,358215,358215,393397,410754,419693,419692
547552,547551,559113,575720,607106,607106,607106,607106,607106,607106,607106,638853,655499,667232,667231
