# TIC 0309720946_morp_ 0.427_T0_ 1714.608248_P_ 4.6071355_analysis_6, none, Eclipse indices (see function measure_eclipses_dt).
# zeros_1, minimum_1, peaks_2_n, peaks_1, p_2_p, minimum_1_in, zeros_1_in, minimum_1_in_mid, zeros_1_in, minimum_1_in, p_2_p, peaks_1, peaks_2_n, minimum_1, zeros_1
556527,556526,559785,568305,575318,575318,575318,575318,575318,575318,575318,582503,590803,594135,594135
806263,806262,809771,818213,825290,825290,825290,825290,825290,825290,825290,832502,840804,844167,844166
