# TIC 0231851620_morp_ 0.442_T0_ 1355.670139_P_ 3.7168766_analysis_6, none, Eclipse indices (see function measure_eclipses_dt).
# zeros_1, minimum_1, peaks_2_n, peaks_1, p_2_p, minimum_1_in, zeros_1_in, minimum_1_in_mid, zeros_1_in, minimum_1_in, p_2_p, peaks_1, peaks_2_n, minimum_1, zeros_1
508551,508551,510942,517470,523676,527456,527456,539745,552035,552035,552035,558137,562849,562850,562850
939758,939757,939758,943935,948342,948342,948342,948342,948342,948342,948342,955934,961984,964039,964039
