# TIC 0322650462_morp_ 0.469_T0_ 1469.255031_P_ 0.9792734_analysis_6, none, Eclipse indices (see function measure_eclipses_dt).
# zeros_1, minimum_1, peaks_2_n, peaks_1, p_2_p, minimum_1_in, zeros_1_in, minimum_1_in_mid, zeros_1_in, minimum_1_in, p_2_p, peaks_1, peaks_2_n, minimum_1, zeros_1
597882,597882,624026,633321,646191,646191,646191,646191,646191,646191,646191,659060,668557,684886,725481
858824,858824,872920,882681,895681,895681,895681,895681,895681,895681,895681,908912,918761,932114,932113
