# TIC 0210636260_morp_ 0.803_T0_ 1598.499196_P_ 0.8688272_analysis_6, none, Eclipse indices (see function measure_eclipses_dt).
# zeros_1, minimum_1, peaks_2_n, peaks_1, p_2_p, minimum_1_in, zeros_1_in, minimum_1_in_mid, zeros_1_in, minimum_1_in, p_2_p, peaks_1, peaks_2_n, minimum_1, zeros_1
452244,452243,459696,503587,577358,577358,577358,577358,577358,577358,577358,651156,694721,703017,703017
703018,703017,710009,779131,827910,827910,827910,827910,827910,827910,827910,843457,849548,952242,952242
