# TIC 0229481183_morp_ 0.263_T0_ 1958.943453_P_ 4.3444946_analysis_6, none, Eclipse indices (see function measure_eclipses_dt).
# zeros_1, minimum_1, peaks_2_n, peaks_1, p_2_p, minimum_1_in, zeros_1_in, minimum_1_in_mid, zeros_1_in, minimum_1_in, p_2_p, peaks_1, peaks_2_n, minimum_1, zeros_1
328222,329524,329621,332064,338047,338047,338047,338047,338047,338047,338047,344013,346119,346217,348162
580746,582054,582146,584251,590062,590062,590062,590062,590062,590062,590062,596202,598644,598736,599690
