# TIC 0032759110_morp_ 0.128_T0_ 1469.606308_P_ 4.0770359_analysis_6, none, Eclipse indices (see function measure_eclipses_dt).
# zeros_1, minimum_1, peaks_2_n, peaks_1, p_2_p, minimum_1_in, zeros_1_in, minimum_1_in_mid, zeros_1_in, minimum_1_in, p_2_p, peaks_1, peaks_2_n, minimum_1, zeros_1
562302,562301,563501,565023,566967,566967,566967,566967,566967,566967,566967,568912,570436,571628,571628
812135,812135,813485,815005,816974,816974,816974,816974,816974,816974,816974,818941,820464,821795,821794
