# TIC 0041998476_morp_ 0.360_T0_ 1683.435635_P_ 2.7809831_analysis_6, none, Eclipse indices (see function measure_eclipses_dt).
# zeros_1, minimum_1, peaks_2_n, peaks_1, p_2_p, minimum_1_in, zeros_1_in, minimum_1_in_mid, zeros_1_in, minimum_1_in, p_2_p, peaks_1, peaks_2_n, minimum_1, zeros_1
557773,561405,563922,571107,578629,578629,578629,578629,578629,578629,578629,586008,593448,595885,599884
808410,810636,814055,821349,828456,828456,828456,828456,828456,828456,828456,835196,843199,845768,845767
