# TIC 0275259749_morp_ 0.448_T0_ 1820.167827_P_ 4.4672314_analysis_6, none, Eclipse indices (see function measure_eclipses_dt).
# zeros_1, minimum_1, peaks_2_n, peaks_1, p_2_p, minimum_1_in, zeros_1_in, minimum_1_in_mid, zeros_1_in, minimum_1_in, p_2_p, peaks_1, peaks_2_n, minimum_1, zeros_1
158979,158978,158979,159614,160243,160244,160244,164085,167927,167927,167930,168569,169208,169209,169209
171766,171766,171768,172409,173047,173053,173052,175614,178176,178175,178176,178806,179439,179441,179440
