# TIC 0305536347_morp_ 0.636_T0_ 1518.015690_P_ 0.5452216_analysis_6, none, Eclipse indices (see function measure_eclipses_dt).
# zeros_1, minimum_1, peaks_2_n, peaks_1, p_2_p, minimum_1_in, zeros_1_in, minimum_1_in_mid, zeros_1_in, minimum_1_in, p_2_p, peaks_1, peaks_2_n, minimum_1, zeros_1
21202,21201,27940,56413,87491,87491,87491,87491,87491,87491,87491,119054,148009,152559,152558
152559,152559,152559,180789,218659,218659,218659,218659,218659,218659,218659,315881,344764,344766,344765
