# TIC 0236445129_morp_ 0.533_T0_ 1711.393919_P_ 0.9690269_analysis_6, none, Eclipse indices (see function measure_eclipses_dt).
# zeros_1, minimum_1, peaks_2_n, peaks_1, p_2_p, minimum_1_in, zeros_1_in, minimum_1_in_mid, zeros_1_in, minimum_1_in, p_2_p, peaks_1, peaks_2_n, minimum_1, zeros_1
44079,44078,47988,53779,59429,64321,64321,76502,88683,88683,93859,99595,105454,109788,109787
492971,492971,493069,497891,502764,502764,502764,502764,502764,502764,502764,507546,512321,512391,512390
