# TIC 0027112021_morp_ 0.957_T0_ 1930.396002_P_ 0.4079911_analysis_6, none, Eclipse indices (see function measure_eclipses_dt).
# zeros_1, minimum_1, peaks_2_n, peaks_1, p_2_p, minimum_1_in, zeros_1_in, minimum_1_in_mid, zeros_1_in, minimum_1_in, p_2_p, peaks_1, peaks_2_n, minimum_1, zeros_1
355617,355616,355617,418068,483961,483961,483961,483961,483961,483961,483961,547791,609508,609510,609509
609510,609510,612202,671705,731283,731283,731283,731283,731283,731283,731283,792727,852997,855616,855615
