# TIC 0220430912_morp_ 0.561_T0_ 1354.842172_P_ 2.0326671_analysis_6, none, Eclipse indices (see function measure_eclipses_dt).
# zeros_1, minimum_1, peaks_2_n, peaks_1, p_2_p, minimum_1_in, zeros_1_in, minimum_1_in_mid, zeros_1_in, minimum_1_in, p_2_p, peaks_1, peaks_2_n, minimum_1, zeros_1
412353,412353,412986,419675,426467,426467,426467,426467,426467,426467,426467,434529,442113,442521,442520
677181,677181,677556,684820,692497,692497,692497,692497,692497,692497,692497,700314,707150,709830,709829
