# TIC 0389476160_morp_ 0.490_T0_ 1325.771762_P_ 1.6287089_analysis_6, none, Eclipse indices (see function measure_eclipses_dt).
# zeros_1, minimum_1, peaks_2_n, peaks_1, p_2_p, minimum_1_in, zeros_1_in, minimum_1_in_mid, zeros_1_in, minimum_1_in, p_2_p, peaks_1, peaks_2_n, minimum_1, zeros_1
322023,322022,322043,322261,323354,323373,323372,332015,340657,340657,340676,341760,341976,341998,341998
700363,700362,700363,700577,700789,700791,700790,714692,728593,728593,728598,728816,729033,729041,729040
