# TIC 0169532369_morp_ 0.286_T0_ 1440.306694_P_ 7.2100032_analysis_6, none, Eclipse indices (see function measure_eclipses_dt).
# zeros_1, minimum_1, peaks_2_n, peaks_1, p_2_p, minimum_1_in, zeros_1_in, minimum_1_in_mid, zeros_1_in, minimum_1_in, p_2_p, peaks_1, peaks_2_n, minimum_1, zeros_1
51669,51669,52149,59175,66082,66082,66082,66082,66082,66082,66082,75570,83210,85777,85776
612946,612945,613451,621937,644262,644262,644262,644262,644262,644262,644262,687313,696552,699946,699946
