# TIC 0219765652_morp_ 0.647_T0_ 1900.404405_P_ 0.6659493_analysis_6, none, Eclipse indices (see function measure_eclipses_dt).
# zeros_1, minimum_1, peaks_2_n, peaks_1, p_2_p, minimum_1_in, zeros_1_in, minimum_1_in_mid, zeros_1_in, minimum_1_in, p_2_p, peaks_1, peaks_2_n, minimum_1, zeros_1
417197,417196,417197,440817,504441,504441,504441,504441,504441,504441,504441,540336,565126,565994,565993
801764,801764,808292,832355,859381,859381,859381,859381,859381,859381,859381,886391,910406,917196,917195
