# TIC 0238872494_morp_ 0.342_T0_ 2036.530363_P_ 1.0589856_analysis_6, none, Eclipse indices (see function measure_eclipses_dt).
# zeros_1, minimum_1, peaks_2_n, peaks_1, p_2_p, minimum_1_in, zeros_1_in, minimum_1_in_mid, zeros_1_in, minimum_1_in, p_2_p, peaks_1, peaks_2_n, minimum_1, zeros_1
249636,249635,250244,256955,264101,264101,264101,264101,264101,264101,264101,270842,277088,278169,278168
566547,566547,572782,580192,589687,589687,589687,589687,589687,589687,589687,599208,606620,612526,612525
