# TIC 0194303300_morp_ 0.348_T0_ 1766.723182_P_ 2.5019697_analysis_6, none, Eclipse indices (see function measure_eclipses_dt).
# zeros_1, minimum_1, peaks_2_n, peaks_1, p_2_p, minimum_1_in, zeros_1_in, minimum_1_in_mid, zeros_1_in, minimum_1_in, p_2_p, peaks_1, peaks_2_n, minimum_1, zeros_1
145144,145144,145144,154197,163249,163249,163249,163249,163249,163249,163249,173986,183193,186269,186269
347750,347750,353726,363948,376626,376626,376626,376626,376626,376626,376626,389520,400073,406160,406159
