# TIC 0455991789_morp_ 0.433_T0_ 1754.062983_P_ 9.1764269_analysis_6, none, Eclipse indices (see function measure_eclipses_dt).
# zeros_1, minimum_1, peaks_2_n, peaks_1, p_2_p, minimum_1_in, zeros_1_in, minimum_1_in_mid, zeros_1_in, minimum_1_in, p_2_p, peaks_1, peaks_2_n, minimum_1, zeros_1
6763,6762,6763,18295,41014,44971,44970,67174,89378,89378,94145,103560,113175,117232,117231
437609,437609,458711,466573,477565,477565,477565,477565,477565,477565,477565,491484,501887,506762,506761
