# TIC 0063368767_morp_ 0.605_T0_ 1711.704222_P_ 0.6461027_analysis_6, none, Eclipse indices (see function measure_eclipses_dt).
# zeros_1, minimum_1, peaks_2_n, peaks_1, p_2_p, minimum_1_in, zeros_1_in, minimum_1_in_mid, zeros_1_in, minimum_1_in, p_2_p, peaks_1, peaks_2_n, minimum_1, zeros_1
367641,415366,426493,435873,455845,455845,455845,455845,455845,455845,455845,473400,483164,492103,492102
543761,665545,676446,685592,704534,704534,704534,704534,704534,704534,704534,723593,733234,744456,849784
