# TIC 0196954401_morp_ 0.611_T0_ 1658.514786_P_ 3.7499836_analysis_6, none, Eclipse indices (see function measure_eclipses_dt).
# zeros_1, minimum_1, peaks_2_n, peaks_1, p_2_p, minimum_1_in, zeros_1_in, minimum_1_in_mid, zeros_1_in, minimum_1_in, p_2_p, peaks_1, peaks_2_n, minimum_1, zeros_1
294995,294994,318986,332665,351587,351587,351587,351587,351587,351587,351587,376041,385254,413848,471936
471937,554313,569048,581478,601343,601343,601343,601343,601343,601343,601343,620592,631722,660503,736932
