# TIC 0229808144_morp_ 0.120_T0_ 1325.733513_P_ 11.6102781_analysis_6, none, Eclipse indices (see function measure_eclipses_dt).
# zeros_1, minimum_1, peaks_2_n, peaks_1, p_2_p, minimum_1_in, zeros_1_in, minimum_1_in_mid, zeros_1_in, minimum_1_in, p_2_p, peaks_1, peaks_2_n, minimum_1, zeros_1
139966,139965,139966,139996,140025,140027,140026,146090,152154,152153,152154,152184,152212,152214,152213
426708,427793,427824,428339,430768,430768,430768,430768,430768,430768,430768,434047,434077,434108,436435
