# TIC 0354535363_morp_ 0.278_T0_ 1818.516960_P_ 1.7996637_analysis_6, none, Eclipse indices (see function measure_eclipses_dt).
# zeros_1, minimum_1, peaks_2_n, peaks_1, p_2_p, minimum_1_in, zeros_1_in, minimum_1_in_mid, zeros_1_in, minimum_1_in, p_2_p, peaks_1, peaks_2_n, minimum_1, zeros_1
180358,180357,183399,187566,192907,192907,192907,192907,192907,192907,192907,198235,202362,206296,206295
426760,426759,429622,433755,438908,438908,438908,438908,438908,438908,438908,444082,448202,450715,450715
