# KIC05652260_morp_0.15_T0_55001.010589_P_8.92926_analysis_6, none, Eclipse indices (see function measure_eclipses_dt).
# zeros_1, minimum_1, peaks_2_n, peaks_1, p_2_p, minimum_1_in, zeros_1_in, minimum_1_in_mid, zeros_1_in, minimum_1_in, p_2_p, peaks_1, peaks_2_n, minimum_1, zeros_1
378320,378320,380003,381807,384466,384466,384466,384466,384466,384466,384466,387175,389027,390518,390517
629111,629111,630276,632112,634887,634887,634887,634887,634887,634887,634887,637492,639169,640863,640863
