# TIC 0441641972_morp_ 0.168_T0_ 1712.131216_P_ 5.1251466_analysis_6, none, Eclipse indices (see function measure_eclipses_dt).
# zeros_1, minimum_1, peaks_2_n, peaks_1, p_2_p, minimum_1_in, zeros_1_in, minimum_1_in_mid, zeros_1_in, minimum_1_in, p_2_p, peaks_1, peaks_2_n, minimum_1, zeros_1
430496,430495,430854,440802,451940,451940,451940,451940,451940,451940,451940,463121,472980,473428,473427
473428,473428,473428,483271,490017,490017,490017,490017,490017,490017,490017,497362,499830,500251,500250
