# TIC 0038588414_morp_ 0.264_T0_ 1412.531940_P_ 3.9642364_analysis_6, none, Eclipse indices (see function measure_eclipses_dt).
# zeros_1, minimum_1, peaks_2_n, peaks_1, p_2_p, minimum_1_in, zeros_1_in, minimum_1_in_mid, zeros_1_in, minimum_1_in, p_2_p, peaks_1, peaks_2_n, minimum_1, zeros_1
186165,186165,186165,199566,217873,217873,217873,217873,217873,217873,217873,231950,232876,233862,233861
477999,477998,478720,481183,520744,520744,520744,520744,520744,520744,520744,560452,562782,563690,563690
