# TIC 0411712609_morp_ 0.969_T0_ 1598.242488_P_ 0.2902786_analysis_6, none, Eclipse indices (see function measure_eclipses_dt).
# zeros_1, minimum_1, peaks_2_n, peaks_1, p_2_p, minimum_1_in, zeros_1_in, minimum_1_in_mid, zeros_1_in, minimum_1_in, p_2_p, peaks_1, peaks_2_n, minimum_1, zeros_1
373732,373731,374004,426626,525979,525979,525979,525979,525979,525979,525979,566137,598298,619889,619889
627922,627922,629142,676598,773494,773494,773494,773494,773494,773494,773494,816137,848298,849727,869611
