# TIC 0120893542_morp_ 0.571_T0_ 1688.882491_P_ 11.2580485_analysis_6, none, Eclipse indices (see function measure_eclipses_dt).
# zeros_1, minimum_1, peaks_2_n, peaks_1, p_2_p, minimum_1_in, zeros_1_in, minimum_1_in_mid, zeros_1_in, minimum_1_in, p_2_p, peaks_1, peaks_2_n, minimum_1, zeros_1
273321,273320,273321,273353,273384,273385,273385,296400,319416,319416,319416,319448,319479,319480,319480
635678,635678,635686,635717,635877,635885,635884,671268,706653,706652,706653,706686,706717,706719,706718
