# TIC 0285392907_morp_ 0.589_T0_ 2012.369586_P_ 8.4647572_analysis_6, none, Eclipse indices (see function measure_eclipses_dt).
# zeros_1, minimum_1, peaks_2_n, peaks_1, p_2_p, minimum_1_in, zeros_1_in, minimum_1_in_mid, zeros_1_in, minimum_1_in, p_2_p, peaks_1, peaks_2_n, minimum_1, zeros_1
36031,101419,105651,123657,139871,139871,139871,139871,139871,139871,139871,154521,173066,178034,270195
270196,350746,356191,373060,389723,389723,389723,389723,389723,389723,389723,406157,422831,429260,515623
