# TIC 0365787759_morp_ 0.585_T0_ 1711.619323_P_ 0.8073952_analysis_6, none, Eclipse indices (see function measure_eclipses_dt).
# zeros_1, minimum_1, peaks_2_n, peaks_1, p_2_p, minimum_1_in, zeros_1_in, minimum_1_in_mid, zeros_1_in, minimum_1_in, p_2_p, peaks_1, peaks_2_n, minimum_1, zeros_1
72061,72061,79532,92594,116348,116348,116348,116348,116348,116348,116348,140491,153073,162914,231283
731283,818508,830115,846239,866706,866706,866706,866706,866706,866706,866706,887020,902559,914109,999999
