# TIC 0270371961_morp_ 0.378_T0_ 1412.791874_P_ 2.3681891_analysis_6, none, Eclipse indices (see function measure_eclipses_dt).
# zeros_1, minimum_1, peaks_2_n, peaks_1, p_2_p, minimum_1_in, zeros_1_in, minimum_1_in_mid, zeros_1_in, minimum_1_in, p_2_p, peaks_1, peaks_2_n, minimum_1, zeros_1
163981,163981,163981,173636,183343,183343,183343,183343,183343,183343,183343,193527,202589,204811,204810
623121,623120,625287,634331,644464,644464,644464,644464,644464,644464,644464,654233,663927,663980,663980
