# TIC 0158988347_morp_ 0.392_T0_ 1684.735958_P_ 2.4962580_analysis_6, none, Eclipse indices (see function measure_eclipses_dt).
# zeros_1, minimum_1, peaks_2_n, peaks_1, p_2_p, minimum_1_in, zeros_1_in, minimum_1_in_mid, zeros_1_in, minimum_1_in, p_2_p, peaks_1, peaks_2_n, minimum_1, zeros_1
637052,637052,640286,644332,650900,650900,650900,650900,650900,650900,650900,657142,661039,664795,664795
889922,889921,891070,894094,900875,900875,900875,900875,900875,900875,900875,908726,911773,912440,912439
