# TIC 0140867345_morp_ 0.371_T0_ 1820.093451_P_ 12.0207167_analysis_6, none, Eclipse indices (see function measure_eclipses_dt).
# zeros_1, minimum_1, peaks_2_n, peaks_1, p_2_p, minimum_1_in, zeros_1_in, minimum_1_in_mid, zeros_1_in, minimum_1_in, p_2_p, peaks_1, peaks_2_n, minimum_1, zeros_1
285181,285181,285183,285416,285649,285651,285651,292166,298681,298681,298684,298917,299150,299153,299152
364323,364323,364326,364559,364792,364796,364795,371310,377826,377825,377827,378060,378293,378295,378294
