# TIC 0434106760_morp_ 0.769_T0_ 1354.595810_P_ 0.2806312_analysis_6, none, Eclipse indices (see function measure_eclipses_dt).
# zeros_1, minimum_1, peaks_2_n, peaks_1, p_2_p, minimum_1_in, zeros_1_in, minimum_1_in_mid, zeros_1_in, minimum_1_in, p_2_p, peaks_1, peaks_2_n, minimum_1, zeros_1
118087,118087,195752,203970,238327,238327,238327,238327,238327,238327,238327,271145,293280,362385,362385
362386,362385,432604,453661,489484,489484,489484,489484,489484,489484,489484,522719,543107,618086,618086
