# TIC 0099028324_morp_ 0.256_T0_ 1567.485254_P_ 9.4043400_analysis_6, none, Eclipse indices (see function measure_eclipses_dt).
# zeros_1, minimum_1, peaks_2_n, peaks_1, p_2_p, minimum_1_in, zeros_1_in, minimum_1_in_mid, zeros_1_in, minimum_1_in, p_2_p, peaks_1, peaks_2_n, minimum_1, zeros_1
150089,150088,150864,152077,153588,153588,153588,153588,153588,153588,153588,155082,156264,157162,157161
400046,400045,400919,402073,403532,403532,403532,403532,403532,403532,403532,404983,406123,406977,406977
