# TIC 0094257578_morp_ 0.465_T0_ 1627.986181_P_ 1.1911554_analysis_6, none, Eclipse indices (see function measure_eclipses_dt).
# zeros_1, minimum_1, peaks_2_n, peaks_1, p_2_p, minimum_1_in, zeros_1_in, minimum_1_in_mid, zeros_1_in, minimum_1_in, p_2_p, peaks_1, peaks_2_n, minimum_1, zeros_1
403314,403313,403612,448496,512753,512753,512753,512753,512753,512753,512753,560171,572113,572114,572114
572115,572114,576677,581186,586076,588114,588113,593476,598840,598839,602387,607645,612737,621451,636002
