# TIC 0143959183_morp_ 0.650_T0_ 1817.411794_P_ 1.5685400_analysis_6, none, Eclipse indices (see function measure_eclipses_dt).
# zeros_1, minimum_1, peaks_2_n, peaks_1, p_2_p, minimum_1_in, zeros_1_in, minimum_1_in_mid, zeros_1_in, minimum_1_in, p_2_p, peaks_1, peaks_2_n, minimum_1, zeros_1
34674,126043,131110,146918,172640,172640,172640,172640,172640,172640,172640,199507,216230,221391,285529
285530,375973,381106,397941,422871,422871,422871,422871,422871,422871,422871,448709,466229,471433,534673
