# TIC 0417734853_morp_ 0.148_T0_ 1961.011616_P_ 11.4462212_analysis_6, none, Eclipse indices (see function measure_eclipses_dt).
# zeros_1, minimum_1, peaks_2_n, peaks_1, p_2_p, minimum_1_in, zeros_1_in, minimum_1_in_mid, zeros_1_in, minimum_1_in, p_2_p, peaks_1, peaks_2_n, minimum_1, zeros_1
142889,143387,143420,145367,147187,147219,148615,148846,150097,150474,150507,153348,154912,154945,155828
444960,446866,446898,446930,450411,450436,450435,453409,453451,456383,456415,456447,458139,458163,458162
