# TIC 0441764197_morp_ 0.727_T0_ 2010.344510_P_ 0.2728818_analysis_6, none, Eclipse indices (see function measure_eclipses_dt).
# zeros_1, minimum_1, peaks_2_n, peaks_1, p_2_p, minimum_1_in, zeros_1_in, minimum_1_in_mid, zeros_1_in, minimum_1_in, p_2_p, peaks_1, peaks_2_n, minimum_1, zeros_1
494663,494663,560732,583055,614354,614354,614354,614354,614354,614354,614354,645837,668309,737186,737186
737187,737186,810282,833720,865018,865018,865018,865018,865018,865018,865018,894880,919195,994662,994662
