# TIC 0260703820_morp_ 0.236_T0_ 1730.669179_P_ 27.0977052_analysis_6, none, Eclipse indices (see function measure_eclipses_dt).
# zeros_1, minimum_1, peaks_2_n, peaks_1, p_2_p, minimum_1_in, zeros_1_in, minimum_1_in_mid, zeros_1_in, minimum_1_in, p_2_p, peaks_1, peaks_2_n, minimum_1, zeros_1
380172,380172,380172,380195,380219,380219,380219,380219,380219,380219,380219,380242,380264,380266,380265
696973,696973,696973,696996,697018,697020,697019,697160,697301,697301,697301,697324,697346,697348,697347
