# TIC 0451960523_morp_ 0.552_T0_ 1570.866672_P_ 2.4461201_analysis_6, none, Eclipse indices (see function measure_eclipses_dt).
# zeros_1, minimum_1, peaks_2_n, peaks_1, p_2_p, minimum_1_in, zeros_1_in, minimum_1_in_mid, zeros_1_in, minimum_1_in, p_2_p, peaks_1, peaks_2_n, minimum_1, zeros_1
623740,623740,623740,624013,624286,624287,624287,642361,660436,660435,660436,660707,660975,660977,660976
695878,704594,704871,705146,709840,710054,710053,718135,726217,726216,726420,732202,732473,732749,743487
