# TIC 0287669537_morp_ 0.579_T0_ 1599.393178_P_ 1.2950907_analysis_6, none, Eclipse indices (see function measure_eclipses_dt).
# zeros_1, minimum_1, peaks_2_n, peaks_1, p_2_p, minimum_1_in, zeros_1_in, minimum_1_in_mid, zeros_1_in, minimum_1_in, p_2_p, peaks_1, peaks_2_n, minimum_1, zeros_1
452169,452168,455966,464621,483458,483458,483458,483458,483458,483458,483458,502450,511073,515133,515132
618190,702177,705890,709963,734094,734094,734094,734094,734094,734094,734094,773370,804696,806897,850800
