# TIC 0271550131_morp_ 0.824_T0_ 1468.636698_P_ 0.3549805_analysis_6, none, Eclipse indices (see function measure_eclipses_dt).
# zeros_1, minimum_1, peaks_2_n, peaks_1, p_2_p, minimum_1_in, zeros_1_in, minimum_1_in_mid, zeros_1_in, minimum_1_in, p_2_p, peaks_1, peaks_2_n, minimum_1, zeros_1
227198,227197,232149,294780,360893,360893,360893,360893,360893,360893,360893,424480,485562,490874,490874
490875,490874,490875,548038,606409,606409,606409,606409,606409,606409,606409,668076,727195,727197,727196
