# TIC 0270700608_morp_ 0.205_T0_ 1688.824719_P_ 23.8710646_analysis_6, none, Eclipse indices (see function measure_eclipses_dt).
# zeros_1, minimum_1, peaks_2_n, peaks_1, p_2_p, minimum_1_in, zeros_1_in, minimum_1_in_mid, zeros_1_in, minimum_1_in, p_2_p, peaks_1, peaks_2_n, minimum_1, zeros_1
315734,315733,316857,320500,324804,324804,324804,324804,324804,324804,324804,328657,331966,333412,333411
561569,561569,566230,569685,574273,574273,574273,574273,574273,574273,574273,578942,582467,586037,586036
