# TIC 0313193981_morp_ 0.120_T0_ 1815.071306_P_ 50.8632251_analysis_6, none, Eclipse indices (see function measure_eclipses_dt).
# zeros_1, minimum_1, peaks_2_n, peaks_1, p_2_p, minimum_1_in, zeros_1_in, minimum_1_in_mid, zeros_1_in, minimum_1_in, p_2_p, peaks_1, peaks_2_n, minimum_1, zeros_1
394763,394762,394763,394818,394872,394874,394873,394985,395096,395096,395096,395152,395206,395208,395207
644763,644762,644763,644818,644872,644874,644873,644985,645096,645096,645096,645152,645206,645208,645207
