# TIC 0167201539_morp_ 0.152_T0_ 1631.545445_P_ 9.4689278_analysis_6, none, Eclipse indices (see function measure_eclipses_dt).
# zeros_1, minimum_1, peaks_2_n, peaks_1, p_2_p, minimum_1_in, zeros_1_in, minimum_1_in_mid, zeros_1_in, minimum_1_in, p_2_p, peaks_1, peaks_2_n, minimum_1, zeros_1
253236,253235,253237,254241,255200,255281,255280,260839,266398,266397,266456,267412,268393,268401,268401
803458,803457,803558,804557,805654,805654,805654,805654,805654,805654,805654,806624,807564,807690,807689
