# TIC 0196740034_morp_ 0.523_T0_ 1764.932746_P_ 1.8276701_analysis_6, none, Eclipse indices (see function measure_eclipses_dt).
# zeros_1, minimum_1, peaks_2_n, peaks_1, p_2_p, minimum_1_in, zeros_1_in, minimum_1_in_mid, zeros_1_in, minimum_1_in, p_2_p, peaks_1, peaks_2_n, minimum_1, zeros_1
493782,493781,501320,521733,535866,535866,535866,535866,535866,535866,535866,550472,570101,578304,578303
752323,752323,772770,777535,783989,783991,783990,794253,804516,804515,806576,812314,818448,819757,819756
