# TIC 0239187696_morp_ 0.460_T0_ 1843.314131_P_ 0.8143008_analysis_6, none, Eclipse indices (see function measure_eclipses_dt).
# zeros_1, minimum_1, peaks_2_n, peaks_1, p_2_p, minimum_1_in, zeros_1_in, minimum_1_in_mid, zeros_1_in, minimum_1_in, p_2_p, peaks_1, peaks_2_n, minimum_1, zeros_1
437457,437457,448905,456914,467654,467654,467654,467654,467654,467654,467654,478390,486441,497295,497295
689289,689288,698928,706967,717619,717619,717619,717619,717619,717619,717619,728325,736423,745875,745875
