# TIC 0372759279_morp_ 0.598_T0_ 1842.794744_P_ 1.2383845_analysis_6, none, Eclipse indices (see function measure_eclipses_dt).
# zeros_1, minimum_1, peaks_2_n, peaks_1, p_2_p, minimum_1_in, zeros_1_in, minimum_1_in_mid, zeros_1_in, minimum_1_in, p_2_p, peaks_1, peaks_2_n, minimum_1, zeros_1
394039,396039,399102,419946,439668,439668,439668,439668,439668,439668,439668,459289,480168,483171,494180
637410,650544,651345,665482,679493,680422,681695,689669,697624,698916,702013,718256,730181,730970,735153
