# TIC 0255921197_morp_ 0.542_T0_ 1901.233030_P_ 0.8892865_analysis_6, none, Eclipse indices (see function measure_eclipses_dt).
# zeros_1, minimum_1, peaks_2_n, peaks_1, p_2_p, minimum_1_in, zeros_1_in, minimum_1_in_mid, zeros_1_in, minimum_1_in, p_2_p, peaks_1, peaks_2_n, minimum_1, zeros_1
161710,161709,161710,165891,173497,173497,173497,173497,173497,173497,173497,271155,277847,281783,281783
574531,574530,584296,595324,618014,618014,618014,618014,618014,618014,618014,640794,651953,661709,661708
