# TIC 0028351918_morp_ 0.550_T0_ 1765.106366_P_ 0.5150875_analysis_6, none, Eclipse indices (see function measure_eclipses_dt).
# zeros_1, minimum_1, peaks_2_n, peaks_1, p_2_p, minimum_1_in, zeros_1_in, minimum_1_in_mid, zeros_1_in, minimum_1_in, p_2_p, peaks_1, peaks_2_n, minimum_1, zeros_1
105783,105782,113046,128650,142204,142204,142204,142204,142204,142204,142204,155147,171441,179110,179109
357432,357432,362914,379111,392034,392034,392034,392034,392034,392034,392034,405866,421170,427113,427113
