# TIC 0047380518_morp_ 0.525_T0_ 1545.457729_P_ 1.0953775_analysis_6, none, Eclipse indices (see function measure_eclipses_dt).
# zeros_1, minimum_1, peaks_2_n, peaks_1, p_2_p, minimum_1_in, zeros_1_in, minimum_1_in_mid, zeros_1_in, minimum_1_in, p_2_p, peaks_1, peaks_2_n, minimum_1, zeros_1
466720,466720,475744,482792,490009,495747,495746,500882,506017,506017,512560,519648,526629,536016,536016
718455,718454,725045,732104,739126,746435,746434,751234,756033,756033,762934,770350,777927,783446,783445
