# TIC 0381011161_morp_ 0.583_T0_ 1712.026491_P_ 1.3125371_analysis_6, none, Eclipse indices (see function measure_eclipses_dt).
# zeros_1, minimum_1, peaks_2_n, peaks_1, p_2_p, minimum_1_in, zeros_1_in, minimum_1_in_mid, zeros_1_in, minimum_1_in, p_2_p, peaks_1, peaks_2_n, minimum_1, zeros_1
44845,44844,59070,78862,103362,103362,103362,103362,103362,103362,103362,140035,147813,162687,162686
228095,294864,305014,340206,353554,353554,353554,353554,353554,353554,353554,366250,402249,411240,503195
