# TIC 0099982385_morp_ 0.504_T0_ 1691.636502_P_ 18.5665156_analysis_6, none, Eclipse indices (see function measure_eclipses_dt).
# zeros_1, minimum_1, peaks_2_n, peaks_1, p_2_p, minimum_1_in, zeros_1_in, minimum_1_in_mid, zeros_1_in, minimum_1_in, p_2_p, peaks_1, peaks_2_n, minimum_1, zeros_1
563815,563815,563815,563834,563854,563854,563854,563854,563854,563854,563854,563873,563891,563892,563892
644170,644170,644170,644189,644209,644209,644209,644209,644209,644209,644209,644228,644246,644247,644247
