# TIC 0174949325_morp_ 0.293_T0_ 1817.425413_P_ 2.2407828_analysis_6, none, Eclipse indices (see function measure_eclipses_dt).
# zeros_1, minimum_1, peaks_2_n, peaks_1, p_2_p, minimum_1_in, zeros_1_in, minimum_1_in_mid, zeros_1_in, minimum_1_in, p_2_p, peaks_1, peaks_2_n, minimum_1, zeros_1
245746,245746,247134,251133,255732,255732,255732,255732,255732,255732,255732,260670,264776,266400,266400
492155,492154,495556,500224,506126,506126,506126,506126,506126,506126,506126,512045,516746,519843,519842
