# TIC 0312286761_morp_ 0.802_T0_ 1711.448260_P_ 0.5099985_analysis_6, none, Eclipse indices (see function measure_eclipses_dt).
# zeros_1, minimum_1, peaks_2_n, peaks_1, p_2_p, minimum_1_in, zeros_1_in, minimum_1_in_mid, zeros_1_in, minimum_1_in, p_2_p, peaks_1, peaks_2_n, minimum_1, zeros_1
142080,142079,218310,240248,272946,272946,272946,272946,272946,272946,272946,306050,328091,399712,399712
399713,399712,404668,495305,522770,522770,522770,522770,522770,522770,522770,550673,638617,642079,642078
