# TIC 0189349514_morp_ 0.578_T0_ 1545.360982_P_ 2.5142319_analysis_6, none, Eclipse indices (see function measure_eclipses_dt).
# zeros_1, minimum_1, peaks_2_n, peaks_1, p_2_p, minimum_1_in, zeros_1_in, minimum_1_in_mid, zeros_1_in, minimum_1_in, p_2_p, peaks_1, peaks_2_n, minimum_1, zeros_1
524528,524527,529862,537939,550091,550091,550091,550091,550091,550091,550091,555497,561577,561579,561578
686953,708091,717380,726030,798731,798731,798731,798731,798731,798731,798731,866936,904769,905957,905956
