# TIC 0140661916_morp_ 0.596_T0_ 1492.084307_P_ 0.5219397_analysis_6, none, Eclipse indices (see function measure_eclipses_dt).
# zeros_1, minimum_1, peaks_2_n, peaks_1, p_2_p, minimum_1_in, zeros_1_in, minimum_1_in_mid, zeros_1_in, minimum_1_in, p_2_p, peaks_1, peaks_2_n, minimum_1, zeros_1
433978,433978,438661,449214,469272,469272,469272,469272,469272,469272,469272,492196,503065,511760,553991
583511,677715,688611,700238,721436,721436,721436,721436,721436,721436,721436,741576,753039,763282,856089
