# TIC 0234523599_morp_ 0.205_T0_ 1329.447192_P_ 3.7955235_analysis_6, none, Eclipse indices (see function measure_eclipses_dt).
# zeros_1, minimum_1, peaks_2_n, peaks_1, p_2_p, minimum_1_in, zeros_1_in, minimum_1_in_mid, zeros_1_in, minimum_1_in, p_2_p, peaks_1, peaks_2_n, minimum_1, zeros_1
352981,352981,354099,359468,364770,366180,366180,374305,382430,382430,384359,389526,394669,397301,397301
696684,696683,698376,703623,708924,710347,710346,719187,728028,728027,729140,734755,739814,742541,742540
