# TIC 0355651035_morp_ 0.777_T0_ 1325.425427_P_ 0.5842278_analysis_6, none, Eclipse indices (see function measure_eclipses_dt).
# zeros_1, minimum_1, peaks_2_n, peaks_1, p_2_p, minimum_1_in, zeros_1_in, minimum_1_in_mid, zeros_1_in, minimum_1_in, p_2_p, peaks_1, peaks_2_n, minimum_1, zeros_1
0,27195,28840,49247,86764,86764,86764,86764,86764,86764,86764,122738,143121,144777,210225
210226,279437,281222,301598,336594,336594,336594,336594,336594,336594,336594,374970,390739,392522,462144
