# TIC 0088571421_morp_ 0.255_T0_ 1413.382083_P_ 3.1905328_analysis_6, none, Eclipse indices (see function measure_eclipses_dt).
# zeros_1, minimum_1, peaks_2_n, peaks_1, p_2_p, minimum_1_in, zeros_1_in, minimum_1_in_mid, zeros_1_in, minimum_1_in, p_2_p, peaks_1, peaks_2_n, minimum_1, zeros_1
407549,407548,407839,411918,418736,418736,418736,418736,418736,418736,418736,427413,431489,431747,431746
635382,635382,635932,639302,642811,642813,642812,759581,876349,876349,876349,880378,883778,885938,885937
