# TIC 0441406061_morp_ 0.594_T0_ 1326.180363_P_ 3.0182392_analysis_6, none, Eclipse indices (see function measure_eclipses_dt).
# zeros_1, minimum_1, peaks_2_n, peaks_1, p_2_p, minimum_1_in, zeros_1_in, minimum_1_in_mid, zeros_1_in, minimum_1_in, p_2_p, peaks_1, peaks_2_n, minimum_1, zeros_1
112756,112755,120625,151155,185629,185629,185629,185629,185629,185629,185629,220753,250918,258487,258487
424381,424381,424381,430694,437169,437169,437169,437169,437169,437169,437169,444186,450251,450253,450252
