# TIC 0031810287_morp_ 0.233_T0_ 1519.989686_P_ 4.7615506_analysis_6, none, Eclipse indices (see function measure_eclipses_dt).
# zeros_1, minimum_1, peaks_2_n, peaks_1, p_2_p, minimum_1_in, zeros_1_in, minimum_1_in_mid, zeros_1_in, minimum_1_in, p_2_p, peaks_1, peaks_2_n, minimum_1, zeros_1
280148,280147,282058,287037,293819,293819,293819,293819,293819,293819,293819,309023,312871,312872,312872
812872,812872,816104,820983,827054,827054,827054,827054,827054,827054,827054,833185,838091,841222,841221
