# TIC 0245863693_morp_ 0.487_T0_ 1439.004233_P_ 1.0774030_analysis_6, none, Eclipse indices (see function measure_eclipses_dt).
# zeros_1, minimum_1, peaks_2_n, peaks_1, p_2_p, minimum_1_in, zeros_1_in, minimum_1_in_mid, zeros_1_in, minimum_1_in, p_2_p, peaks_1, peaks_2_n, minimum_1, zeros_1
214166,216622,217069,225783,239495,239495,239495,239495,239495,239495,239495,252926,263030,263476,265890
463461,465862,466376,477867,489565,489565,489565,489565,489565,489565,489565,502224,512336,512871,515331
