# TIC 0032000625_morp_ 0.535_T0_ 1325.808859_P_ 0.7017512_analysis_6, none, Eclipse indices (see function measure_eclipses_dt).
# zeros_1, minimum_1, peaks_2_n, peaks_1, p_2_p, minimum_1_in, zeros_1_in, minimum_1_in_mid, zeros_1_in, minimum_1_in, p_2_p, peaks_1, peaks_2_n, minimum_1, zeros_1
599893,599892,614675,624773,639603,639603,639603,639603,639603,639603,639603,654544,664636,679605,679604
848393,848392,865125,874870,889566,889566,889566,889566,889566,889566,889566,904264,914038,929668,929668
