# TIC 0277373390_morp_ 0.528_T0_ 1657.168219_P_ 1.1678694_analysis_6, none, Eclipse indices (see function measure_eclipses_dt).
# zeros_1, minimum_1, peaks_2_n, peaks_1, p_2_p, minimum_1_in, zeros_1_in, minimum_1_in_mid, zeros_1_in, minimum_1_in, p_2_p, peaks_1, peaks_2_n, minimum_1, zeros_1
195012,195011,196482,220164,227757,227757,227757,227757,227757,227757,227757,240251,259133,260860,260860
445303,445303,446486,461843,477600,477600,477600,477600,477600,477600,477600,489955,509138,510280,510280
