# TIC 0147131974_morp_ 0.593_T0_ 1325.718359_P_ 0.8016887_analysis_6, none, Eclipse indices (see function measure_eclipses_dt).
# zeros_1, minimum_1, peaks_2_n, peaks_1, p_2_p, minimum_1_in, zeros_1_in, minimum_1_in_mid, zeros_1_in, minimum_1_in, p_2_p, peaks_1, peaks_2_n, minimum_1, zeros_1
0,5618,13452,33011,54723,54723,54723,54723,54723,54723,54723,80481,94525,102390,177927
177928,253167,263226,282503,303473,303473,303473,303473,303473,303473,303473,324576,344068,353617,442887
