# TIC 0458859193_morp_ 0.608_T0_ 1569.395482_P_ 1.1499140_analysis_6, none, Eclipse indices (see function measure_eclipses_dt).
# zeros_1, minimum_1, peaks_2_n, peaks_1, p_2_p, minimum_1_in, zeros_1_in, minimum_1_in_mid, zeros_1_in, minimum_1_in, p_2_p, peaks_1, peaks_2_n, minimum_1, zeros_1
205519,205518,205519,247185,288852,288852,288852,288852,288852,288852,288852,330518,372183,372185,372184
538852,538851,538852,580518,622185,622185,622185,622185,622185,622185,622185,663851,705516,705518,705517
