# TIC 0052641430_morp_ 0.536_T0_ 1469.489928_P_ 1.6700757_analysis_6, none, Eclipse indices (see function measure_eclipses_dt).
# zeros_1, minimum_1, peaks_2_n, peaks_1, p_2_p, minimum_1_in, zeros_1_in, minimum_1_in_mid, zeros_1_in, minimum_1_in, p_2_p, peaks_1, peaks_2_n, minimum_1, zeros_1
189664,189664,189664,205289,220914,220914,220914,220914,220914,220914,220914,236539,252162,252164,252163
252164,252164,252164,267789,283414,283414,283414,283414,283414,283414,283414,299039,314662,314664,314663
