# TIC 0278706358_morp_ 0.225_T0_ 1331.339464_P_ 6.9025229_analysis_6, none, Eclipse indices (see function measure_eclipses_dt).
# zeros_1, minimum_1, peaks_2_n, peaks_1, p_2_p, minimum_1_in, zeros_1_in, minimum_1_in_mid, zeros_1_in, minimum_1_in, p_2_p, peaks_1, peaks_2_n, minimum_1, zeros_1
451889,451888,454801,457707,461635,461635,461635,461635,461635,461635,461635,465535,468391,471478,471477
703452,703451,706141,708890,712972,712972,712972,712972,712972,712972,712972,717083,719868,722365,722364
