# TIC 0154664604_morp_ 0.752_T0_ 1984.133223_P_ 0.4215231_analysis_6, none, Eclipse indices (see function measure_eclipses_dt).
# zeros_1, minimum_1, peaks_2_n, peaks_1, p_2_p, minimum_1_in, zeros_1_in, minimum_1_in_mid, zeros_1_in, minimum_1_in, p_2_p, peaks_1, peaks_2_n, minimum_1, zeros_1
312781,312781,385491,406328,437808,437808,437808,437808,437808,437808,437808,472618,492878,564639,564639
564640,605363,631131,649466,689577,689577,689577,689577,689577,689577,689577,723124,746980,812780,812780
