# TIC 0128902999_morp_ 0.307_T0_ 1499.703476_P_ 3.3791588_analysis_6, none, Eclipse indices (see function measure_eclipses_dt).
# zeros_1, minimum_1, peaks_2_n, peaks_1, p_2_p, minimum_1_in, zeros_1_in, minimum_1_in_mid, zeros_1_in, minimum_1_in, p_2_p, peaks_1, peaks_2_n, minimum_1, zeros_1
121892,121891,123812,128898,134931,134931,134931,134931,134931,134931,134931,140884,145812,148371,148370
370109,370108,373017,378250,384692,384692,384692,384692,384692,384692,384692,391127,396314,399454,399453
