# TIC 0161570793_morp_ 0.753_T0_ 1438.120242_P_ 0.2762364_analysis_6, none, Eclipse indices (see function measure_eclipses_dt).
# zeros_1, minimum_1, peaks_2_n, peaks_1, p_2_p, minimum_1_in, zeros_1_in, minimum_1_in_mid, zeros_1_in, minimum_1_in, p_2_p, peaks_1, peaks_2_n, minimum_1, zeros_1
152423,152422,227845,248752,280175,280175,280175,280175,280175,280175,280175,310310,331211,407941,407940
407941,407941,423472,496437,528811,528811,528811,528811,528811,528811,528811,561775,636210,652422,652421
