# TIC 0279204281_morp_ 0.368_T0_ 1792.309777_P_ 2.3741383_analysis_6, none, Eclipse indices (see function measure_eclipses_dt).
# zeros_1, minimum_1, peaks_2_n, peaks_1, p_2_p, minimum_1_in, zeros_1_in, minimum_1_in_mid, zeros_1_in, minimum_1_in, p_2_p, peaks_1, peaks_2_n, minimum_1, zeros_1
380021,380021,380048,381253,382460,382483,382482,394520,406558,406557,406565,407772,408974,408990,408989
822107,822106,822107,823299,824477,824479,824478,834157,843837,843836,843851,845053,846260,846261,846261
