# TIC 0237277760_morp_ 0.514_T0_ 1683.484806_P_ 1.6820057_analysis_6, none, Eclipse indices (see function measure_eclipses_dt).
# zeros_1, minimum_1, peaks_2_n, peaks_1, p_2_p, minimum_1_in, zeros_1_in, minimum_1_in_mid, zeros_1_in, minimum_1_in, p_2_p, peaks_1, peaks_2_n, minimum_1, zeros_1
608995,639459,647144,666983,676476,676476,676476,676476,676476,676476,676476,686229,706127,714156,743624
743625,743624,744970,754572,777157,777157,777157,777157,777157,777157,777157,797584,807684,810102,810102
