# TIC 0387513120_morp_ 0.862_T0_ 1411.134470_P_ 0.3036332_analysis_6, none, Eclipse indices (see function measure_eclipses_dt).
# zeros_1, minimum_1, peaks_2_n, peaks_1, p_2_p, minimum_1_in, zeros_1_in, minimum_1_in_mid, zeros_1_in, minimum_1_in, p_2_p, peaks_1, peaks_2_n, minimum_1, zeros_1
461853,461853,527368,548697,583681,583681,583681,583681,583681,583681,583681,627906,698913,703291,703290
703291,703291,776700,795497,809598,818533,818533,833321,848109,848109,857144,870573,891308,961852,961852
