# TIC 0233576872_morp_ 0.619_T0_ 1956.808600_P_ 1.5178214_analysis_6, none, Eclipse indices (see function measure_eclipses_dt).
# zeros_1, minimum_1, peaks_2_n, peaks_1, p_2_p, minimum_1_in, zeros_1_in, minimum_1_in_mid, zeros_1_in, minimum_1_in, p_2_p, peaks_1, peaks_2_n, minimum_1, zeros_1
227489,227489,234634,242635,260331,260331,260331,260331,260331,260331,260331,278197,285258,294538,312434
428059,428059,430013,440676,508632,508632,508632,508632,508632,508632,508632,527216,533696,541257,576252
