# TIC 0103605167_morp_ 0.149_T0_ 1688.172670_P_ 8.4568659_analysis_6, none, Eclipse indices (see function measure_eclipses_dt).
# zeros_1, minimum_1, peaks_2_n, peaks_1, p_2_p, minimum_1_in, zeros_1_in, minimum_1_in_mid, zeros_1_in, minimum_1_in, p_2_p, peaks_1, peaks_2_n, minimum_1, zeros_1
121454,121454,122675,124371,128380,128380,128380,128380,128380,128380,128380,132329,134052,135271,135271
483836,483835,485180,487152,490767,490767,490767,490767,490767,490767,490767,494399,496338,497704,497703
