# TIC 0452575636_morp_ 0.425_T0_ 1569.013432_P_ 2.0422585_analysis_6, none, Eclipse indices (see function measure_eclipses_dt).
# zeros_1, minimum_1, peaks_2_n, peaks_1, p_2_p, minimum_1_in, zeros_1_in, minimum_1_in_mid, zeros_1_in, minimum_1_in, p_2_p, peaks_1, peaks_2_n, minimum_1, zeros_1
612118,612117,614250,616874,619477,622221,626130,628841,629729,635461,636338,640599,641521,643801,643800
862660,862659,864976,865844,877625,877625,877625,877625,877625,877625,877625,889541,892246,894419,894418
