# TIC 0348762908_morp_ 0.468_T0_ 1327.640363_P_ 2.0442294_analysis_6, none, Eclipse indices (see function measure_eclipses_dt).
# zeros_1, minimum_1, peaks_2_n, peaks_1, p_2_p, minimum_1_in, zeros_1_in, minimum_1_in_mid, zeros_1_in, minimum_1_in, p_2_p, peaks_1, peaks_2_n, minimum_1, zeros_1
249185,249184,251646,263372,273007,273007,273007,273007,273007,273007,273007,282560,294271,297026,297558
499136,499135,501646,517482,522998,522998,522998,522998,522998,522998,522998,529238,544269,547075,547445
