# TIC 0159105713_morp_ 0.962_T0_ 1683.579895_P_ 0.5749414_analysis_6, none, Eclipse indices (see function measure_eclipses_dt).
# zeros_1, minimum_1, peaks_2_n, peaks_1, p_2_p, minimum_1_in, zeros_1_in, minimum_1_in_mid, zeros_1_in, minimum_1_in, p_2_p, peaks_1, peaks_2_n, minimum_1, zeros_1
131257,131256,131257,198837,260370,260370,260370,260370,260370,260370,260370,319686,380825,387912,387911
387912,387912,387912,458133,509489,509489,509489,509489,509489,509489,509489,558837,625064,631256,631255
