# TIC 0186514178_morp_ 0.221_T0_ 1766.691128_P_ 15.9038388_analysis_6, none, Eclipse indices (see function measure_eclipses_dt).
# zeros_1, minimum_1, peaks_2_n, peaks_1, p_2_p, minimum_1_in, zeros_1_in, minimum_1_in_mid, zeros_1_in, minimum_1_in, p_2_p, peaks_1, peaks_2_n, minimum_1, zeros_1
28922,28921,29771,32840,40929,40929,40929,40929,40929,40929,40929,44604,46946,47990,47990
273482,273481,274824,277106,280841,280841,280841,280841,280841,280841,280841,288320,290858,291676,291676
