# KIC06148271_morp_0.57_T0_54966.114761_P_1.7852901_analysis_6, none, Eclipse indices (see function measure_eclipses_dt).
# zeros_1, minimum_1, peaks_2_n, peaks_1, p_2_p, minimum_1_in, zeros_1_in, minimum_1_in_mid, zeros_1_in, minimum_1_in, p_2_p, peaks_1, peaks_2_n, minimum_1, zeros_1
372604,372604,382078,392949,405124,409259,409258,430685,452113,452112,457459,485362,505098,511545,511545
673544,673544,686087,699936,717773,717773,717773,717773,717773,717773,717773,736679,750889,767127,767127
