# TIC 0181043970_morp_ 0.579_T0_ 1325.822823_P_ 0.8709147_analysis_6, none, Eclipse indices (see function measure_eclipses_dt).
# zeros_1, minimum_1, peaks_2_n, peaks_1, p_2_p, minimum_1_in, zeros_1_in, minimum_1_in_mid, zeros_1_in, minimum_1_in, p_2_p, peaks_1, peaks_2_n, minimum_1, zeros_1
338686,412434,420513,454532,471161,471161,471161,471161,471161,471161,471161,488646,521855,528843,606162
615967,667271,669788,691146,721281,721281,721281,721281,721281,721281,721281,751053,772293,779051,819058
