# TIC 0456609929_morp_ 0.273_T0_ 1657.967801_P_ 4.5671749_analysis_6, none, Eclipse indices (see function measure_eclipses_dt).
# zeros_1, minimum_1, peaks_2_n, peaks_1, p_2_p, minimum_1_in, zeros_1_in, minimum_1_in_mid, zeros_1_in, minimum_1_in, p_2_p, peaks_1, peaks_2_n, minimum_1, zeros_1
627035,627035,627101,630579,630656,630733,632874,633912,637092,637092,637146,643252,644876,644918,644918
875283,875282,875322,880813,886909,886909,886909,886909,886909,886909,886909,892093,892170,895942,895942
