# TIC 0170634116_morp_ 0.337_T0_ 1412.891461_P_ 3.6623971_analysis_6, none, Eclipse indices (see function measure_eclipses_dt).
# zeros_1, minimum_1, peaks_2_n, peaks_1, p_2_p, minimum_1_in, zeros_1_in, minimum_1_in_mid, zeros_1_in, minimum_1_in, p_2_p, peaks_1, peaks_2_n, minimum_1, zeros_1
12394,12393,12394,17265,26210,26210,26210,26210,26210,26210,26210,34136,39035,39037,39036
484137,484137,484137,498239,501870,501870,501870,501870,501870,501870,501870,507491,512106,512393,512392
