# TIC 0458875828_morp_ 0.615_T0_ 1792.345324_P_ 2.3110325_analysis_6, none, Eclipse indices (see function measure_eclipses_dt).
# zeros_1, minimum_1, peaks_2_n, peaks_1, p_2_p, minimum_1_in, zeros_1_in, minimum_1_in_mid, zeros_1_in, minimum_1_in, p_2_p, peaks_1, peaks_2_n, minimum_1, zeros_1
0,2306,2531,25511,43620,43620,43620,43620,43620,43620,43620,64847,83414,83640,87977
245818,252300,252531,274041,293062,293062,293062,293062,293062,293062,293062,314111,333413,333645,340886
