# TIC 0035101462_morp_ 0.210_T0_ 1413.826295_P_ 4.1729015_analysis_6, none, Eclipse indices (see function measure_eclipses_dt).
# zeros_1, minimum_1, peaks_2_n, peaks_1, p_2_p, minimum_1_in, zeros_1_in, minimum_1_in_mid, zeros_1_in, minimum_1_in, p_2_p, peaks_1, peaks_2_n, minimum_1, zeros_1
486865,486865,490535,492490,497217,497217,497217,497217,497217,497217,497217,501947,503799,507267,507266
737626,737625,739940,743213,747081,747081,747081,747081,747081,747081,747081,750986,754373,756607,756606
