# TIC 0050758245_morp_ 0.561_T0_ 1494.992461_P_ 4.5147347_analysis_6, none, Eclipse indices (see function measure_eclipses_dt).
# zeros_1, minimum_1, peaks_2_n, peaks_1, p_2_p, minimum_1_in, zeros_1_in, minimum_1_in_mid, zeros_1_in, minimum_1_in, p_2_p, peaks_1, peaks_2_n, minimum_1, zeros_1
511629,532495,545683,552913,562500,562500,562500,562500,562500,562500,562500,572537,579823,592977,613876
763657,763656,786751,793377,803631,803631,803631,803631,803631,803631,803631,812937,857573,857575,857574
