# TIC 0252914221_morp_ 0.076_T0_ 1847.860969_P_ 19.5468227_analysis_6, none, Eclipse indices (see function measure_eclipses_dt).
# zeros_1, minimum_1, peaks_2_n, peaks_1, p_2_p, minimum_1_in, zeros_1_in, minimum_1_in_mid, zeros_1_in, minimum_1_in, p_2_p, peaks_1, peaks_2_n, minimum_1, zeros_1
301423,301423,301432,301451,301545,301555,301554,302600,303646,303645,303654,303748,303767,303776,303775
322518,322518,322518,322537,322555,322556,322556,339424,356293,356293,356293,356312,356329,356331,356330
