# TIC 0279224984_morp_ 0.797_T0_ 1411.391424_P_ 1.0642167_analysis_6, none, Eclipse indices (see function measure_eclipses_dt).
# zeros_1, minimum_1, peaks_2_n, peaks_1, p_2_p, minimum_1_in, zeros_1_in, minimum_1_in_mid, zeros_1_in, minimum_1_in, p_2_p, peaks_1, peaks_2_n, minimum_1, zeros_1
198468,198467,199114,203133,208719,208719,208719,208719,208719,208719,208719,222332,226587,227267,227266
335551,335550,398414,428450,462242,462242,462242,462242,462242,462242,462242,495718,513298,586940,586940
