# TIC 0160036449_morp_ 0.540_T0_ 1326.833995_P_ 1.8931745_analysis_6, none, Eclipse indices (see function measure_eclipses_dt).
# zeros_1, minimum_1, peaks_2_n, peaks_1, p_2_p, minimum_1_in, zeros_1_in, minimum_1_in_mid, zeros_1_in, minimum_1_in, p_2_p, peaks_1, peaks_2_n, minimum_1, zeros_1
76706,76706,76725,76911,77096,77116,77116,95002,112889,112888,112938,113863,114048,114094,114094
323348,323348,323409,323595,324522,324587,324587,344671,364755,364755,364820,365748,365934,366001,366000
