# TIC 0401926767_morp_ 0.059_T0_ 1442.269792_P_ 13.6020534_analysis_6, none, Eclipse indices (see function measure_eclipses_dt).
# zeros_1, minimum_1, peaks_2_n, peaks_1, p_2_p, minimum_1_in, zeros_1_in, minimum_1_in_mid, zeros_1_in, minimum_1_in, p_2_p, peaks_1, peaks_2_n, minimum_1, zeros_1
38378,38378,39966,40329,41359,41359,41359,41359,41359,41359,41359,42393,44206,44235,44336
176826,176826,180184,180324,181406,181406,181406,181406,181406,181406,181406,182498,185651,185672,185672
