# TIC 0354023414_morp_ 0.551_T0_ 1817.543386_P_ 1.3532158_analysis_6, none, Eclipse indices (see function measure_eclipses_dt).
# zeros_1, minimum_1, peaks_2_n, peaks_1, p_2_p, minimum_1_in, zeros_1_in, minimum_1_in_mid, zeros_1_in, minimum_1_in, p_2_p, peaks_1, peaks_2_n, minimum_1, zeros_1
364983,364982,370091,375542,386001,386001,386001,386001,386001,386001,386001,396544,402006,407414,407413
510906,613209,620242,625820,636138,636138,636138,636138,636138,636138,636138,665750,681008,684288,756545
