# TIC 0146637697_morp_ 0.743_T0_ 1386.117944_P_ 0.2717596_analysis_6, none, Eclipse indices (see function measure_eclipses_dt).
# zeros_1, minimum_1, peaks_2_n, peaks_1, p_2_p, minimum_1_in, zeros_1_in, minimum_1_in_mid, zeros_1_in, minimum_1_in, p_2_p, peaks_1, peaks_2_n, minimum_1, zeros_1
434155,434155,500310,527136,560393,560393,560393,560393,560393,560393,560393,594811,616979,689564,689564
689565,689564,759163,778118,810654,810654,810654,810654,810654,810654,810654,843509,872484,934154,934154
