# TIC 0301247295_morp_ 0.441_T0_ 1629.023924_P_ 4.2558821_analysis_6, none, Eclipse indices (see function measure_eclipses_dt).
# zeros_1, minimum_1, peaks_2_n, peaks_1, p_2_p, minimum_1_in, zeros_1_in, minimum_1_in_mid, zeros_1_in, minimum_1_in, p_2_p, peaks_1, peaks_2_n, minimum_1, zeros_1
634908,634907,634908,634989,635070,635071,635071,649107,663145,663144,663145,663225,663305,663306,663306
824696,824695,824754,824836,838285,838285,838285,838285,838285,838285,838285,851430,853153,853225,853225
