# TIC 0038699825_morp_ 0.592_T0_ 1410.972435_P_ 2.0846441_analysis_6, none, Eclipse indices (see function measure_eclipses_dt).
# zeros_1, minimum_1, peaks_2_n, peaks_1, p_2_p, minimum_1_in, zeros_1_in, minimum_1_in_mid, zeros_1_in, minimum_1_in, p_2_p, peaks_1, peaks_2_n, minimum_1, zeros_1
321817,321816,337400,350312,368336,368336,368336,368336,368336,368336,368336,386434,399457,414529,414529
571159,571159,588068,601474,618332,618332,618332,618332,618332,618332,618332,635146,648310,665440,665440
