# TIC 0156758188_morp_ 0.530_T0_ 1470.275103_P_ 2.0973245_analysis_6, none, Eclipse indices (see function measure_eclipses_dt).
# zeros_1, minimum_1, peaks_2_n, peaks_1, p_2_p, minimum_1_in, zeros_1_in, minimum_1_in_mid, zeros_1_in, minimum_1_in, p_2_p, peaks_1, peaks_2_n, minimum_1, zeros_1
246123,246122,254831,270668,284876,284876,284876,284876,284876,284876,284876,300165,313473,325940,361779
497526,497526,501644,524836,534496,534496,534496,534496,534496,534496,534496,557159,565217,570554,570553
