# TIC 0377060843_morp_ 0.213_T0_ 1517.693918_P_ 20.9321754_analysis_6, none, Eclipse indices (see function measure_eclipses_dt).
# zeros_1, minimum_1, peaks_2_n, peaks_1, p_2_p, minimum_1_in, zeros_1_in, minimum_1_in_mid, zeros_1_in, minimum_1_in, p_2_p, peaks_1, peaks_2_n, minimum_1, zeros_1
261099,261099,261099,261118,261135,261137,261136,273098,285060,285060,285060,285079,285096,285098,285097
824599,824599,824599,824618,824636,824637,824637,825392,826147,826147,826147,826165,826182,826184,826183
