# TIC 0458859364_morp_ 0.590_T0_ 1571.725391_P_ 2.2997312_analysis_6, none, Eclipse indices (see function measure_eclipses_dt).
# zeros_1, minimum_1, peaks_2_n, peaks_1, p_2_p, minimum_1_in, zeros_1_in, minimum_1_in_mid, zeros_1_in, minimum_1_in, p_2_p, peaks_1, peaks_2_n, minimum_1, zeros_1
424289,424288,424289,491618,512562,512562,512562,512562,512562,512562,512562,533916,601110,601111,601111
673869,673868,673869,741950,761879,761879,761879,761879,761879,761879,761879,783084,849687,849689,849688
