# TIC 0280794372_morp_ 0.404_T0_ 2062.243962_P_ 0.6877683_analysis_6, none, Eclipse indices (see function measure_eclipses_dt).
# zeros_1, minimum_1, peaks_2_n, peaks_1, p_2_p, minimum_1_in, zeros_1_in, minimum_1_in_mid, zeros_1_in, minimum_1_in, p_2_p, peaks_1, peaks_2_n, minimum_1, zeros_1
62519,62518,62767,67750,72709,72975,72975,94363,115752,115752,121111,124652,128457,128459,128458
628459,628458,634527,641691,651744,651744,651744,651744,651744,651744,651744,661982,669460,675024,675023
