# TIC 0023139612_morp_ 0.799_T0_ 1411.047497_P_ 0.4113067_analysis_6, none, Eclipse indices (see function measure_eclipses_dt).
# zeros_1, minimum_1, peaks_2_n, peaks_1, p_2_p, minimum_1_in, zeros_1_in, minimum_1_in_mid, zeros_1_in, minimum_1_in, p_2_p, peaks_1, peaks_2_n, minimum_1, zeros_1
331146,331145,406093,423347,456080,456080,456080,456080,456080,456080,456080,488915,507135,581578,581577
581578,581578,655821,672761,706193,706193,706193,706193,706193,706193,706193,739529,757493,831145,831144
