# TIC 0281341249_morp_ 0.467_T0_ 1493.758922_P_ 4.3811449_analysis_6, none, Eclipse indices (see function measure_eclipses_dt).
# zeros_1, minimum_1, peaks_2_n, peaks_1, p_2_p, minimum_1_in, zeros_1_in, minimum_1_in_mid, zeros_1_in, minimum_1_in, p_2_p, peaks_1, peaks_2_n, minimum_1, zeros_1
581367,581366,583469,586803,593769,593769,593769,593769,593769,593769,593769,599202,602305,604346,604345
834175,834174,837367,840935,846861,846861,846861,846861,846861,846861,846861,852736,856286,859827,859827
