# TIC 0080556181_morp_ 0.481_T0_ 1493.779316_P_ 2.8195817_analysis_6, none, Eclipse indices (see function measure_eclipses_dt).
# zeros_1, minimum_1, peaks_2_n, peaks_1, p_2_p, minimum_1_in, zeros_1_in, minimum_1_in_mid, zeros_1_in, minimum_1_in, p_2_p, peaks_1, peaks_2_n, minimum_1, zeros_1
189901,189901,192690,202221,212044,212044,212044,212044,212044,212044,212044,222034,231621,234135,234134
940142,940141,942642,951275,958118,959783,959782,962119,964456,964456,966225,972882,981679,983913,983913
