# TIC 0312862941_morp_ 0.722_T0_ 1790.724429_P_ 1.8294976_analysis_6, none, Eclipse indices (see function measure_eclipses_dt).
# zeros_1, minimum_1, peaks_2_n, peaks_1, p_2_p, minimum_1_in, zeros_1_in, minimum_1_in_mid, zeros_1_in, minimum_1_in, p_2_p, peaks_1, peaks_2_n, minimum_1, zeros_1
424818,424817,429867,435550,481978,486038,486038,522887,542096,559737,565256,591064,617353,618489,618489
656422,656422,679885,685586,731998,737766,754960,764062,790358,790358,794489,841085,867367,873196,889542
