# TIC 0279871974_morp_ 0.438_T0_ 1765.839631_P_ 6.5619449_analysis_6, none, Eclipse indices (see function measure_eclipses_dt).
# zeros_1, minimum_1, peaks_2_n, peaks_1, p_2_p, minimum_1_in, zeros_1_in, minimum_1_in_mid, zeros_1_in, minimum_1_in, p_2_p, peaks_1, peaks_2_n, minimum_1, zeros_1
482613,482612,482613,482706,482799,482800,482800,486208,489616,489616,489617,489710,489803,489804,489804
651314,653212,653302,655308,662587,662679,664172,667140,669732,671601,671693,676694,678702,682967,682967
