# TIC 0033665328_morp_ 0.442_T0_ 1387.076208_P_ 2.0539339_analysis_6, none, Eclipse indices (see function measure_eclipses_dt).
# zeros_1, minimum_1, peaks_2_n, peaks_1, p_2_p, minimum_1_in, zeros_1_in, minimum_1_in_mid, zeros_1_in, minimum_1_in, p_2_p, peaks_1, peaks_2_n, minimum_1, zeros_1
279674,279673,281312,285927,296690,296690,296690,296690,296690,296690,296690,307493,312267,313888,313887
701977,701977,702250,702963,704727,705070,705070,713634,722199,722199,722390,723572,724809,724861,724860
