# TIC 0041870248_morp_ 0.310_T0_ 1684.321553_P_ 2.8261627_analysis_6, none, Eclipse indices (see function measure_eclipses_dt).
# zeros_1, minimum_1, peaks_2_n, peaks_1, p_2_p, minimum_1_in, zeros_1_in, minimum_1_in_mid, zeros_1_in, minimum_1_in, p_2_p, peaks_1, peaks_2_n, minimum_1, zeros_1
592033,593920,594102,598311,604041,604207,606634,606845,607004,609483,609648,615378,619586,619770,621635
873807,875823,875957,877616,882838,882973,884981,887681,890890,892389,892522,896726,901951,902038,902037
