# TIC 0434664688_morp_ 0.077_T0_ 1605.316920_P_ 16.8578433_analysis_6, none, Eclipse indices (see function measure_eclipses_dt).
# zeros_1, minimum_1, peaks_2_n, peaks_1, p_2_p, minimum_1_in, zeros_1_in, minimum_1_in_mid, zeros_1_in, minimum_1_in, p_2_p, peaks_1, peaks_2_n, minimum_1, zeros_1
387968,387967,387976,387999,388110,388120,388119,394388,400658,400657,400658,400680,400700,400702,400701
827891,827890,827908,829446,832769,832769,832769,832769,832769,832769,832769,834220,835043,835066,835594
