# TIC 0229810745_morp_ 0.564_T0_ 1354.299773_P_ 0.4975237_analysis_6, none, Eclipse indices (see function measure_eclipses_dt).
# zeros_1, minimum_1, peaks_2_n, peaks_1, p_2_p, minimum_1_in, zeros_1_in, minimum_1_in_mid, zeros_1_in, minimum_1_in, p_2_p, peaks_1, peaks_2_n, minimum_1, zeros_1
262147,262146,268902,295018,322356,322356,322356,322356,322356,322356,322356,352605,380387,380389,380388
380389,380389,381789,409475,437850,437850,437850,437850,437850,437850,437850,466191,493842,495324,495323
