# TIC 0445181450_morp_ 0.467_T0_ 1769.984462_P_ 5.9623430_analysis_6, none, Eclipse indices (see function measure_eclipses_dt).
# zeros_1, minimum_1, peaks_2_n, peaks_1, p_2_p, minimum_1_in, zeros_1_in, minimum_1_in_mid, zeros_1_in, minimum_1_in, p_2_p, peaks_1, peaks_2_n, minimum_1, zeros_1
6837,6837,13966,14068,19754,19754,19754,19754,19754,19754,19754,28683,35056,35160,37572
753149,762898,763003,763107,772793,772793,772793,772793,772793,772793,772793,781229,781752,781857,789268
