# TIC 0391643922_morp_ 0.197_T0_ 1592.111179_P_ 17.7969142_analysis_6, none, Eclipse indices (see function measure_eclipses_dt).
# zeros_1, minimum_1, peaks_2_n, peaks_1, p_2_p, minimum_1_in, zeros_1_in, minimum_1_in_mid, zeros_1_in, minimum_1_in, p_2_p, peaks_1, peaks_2_n, minimum_1, zeros_1
367762,367762,367771,367796,367978,367983,367983,371416,374849,374849,374857,374882,374906,374921,374920
741842,741842,741848,741871,741895,741898,741898,749055,756214,756213,756217,756242,756265,756273,756273
