# TIC 0279097963_morp_ 0.104_T0_ 1414.498384_P_ 10.5242227_analysis_6, none, Eclipse indices (see function measure_eclipses_dt).
# zeros_1, minimum_1, peaks_2_n, peaks_1, p_2_p, minimum_1_in, zeros_1_in, minimum_1_in_mid, zeros_1_in, minimum_1_in, p_2_p, peaks_1, peaks_2_n, minimum_1, zeros_1
529758,533542,533578,533614,535676,535706,535706,537190,537525,538674,538711,539759,539795,539831,542288
830589,830588,830593,830629,830809,830815,830814,837456,844099,844098,844103,844284,844320,844324,844324
