# TIC 0241578867_morp_ 0.756_T0_ 1386.050124_P_ 0.3441001_analysis_6, none, Eclipse indices (see function measure_eclipses_dt).
# zeros_1, minimum_1, peaks_2_n, peaks_1, p_2_p, minimum_1_in, zeros_1_in, minimum_1_in_mid, zeros_1_in, minimum_1_in, p_2_p, peaks_1, peaks_2_n, minimum_1, zeros_1
481049,481048,548861,569653,603156,603156,603156,603156,603156,603156,603156,635285,655684,726159,726158
726159,726159,800471,821048,851846,851846,851846,851846,851846,851846,851846,882292,903095,981048,981047
