# TIC 0161638713_morp_ 0.311_T0_ 1417.263332_P_ 12.6165358_analysis_6, none, Eclipse indices (see function measure_eclipses_dt).
# zeros_1, minimum_1, peaks_2_n, peaks_1, p_2_p, minimum_1_in, zeros_1_in, minimum_1_in_mid, zeros_1_in, minimum_1_in, p_2_p, peaks_1, peaks_2_n, minimum_1, zeros_1
643734,643733,643754,643832,644224,644241,644241,650030,655820,655819,655844,656236,656314,656339,656339
837903,837902,837903,837980,838056,838058,838057,843075,848093,848093,848093,848172,848249,848250,848250
