# TIC 0444801274_morp_ 0.521_T0_ 1792.032416_P_ 4.9330363_analysis_6, none, Eclipse indices (see function measure_eclipses_dt).
# zeros_1, minimum_1, peaks_2_n, peaks_1, p_2_p, minimum_1_in, zeros_1_in, minimum_1_in_mid, zeros_1_in, minimum_1_in, p_2_p, peaks_1, peaks_2_n, minimum_1, zeros_1
320924,320923,320931,321510,322090,322096,322096,324413,326731,326730,326731,327306,327881,327883,327882
615314,615314,615316,615893,616470,616472,616471,617627,618782,618782,618782,619360,619937,619939,619938
