# TIC 0173797509_morp_ 0.264_T0_ 1740.739712_P_ 4.2790406_analysis_6, none, Eclipse indices (see function measure_eclipses_dt).
# zeros_1, minimum_1, peaks_2_n, peaks_1, p_2_p, minimum_1_in, zeros_1_in, minimum_1_in_mid, zeros_1_in, minimum_1_in, p_2_p, peaks_1, peaks_2_n, minimum_1, zeros_1
607259,607258,609004,614210,617524,617524,617524,617524,617524,617524,617524,621088,625999,627887,627887
856740,856740,858973,863558,867464,867464,867464,867464,867464,867464,867464,871261,875946,878007,878006
