# TIC 0231810776_morp_ 0.704_T0_ 1438.150703_P_ 0.2327289_analysis_6, none, Eclipse indices (see function measure_eclipses_dt).
# zeros_1, minimum_1, peaks_2_n, peaks_1, p_2_p, minimum_1_in, zeros_1_in, minimum_1_in_mid, zeros_1_in, minimum_1_in, p_2_p, peaks_1, peaks_2_n, minimum_1, zeros_1
722947,722946,728248,743665,762319,762319,762319,762319,762319,762319,762319,778280,793440,795798,795797
917947,917946,917947,933288,948980,948980,948980,948980,948980,948980,948980,966173,980904,985573,985572
