# TIC 0091246422_morp_ 0.087_T0_ 1678.305978_P_ 18.7739778_analysis_6, none, Eclipse indices (see function measure_eclipses_dt).
# zeros_1, minimum_1, peaks_2_n, peaks_1, p_2_p, minimum_1_in, zeros_1_in, minimum_1_in_mid, zeros_1_in, minimum_1_in, p_2_p, peaks_1, peaks_2_n, minimum_1, zeros_1
585474,585473,585474,585493,585511,585513,585512,595640,605769,605768,605769,605788,605806,605808,605807
735797,735796,735809,735828,735926,735938,735938,737928,739918,739918,739928,740026,740046,740056,740055
