# TIC 0396573191_morp_ 0.553_T0_ 1793.039098_P_ 2.4941662_analysis_6, none, Eclipse indices (see function measure_eclipses_dt).
# zeros_1, minimum_1, peaks_2_n, peaks_1, p_2_p, minimum_1_in, zeros_1_in, minimum_1_in_mid, zeros_1_in, minimum_1_in, p_2_p, peaks_1, peaks_2_n, minimum_1, zeros_1
491175,491174,491778,493936,505543,505761,505760,514295,522830,522830,522830,524410,526143,526154,526153
791917,791916,793255,799634,803066,803697,803697,807970,812245,812244,812454,814615,816890,816892,816891
