# TIC 0229143092_morp_ 0.921_T0_ 1354.322095_P_ 0.3510340_analysis_6, none, Eclipse indices (see function measure_eclipses_dt).
# zeros_1, minimum_1, peaks_2_n, peaks_1, p_2_p, minimum_1_in, zeros_1_in, minimum_1_in_mid, zeros_1_in, minimum_1_in, p_2_p, peaks_1, peaks_2_n, minimum_1, zeros_1
348734,348733,350244,407038,477798,477798,477798,477798,477798,477798,477798,550241,607820,609446,609445
609446,609446,609446,669448,729802,729802,729802,729802,729802,729802,729802,791844,848731,848733,848732
