# TIC 0033194538_morp_ 0.560_T0_ 1504.865715_P_ 6.0502389_analysis_6, none, Eclipse indices (see function measure_eclipses_dt).
# zeros_1, minimum_1, peaks_2_n, peaks_1, p_2_p, minimum_1_in, zeros_1_in, minimum_1_in_mid, zeros_1_in, minimum_1_in, p_2_p, peaks_1, peaks_2_n, minimum_1, zeros_1
27522,27522,27522,68006,74787,78881,78880,89247,99614,99614,104071,112186,151297,151299,151298
295249,295248,298666,304151,309727,312601,312600,339833,367067,367066,370389,396958,402040,403051,403051
