# TIC 0164781045_morp_ 0.372_T0_ 1688.062453_P_ 4.7038964_analysis_6, none, Eclipse indices (see function measure_eclipses_dt).
# zeros_1, minimum_1, peaks_2_n, peaks_1, p_2_p, minimum_1_in, zeros_1_in, minimum_1_in_mid, zeros_1_in, minimum_1_in, p_2_p, peaks_1, peaks_2_n, minimum_1, zeros_1
279702,279701,279702,281953,284168,284168,284168,284168,284168,284168,284168,286535,288841,288874,288873
797944,797944,797993,800304,802579,802692,802691,807287,811883,811883,811883,814067,816301,816303,816302
