# TIC 0266220739_morp_ 0.202_T0_ 1819.376006_P_ 9.8668383_analysis_6, none, Eclipse indices (see function measure_eclipses_dt).
# zeros_1, minimum_1, peaks_2_n, peaks_1, p_2_p, minimum_1_in, zeros_1_in, minimum_1_in_mid, zeros_1_in, minimum_1_in, p_2_p, peaks_1, peaks_2_n, minimum_1, zeros_1
17889,17889,20900,24331,28682,28682,28682,28682,28682,28682,28682,33152,36624,39093,39092
258041,258040,260043,263572,267990,267990,267990,267990,267990,267990,267990,272273,275709,278378,278378
