# TIC 0170635351_morp_ 0.711_T0_ 1416.689008_P_ 13.6518985_analysis_6, none, Eclipse indices (see function measure_eclipses_dt).
# zeros_1, minimum_1, peaks_2_n, peaks_1, p_2_p, minimum_1_in, zeros_1_in, minimum_1_in_mid, zeros_1_in, minimum_1_in, p_2_p, peaks_1, peaks_2_n, minimum_1, zeros_1
351441,351440,351451,351484,351519,351523,351523,424299,497075,497075,497087,497118,497154,497156,497156
612969,612968,612975,613010,613045,613051,613051,670455,727860,727860,727866,727899,727932,727938,727938
