# TIC 0270507305_morp_ 0.327_T0_ 1598.696394_P_ 1.2282336_analysis_6, none, Eclipse indices (see function measure_eclipses_dt).
# zeros_1, minimum_1, peaks_2_n, peaks_1, p_2_p, minimum_1_in, zeros_1_in, minimum_1_in_mid, zeros_1_in, minimum_1_in, p_2_p, peaks_1, peaks_2_n, minimum_1, zeros_1
129753,129753,134343,146149,160096,160096,160096,160096,160096,160096,160096,174002,185725,190590,190589
515199,515199,516986,527396,538096,538096,538096,538096,538096,538096,538096,558583,580083,580085,580084
