# TIC 0094368565_morp_ 0.162_T0_ 1793.245583_P_ 15.9045270_analysis_6, none, Eclipse indices (see function measure_eclipses_dt).
# zeros_1, minimum_1, peaks_2_n, peaks_1, p_2_p, minimum_1_in, zeros_1_in, minimum_1_in_mid, zeros_1_in, minimum_1_in, p_2_p, peaks_1, peaks_2_n, minimum_1, zeros_1
147248,147247,147544,149646,151481,152398,152398,159150,165904,165903,166298,168268,170174,170850,170850
201300,201300,203225,205293,207961,207961,207961,207961,207961,207961,207961,210622,212764,214010,214009
