# TIC 0266845051_morp_ 0.958_T0_ 1571.254795_P_ 1.4697047_analysis_6, none, Eclipse indices (see function measure_eclipses_dt).
# zeros_1, minimum_1, peaks_2_n, peaks_1, p_2_p, minimum_1_in, zeros_1_in, minimum_1_in_mid, zeros_1_in, minimum_1_in, p_2_p, peaks_1, peaks_2_n, minimum_1, zeros_1
297101,297100,297101,356668,420923,420923,420923,420923,420923,420923,420923,484304,543642,543644,543643
543644,543644,545729,606266,670293,670293,670293,670293,670293,670293,670293,734645,794561,797100,797099
