# TIC 0240155327_morp_ 0.217_T0_ 1846.341225_P_ 6.1228947_analysis_6, none, Eclipse indices (see function measure_eclipses_dt).
# zeros_1, minimum_1, peaks_2_n, peaks_1, p_2_p, minimum_1_in, zeros_1_in, minimum_1_in_mid, zeros_1_in, minimum_1_in, p_2_p, peaks_1, peaks_2_n, minimum_1, zeros_1
493598,493598,495334,498293,501925,501925,501925,501925,501925,501925,501925,505424,508214,509857,509857
737504,737503,739418,742284,745892,745892,745892,745892,745892,745892,745892,749487,752344,754388,754388
