# TIC 0117234769_morp_ 0.533_T0_ 1712.502028_P_ 2.0575137_analysis_6, none, Eclipse indices (see function measure_eclipses_dt).
# zeros_1, minimum_1, peaks_2_n, peaks_1, p_2_p, minimum_1_in, zeros_1_in, minimum_1_in_mid, zeros_1_in, minimum_1_in, p_2_p, peaks_1, peaks_2_n, minimum_1, zeros_1
621761,621761,629334,635549,646914,646914,646914,646914,646914,646914,646914,659240,665861,673316,673316
868053,868052,878928,885873,897342,897342,897342,897342,897342,897342,897342,908854,916136,924388,924388
