# TIC 0043864479_morp_ 0.868_T0_ 1438.070336_P_ 0.5944452_analysis_6, none, Eclipse indices (see function measure_eclipses_dt).
# zeros_1, minimum_1, peaks_2_n, peaks_1, p_2_p, minimum_1_in, zeros_1_in, minimum_1_in_mid, zeros_1_in, minimum_1_in, p_2_p, peaks_1, peaks_2_n, minimum_1, zeros_1
334350,334350,400802,423557,462001,462001,462001,462001,462001,462001,462001,500000,512388,588942,588942
588943,588942,597864,675025,719329,719329,719329,719329,719329,719329,719329,748227,773381,834349,834348
