# TIC 0424723563_morp_ 0.845_T0_ 1956.477911_P_ 0.3697875_analysis_6, none, Eclipse indices (see function measure_eclipses_dt).
# zeros_1, minimum_1, peaks_2_n, peaks_1, p_2_p, minimum_1_in, zeros_1_in, minimum_1_in_mid, zeros_1_in, minimum_1_in, p_2_p, peaks_1, peaks_2_n, minimum_1, zeros_1
386839,386838,418660,474939,512699,512699,512699,512699,512699,512699,512699,549236,608226,632589,632589
632590,632589,663395,726884,761179,761179,761179,761179,761179,761179,761179,796543,861301,886838,886837
