# TIC 0138726174_morp_ 0.807_T0_ 1684.440230_P_ 3.5077253_analysis_6, none, Eclipse indices (see function measure_eclipses_dt).
# zeros_1, minimum_1, peaks_2_n, peaks_1, p_2_p, minimum_1_in, zeros_1_in, minimum_1_in_mid, zeros_1_in, minimum_1_in, p_2_p, peaks_1, peaks_2_n, minimum_1, zeros_1
349323,349322,349323,438418,465958,465958,465958,465958,465958,465958,465958,526094,597288,597289,597289
597290,597289,609072,631906,720864,720864,720864,720864,720864,720864,720864,796041,842512,849322,849321
