# TIC 0333620087_morp_ 0.813_T0_ 1468.338393_P_ 0.3793248_analysis_6, none, Eclipse indices (see function measure_eclipses_dt).
# zeros_1, minimum_1, peaks_2_n, peaks_1, p_2_p, minimum_1_in, zeros_1_in, minimum_1_in_mid, zeros_1_in, minimum_1_in, p_2_p, peaks_1, peaks_2_n, minimum_1, zeros_1
242088,242087,242088,327133,363295,363295,363295,363295,363295,363295,363295,398786,484392,484394,484393
484394,484394,485518,577684,612731,612731,612731,612731,612731,612731,612731,648135,740433,742087,742086
