# TIC 0350443417_morp_ 0.514_T0_ 1325.491514_P_ 1.2167214_analysis_6, none, Eclipse indices (see function measure_eclipses_dt).
# zeros_1, minimum_1, peaks_2_n, peaks_1, p_2_p, minimum_1_in, zeros_1_in, minimum_1_in_mid, zeros_1_in, minimum_1_in, p_2_p, peaks_1, peaks_2_n, minimum_1, zeros_1
569981,569981,578808,591160,607068,607068,607068,607068,607068,607068,607068,623068,635541,643531,643531
821645,821645,830976,842409,857078,857078,857078,857078,857078,857078,857078,871810,883292,892416,892416
