# TIC 0454013359_morp_ 0.345_T0_ 1575.284980_P_ 5.1476860_analysis_6, none, Eclipse indices (see function measure_eclipses_dt).
# zeros_1, minimum_1, peaks_2_n, peaks_1, p_2_p, minimum_1_in, zeros_1_in, minimum_1_in_mid, zeros_1_in, minimum_1_in, p_2_p, peaks_1, peaks_2_n, minimum_1, zeros_1
637957,637957,650369,655334,662278,662278,662278,662278,662278,662278,662278,669663,675384,679254,679254
679255,679254,679255,697487,704322,704322,704322,704322,704322,704322,704322,711704,717534,720582,720581
