# TIC 0402107145_morp_ 0.721_T0_ 1571.133770_P_ 0.2923328_analysis_6, none, Eclipse indices (see function measure_eclipses_dt).
# zeros_1, minimum_1, peaks_2_n, peaks_1, p_2_p, minimum_1_in, zeros_1_in, minimum_1_in_mid, zeros_1_in, minimum_1_in, p_2_p, peaks_1, peaks_2_n, minimum_1, zeros_1
397364,438851,451690,484133,511971,511971,511971,511971,511971,511971,511971,540279,573618,585256,633949
633950,689358,701645,729074,763610,763610,763610,763610,763610,763610,763610,799870,824156,897363,897363
