# TIC 0105233028_morp_ 0.345_T0_ 1819.696336_P_ 3.6274028_analysis_6, none, Eclipse indices (see function measure_eclipses_dt).
# zeros_1, minimum_1, peaks_2_n, peaks_1, p_2_p, minimum_1_in, zeros_1_in, minimum_1_in_mid, zeros_1_in, minimum_1_in, p_2_p, peaks_1, peaks_2_n, minimum_1, zeros_1
474090,474090,474368,475569,478087,478538,478537,491385,504233,504232,504833,506554,508457,508605,508604
515582,515581,515631,517451,519322,519322,519322,519322,519322,519322,519322,528119,530038,530093,530092
