# TIC 0307016006_morp_ 0.450_T0_ 1471.353930_P_ 3.3066352_analysis_6, none, Eclipse indices (see function measure_eclipses_dt).
# zeros_1, minimum_1, peaks_2_n, peaks_1, p_2_p, minimum_1_in, zeros_1_in, minimum_1_in_mid, zeros_1_in, minimum_1_in, p_2_p, peaks_1, peaks_2_n, minimum_1, zeros_1
136294,198848,235952,265347,308129,308129,308129,308129,308129,308129,308129,347774,479506,479508,479507
479508,479508,487431,519296,554455,554455,554455,554455,554455,554455,554455,592529,624659,636293,636293
