# TIC 0049735506_morp_ 0.879_T0_ 1354.493314_P_ 0.3300894_analysis_6, none, Eclipse indices (see function measure_eclipses_dt).
# zeros_1, minimum_1, peaks_2_n, peaks_1, p_2_p, minimum_1_in, zeros_1_in, minimum_1_in_mid, zeros_1_in, minimum_1_in, p_2_p, peaks_1, peaks_2_n, minimum_1, zeros_1
484825,484825,484825,554927,603836,603836,603836,603836,603836,603836,603836,653151,724871,724872,724872
724873,724872,727452,813891,855967,855967,855967,855967,855967,855967,855967,896175,983091,984824,984824
