# TIC 0055753808_morp_ 0.840_T0_ 1870.659415_P_ 0.4155585_analysis_6, none, Eclipse indices (see function measure_eclipses_dt).
# zeros_1, minimum_1, peaks_2_n, peaks_1, p_2_p, minimum_1_in, zeros_1_in, minimum_1_in_mid, zeros_1_in, minimum_1_in, p_2_p, peaks_1, peaks_2_n, minimum_1, zeros_1
306778,306778,307357,377015,406949,406949,406949,406949,406949,406949,406949,447605,557180,557181,557181
557182,557181,557539,626569,656823,656823,656823,656823,656823,656823,656823,697802,806776,806777,806777
