# TIC 0172361463_morp_ 0.170_T0_ 1482.223231_P_ 17.9417712_analysis_6, none, Eclipse indices (see function measure_eclipses_dt).
# zeros_1, minimum_1, peaks_2_n, peaks_1, p_2_p, minimum_1_in, zeros_1_in, minimum_1_in_mid, zeros_1_in, minimum_1_in, p_2_p, peaks_1, peaks_2_n, minimum_1, zeros_1
501781,501781,501837,502494,505721,505832,505831,509587,513343,513343,513478,516706,517362,517466,517465
944871,944871,944944,945604,948824,948924,948923,951356,953790,953789,953985,954645,955286,955524,955524
