# TIC 0176797815_morp_ 0.586_T0_ 1411.351918_P_ 1.3597945_analysis_6, none, Eclipse indices (see function measure_eclipses_dt).
# zeros_1, minimum_1, peaks_2_n, peaks_1, p_2_p, minimum_1_in, zeros_1_in, minimum_1_in_mid, zeros_1_in, minimum_1_in, p_2_p, peaks_1, peaks_2_n, minimum_1, zeros_1
636017,636016,639897,644888,651209,651209,651209,651209,651209,651209,651209,657853,662859,668130,668130
884032,884031,889581,894750,901642,901642,901642,901642,901642,901642,901642,908258,913372,918594,918594
