# KIC02708614_morp_0.03_T0_55032.893022_P_52.8858904_analysis_6, none, Eclipse indices (see function measure_eclipses_dt).
# zeros_1, minimum_1, peaks_2_n, peaks_1, p_2_p, minimum_1_in, zeros_1_in, minimum_1_in_mid, zeros_1_in, minimum_1_in, p_2_p, peaks_1, peaks_2_n, minimum_1, zeros_1
290545,290545,291988,295002,298691,298691,298691,298691,298691,298691,298691,302266,305239,306718,306717
517291,517291,518068,521099,524524,524524,524524,524524,524524,524524,524524,527954,530930,531932,531931
