# TIC 0303843296_morp_ 0.937_T0_ 1654.351760_P_ 1.7117262_analysis_6, none, Eclipse indices (see function measure_eclipses_dt).
# zeros_1, minimum_1, peaks_2_n, peaks_1, p_2_p, minimum_1_in, zeros_1_in, minimum_1_in_mid, zeros_1_in, minimum_1_in, p_2_p, peaks_1, peaks_2_n, minimum_1, zeros_1
408012,408011,408044,408262,409364,409389,409388,475913,542438,542438,542463,543566,543783,543818,543818
658457,658457,658484,658703,659804,659830,659830,725914,791998,791998,792023,793124,793343,793370,793369
