# TIC 0379783522_morp_ 0.486_T0_ 1597.610744_P_ 2.4500945_analysis_6, none, Eclipse indices (see function measure_eclipses_dt).
# zeros_1, minimum_1, peaks_2_n, peaks_1, p_2_p, minimum_1_in, zeros_1_in, minimum_1_in_mid, zeros_1_in, minimum_1_in, p_2_p, peaks_1, peaks_2_n, minimum_1, zeros_1
504519,504518,510874,518447,528255,528255,528255,528255,528255,528255,528255,538082,545651,552150,552150
754804,754804,760703,768345,778131,778131,778131,778131,778131,778131,778131,787962,795605,801521,801520
