# TIC 0417765877_morp_ 0.473_T0_ 1816.634816_P_ 1.2113146_analysis_6, none, Eclipse indices (see function measure_eclipses_dt).
# zeros_1, minimum_1, peaks_2_n, peaks_1, p_2_p, minimum_1_in, zeros_1_in, minimum_1_in_mid, zeros_1_in, minimum_1_in, p_2_p, peaks_1, peaks_2_n, minimum_1, zeros_1
438429,438428,439405,445849,455167,455167,455167,455167,455167,455167,455167,465046,471828,472466,472466
472467,472466,472467,478842,491961,491961,491961,491961,491961,491961,491961,500215,505168,510797,510797
