# TIC 0155998626_morp_ 0.810_T0_ 1929.796113_P_ 0.6404518_analysis_6, none, Eclipse indices (see function measure_eclipses_dt).
# zeros_1, minimum_1, peaks_2_n, peaks_1, p_2_p, minimum_1_in, zeros_1_in, minimum_1_in_mid, zeros_1_in, minimum_1_in, p_2_p, peaks_1, peaks_2_n, minimum_1, zeros_1
340470,340469,347245,424655,462705,462705,462705,462705,462705,462705,462705,501042,573119,585395,585395
585396,585395,655341,671370,713536,713536,713536,713536,713536,713536,713536,754334,771719,840469,840468
