# TIC 0469970988_morp_ 0.861_T0_ 1325.936599_P_ 1.3520399_analysis_6, none, Eclipse indices (see function measure_eclipses_dt).
# zeros_1, minimum_1, peaks_2_n, peaks_1, p_2_p, minimum_1_in, zeros_1_in, minimum_1_in_mid, zeros_1_in, minimum_1_in, p_2_p, peaks_1, peaks_2_n, minimum_1, zeros_1
67069,67069,67069,147769,191663,191663,191663,191663,191663,191663,191663,232917,313491,313493,313492
313493,313493,314989,400641,440014,440014,440014,440014,440014,440014,440014,479649,565953,567068,567068
