# TIC 0184947995_morp_ 0.323_T0_ 1682.508438_P_ 3.4792304_analysis_6, none, Eclipse indices (see function measure_eclipses_dt).
# zeros_1, minimum_1, peaks_2_n, peaks_1, p_2_p, minimum_1_in, zeros_1_in, minimum_1_in_mid, zeros_1_in, minimum_1_in, p_2_p, peaks_1, peaks_2_n, minimum_1, zeros_1
100591,100590,105393,111533,119282,119282,119282,119282,119282,119282,119282,127161,133198,138406,138406
201395,201394,201395,237671,243921,243921,243921,243921,243921,243921,243921,252351,258775,260564,260563
