# TIC 0369283035_morp_ 0.154_T0_ 1794.047525_P_ 9.5348094_analysis_6, none, Eclipse indices (see function measure_eclipses_dt).
# zeros_1, minimum_1, peaks_2_n, peaks_1, p_2_p, minimum_1_in, zeros_1_in, minimum_1_in_mid, zeros_1_in, minimum_1_in, p_2_p, peaks_1, peaks_2_n, minimum_1, zeros_1
528454,528453,528460,528782,529106,529108,529107,529752,530398,530397,530399,530725,531046,531055,531055
653685,653685,653698,654022,655633,655662,655662,661231,666800,666800,666812,667130,667452,667454,667453
