# TIC 0418998975_morp_ 0.928_T0_ 1738.939658_P_ 0.2769786_analysis_6, none, Eclipse indices (see function measure_eclipses_dt).
# zeros_1, minimum_1, peaks_2_n, peaks_1, p_2_p, minimum_1_in, zeros_1_in, minimum_1_in_mid, zeros_1_in, minimum_1_in, p_2_p, peaks_1, peaks_2_n, minimum_1, zeros_1
4731,4731,7793,70230,136321,136321,136321,136321,136321,136321,136321,201879,263330,267284,267283
267284,267284,267284,325410,385510,385510,385510,385510,385510,385510,385510,446878,504729,504730,504730
