# TIC 0128790976_morp_ 0.212_T0_ 1657.429555_P_ 3.5187572_analysis_6, none, Eclipse indices (see function measure_eclipses_dt).
# zeros_1, minimum_1, peaks_2_n, peaks_1, p_2_p, minimum_1_in, zeros_1_in, minimum_1_in_mid, zeros_1_in, minimum_1_in, p_2_p, peaks_1, peaks_2_n, minimum_1, zeros_1
303499,303498,306798,310927,315799,316372,316372,330462,344552,344552,345253,349075,352605,354016,354015
889497,889496,890745,893986,897810,897810,897810,897810,897810,897810,897810,901714,904980,906274,906274
