# TIC 0317839169_morp_ 0.329_T0_ 1765.101045_P_ 4.6688711_analysis_6, none, Eclipse indices (see function measure_eclipses_dt).
# zeros_1, minimum_1, peaks_2_n, peaks_1, p_2_p, minimum_1_in, zeros_1_in, minimum_1_in_mid, zeros_1_in, minimum_1_in, p_2_p, peaks_1, peaks_2_n, minimum_1, zeros_1
94504,94503,94504,97734,100829,101055,101055,112932,124809,124809,126635,141885,146389,148055,148055
821499,821499,823988,827722,832432,832432,832432,832432,832432,832432,832432,837138,840855,843673,843672
