# TIC 0412638697_morp_ 0.601_T0_ 1739.092632_P_ 0.9859108_analysis_6, none, Eclipse indices (see function measure_eclipses_dt).
# zeros_1, minimum_1, peaks_2_n, peaks_1, p_2_p, minimum_1_in, zeros_1_in, minimum_1_in_mid, zeros_1_in, minimum_1_in, p_2_p, peaks_1, peaks_2_n, minimum_1, zeros_1
448439,448438,457434,470266,486653,486653,486653,486653,486653,486653,486653,503323,516279,525258,525258
577129,577129,577129,592611,606549,614640,614639,638080,661521,661520,674493,691071,708150,716063,716062
