# TIC 0270219706_morp_ 0.463_T0_ 1545.393203_P_ 0.5130980_analysis_6, none, Eclipse indices (see function measure_eclipses_dt).
# zeros_1, minimum_1, peaks_2_n, peaks_1, p_2_p, minimum_1_in, zeros_1_in, minimum_1_in_mid, zeros_1_in, minimum_1_in, p_2_p, peaks_1, peaks_2_n, minimum_1, zeros_1
584408,584407,586579,596230,606638,606638,606638,606638,606638,606638,606638,614963,621487,621488,621488
621489,621488,630307,642262,657557,657557,657557,657557,657557,657557,657557,672934,684884,695243,695243
