# TIC 0262958558_morp_ 0.530_T0_ 1326.600481_P_ 3.5360981_analysis_6, none, Eclipse indices (see function measure_eclipses_dt).
# zeros_1, minimum_1, peaks_2_n, peaks_1, p_2_p, minimum_1_in, zeros_1_in, minimum_1_in_mid, zeros_1_in, minimum_1_in, p_2_p, peaks_1, peaks_2_n, minimum_1, zeros_1
179937,179936,179943,180042,180141,180148,180147,193367,206586,206586,206586,206682,206777,206778,206778
227238,227238,227301,240821,240919,241018,250457,251589,261029,262160,262270,270685,285015,285075,285075
