# TIC 0138756003_morp_ 0.616_T0_ 1901.635770_P_ 1.3526452_analysis_6, none, Eclipse indices (see function measure_eclipses_dt).
# zeros_1, minimum_1, peaks_2_n, peaks_1, p_2_p, minimum_1_in, zeros_1_in, minimum_1_in_mid, zeros_1_in, minimum_1_in, p_2_p, peaks_1, peaks_2_n, minimum_1, zeros_1
147325,147324,147495,148880,153566,153712,153711,165697,177682,177682,177848,181432,183919,184060,184059
398026,398025,398046,398324,399702,399736,399736,415152,430569,430569,430607,431986,432263,432299,432298
