# TIC 0310785613_morp_ 0.178_T0_ 1818.925824_P_ 6.4549258_analysis_6, none, Eclipse indices (see function measure_eclipses_dt).
# zeros_1, minimum_1, peaks_2_n, peaks_1, p_2_p, minimum_1_in, zeros_1_in, minimum_1_in_mid, zeros_1_in, minimum_1_in, p_2_p, peaks_1, peaks_2_n, minimum_1, zeros_1
488110,488110,490017,492110,494732,494732,494732,494732,494732,494732,494732,497469,499795,500382,500382
742999,742999,744844,747261,750359,750359,750359,750359,750359,750359,750359,753433,755816,758005,758004
