# TIC 0298541138_morp_ 0.644_T0_ 1986.345709_P_ 0.7490567_analysis_6, none, Eclipse indices (see function measure_eclipses_dt).
# zeros_1, minimum_1, peaks_2_n, peaks_1, p_2_p, minimum_1_in, zeros_1_in, minimum_1_in_mid, zeros_1_in, minimum_1_in, p_2_p, peaks_1, peaks_2_n, minimum_1, zeros_1
327878,376254,391180,414831,443458,443458,443458,443458,443458,443458,443458,471647,495012,507687,559998
575266,626181,642839,666667,693130,693130,693130,693130,693130,693130,693130,719398,743458,759360,827876
