# TIC 0350132371_morp_ 0.367_T0_ 1764.927282_P_ 1.0318392_analysis_6, none, Eclipse indices (see function measure_eclipses_dt).
# zeros_1, minimum_1, peaks_2_n, peaks_1, p_2_p, minimum_1_in, zeros_1_in, minimum_1_in_mid, zeros_1_in, minimum_1_in, p_2_p, peaks_1, peaks_2_n, minimum_1, zeros_1
681644,681643,685147,692978,702249,702249,702249,702249,702249,702249,702249,711779,719628,723651,723650
759672,759671,763282,773288,786680,786680,786680,786680,786680,786680,786680,823502,835614,835866,835866
