# TIC 0301909087_morp_ 0.529_T0_ 1791.669801_P_ 2.2300403_analysis_6, none, Eclipse indices (see function measure_eclipses_dt).
# zeros_1, minimum_1, peaks_2_n, peaks_1, p_2_p, minimum_1_in, zeros_1_in, minimum_1_in_mid, zeros_1_in, minimum_1_in, p_2_p, peaks_1, peaks_2_n, minimum_1, zeros_1
490669,495110,495338,519194,533585,533585,533585,533585,533585,533585,533585,547815,574727,574948,580926
725726,725725,725872,732933,740757,740951,744760,772818,787923,804685,804879,811939,819001,819135,819135
