# TIC 0149583965_morp_ 0.893_T0_ 1930.235683_P_ 0.4627844_analysis_6, none, Eclipse indices (see function measure_eclipses_dt).
# zeros_1, minimum_1, peaks_2_n, peaks_1, p_2_p, minimum_1_in, zeros_1_in, minimum_1_in_mid, zeros_1_in, minimum_1_in, p_2_p, peaks_1, peaks_2_n, minimum_1, zeros_1
436936,436935,436936,494491,553899,553899,553899,553899,553899,553899,553899,613071,671728,671730,671729
671730,671730,676031,739431,805070,805070,805070,805070,805070,805070,805070,870751,932650,936935,936934
