# TIC 0291651765_morp_ 0.562_T0_ 1598.858963_P_ 0.8274292_analysis_6, none, Eclipse indices (see function measure_eclipses_dt).
# zeros_1, minimum_1, peaks_2_n, peaks_1, p_2_p, minimum_1_in, zeros_1_in, minimum_1_in_mid, zeros_1_in, minimum_1_in, p_2_p, peaks_1, peaks_2_n, minimum_1, zeros_1
249106,249106,249106,249131,249154,249156,249155,269743,290331,290331,290342,290367,290391,290403,290402
631654,631653,631656,631681,631806,631810,631809,632504,633198,633198,633202,633326,633351,633355,633355
