# TIC 0377192658_morp_ 0.509_T0_ 1739.169391_P_ 1.8172360_analysis_6, none, Eclipse indices (see function measure_eclipses_dt).
# zeros_1, minimum_1, peaks_2_n, peaks_1, p_2_p, minimum_1_in, zeros_1_in, minimum_1_in_mid, zeros_1_in, minimum_1_in, p_2_p, peaks_1, peaks_2_n, minimum_1, zeros_1
444192,444192,453177,466609,477421,477421,477421,477421,477421,477421,477421,488416,501978,510734,510734
691772,696894,703421,708518,727273,727273,727273,727273,727273,727273,727273,746608,751748,757915,763375
