# TIC 0239104484_morp_ 0.615_T0_ 1817.003011_P_ 1.6252972_analysis_6, none, Eclipse indices (see function measure_eclipses_dt).
# zeros_1, minimum_1, peaks_2_n, peaks_1, p_2_p, minimum_1_in, zeros_1_in, minimum_1_in_mid, zeros_1_in, minimum_1_in, p_2_p, peaks_1, peaks_2_n, minimum_1, zeros_1
6137,6137,9774,14701,19603,23979,23979,30812,37646,37645,41817,46686,51576,55249,55249
758844,758844,760292,763956,767549,769277,769276,774795,780313,780313,780475,783634,786837,786875,786875
