# TIC 0350987976_morp_ 0.577_T0_ 1684.826484_P_ 1.2975694_analysis_6, none, Eclipse indices (see function measure_eclipses_dt).
# zeros_1, minimum_1, peaks_2_n, peaks_1, p_2_p, minimum_1_in, zeros_1_in, minimum_1_in_mid, zeros_1_in, minimum_1_in, p_2_p, peaks_1, peaks_2_n, minimum_1, zeros_1
571412,571411,587390,612554,643722,643722,643722,643722,643722,643722,643722,674853,699979,716031,716031
716032,716031,716032,736785,831685,831685,831685,831685,831685,831685,831685,986502,999998,999999,999999
