# TIC 0415969184_morp_ 0.840_T0_ 1354.232815_P_ 0.9475646_analysis_6, none, Eclipse indices (see function measure_eclipses_dt).
# zeros_1, minimum_1, peaks_2_n, peaks_1, p_2_p, minimum_1_in, zeros_1_in, minimum_1_in_mid, zeros_1_in, minimum_1_in, p_2_p, peaks_1, peaks_2_n, minimum_1, zeros_1
0,32748,38045,66171,110531,110531,110531,110531,110531,110531,110531,153107,170909,188617,233647
233648,233648,300521,318298,358993,358993,358993,358993,358993,358993,358993,396130,419623,483476,483475
