# TIC 0232524483_morp_ 1.008_T0_ 1871.531716_P_ 0.3729870_analysis_6, none, Eclipse indices (see function measure_eclipses_dt).
# zeros_1, minimum_1, peaks_2_n, peaks_1, p_2_p, minimum_1_in, zeros_1_in, minimum_1_in_mid, zeros_1_in, minimum_1_in, p_2_p, peaks_1, peaks_2_n, minimum_1, zeros_1
1389,1388,7020,63083,124324,124324,124324,124324,124324,124324,124324,184808,239586,246720,246719
246720,246720,246720,308965,374209,374209,374209,374209,374209,374209,374209,439771,501386,501388,501387
