# TIC 0189397763_morp_ 0.203_T0_ 1765.813220_P_ 12.7746423_analysis_6, none, Eclipse indices (see function measure_eclipses_dt).
# zeros_1, minimum_1, peaks_2_n, peaks_1, p_2_p, minimum_1_in, zeros_1_in, minimum_1_in_mid, zeros_1_in, minimum_1_in, p_2_p, peaks_1, peaks_2_n, minimum_1, zeros_1
310196,310196,310196,310230,310263,310265,310264,322112,333960,333960,333962,333996,334030,334031,334031
571344,571601,571636,572758,573744,573779,574444,577218,580657,580657,580679,582480,582651,584028,584028
