# TIC 0231075361_morp_ 1.002_T0_ 1598.587683_P_ 0.3197352_analysis_6, none, Eclipse indices (see function measure_eclipses_dt).
# zeros_1, minimum_1, peaks_2_n, peaks_1, p_2_p, minimum_1_in, zeros_1_in, minimum_1_in_mid, zeros_1_in, minimum_1_in, p_2_p, peaks_1, peaks_2_n, minimum_1, zeros_1
294944,294944,309635,354109,420210,420210,420210,420210,420210,420210,420210,486331,545514,545516,545515
545516,545516,561810,603769,669921,669921,669921,669921,669921,669921,669921,735967,777721,794943,794943
