# TIC 0365366508_morp_ 0.565_T0_ 1654.384410_P_ 1.9645947_analysis_6, none, Eclipse indices (see function measure_eclipses_dt).
# zeros_1, minimum_1, peaks_2_n, peaks_1, p_2_p, minimum_1_in, zeros_1_in, minimum_1_in_mid, zeros_1_in, minimum_1_in, p_2_p, peaks_1, peaks_2_n, minimum_1, zeros_1
334792,446446,452560,484205,497816,497816,497816,497816,497816,497816,497816,512003,543080,549207,648734
648735,697470,702820,737451,747594,747594,747594,747594,747594,747594,747594,777386,792625,798913,824406
