# TIC 0257525627_morp_ 0.847_T0_ 1411.171283_P_ 0.4566193_analysis_6, none, Eclipse indices (see function measure_eclipses_dt).
# zeros_1, minimum_1, peaks_2_n, peaks_1, p_2_p, minimum_1_in, zeros_1_in, minimum_1_in_mid, zeros_1_in, minimum_1_in, p_2_p, peaks_1, peaks_2_n, minimum_1, zeros_1
457608,457608,457608,518860,581905,581905,581905,581905,581905,581905,581905,644887,706171,706172,706172
706173,706172,706995,768207,831483,831483,831483,831483,831483,831483,831483,895254,957334,957607,957607
