# TIC 0180724703_morp_ 0.604_T0_ 1355.044971_P_ 1.1226132_analysis_6, none, Eclipse indices (see function measure_eclipses_dt).
# zeros_1, minimum_1, peaks_2_n, peaks_1, p_2_p, minimum_1_in, zeros_1_in, minimum_1_in_mid, zeros_1_in, minimum_1_in, p_2_p, peaks_1, peaks_2_n, minimum_1, zeros_1
296792,296791,296792,316345,340056,340056,340056,340056,340056,340056,340056,400634,433942,433944,433943
675957,675956,687817,709954,735737,735737,735737,735737,735737,735737,735737,764710,788703,796791,796790
