# TIC 0408351795_morp_ 0.366_T0_ 1520.459116_P_ 3.6761526_analysis_6, none, Eclipse indices (see function measure_eclipses_dt).
# zeros_1, minimum_1, peaks_2_n, peaks_1, p_2_p, minimum_1_in, zeros_1_in, minimum_1_in_mid, zeros_1_in, minimum_1_in, p_2_p, peaks_1, peaks_2_n, minimum_1, zeros_1
581296,581296,582891,585827,592700,593755,593754,596361,598968,598968,600491,607512,610414,611933,611933
830449,830449,833238,837971,846864,846864,846864,846864,846864,846864,846864,855547,860092,862907,862906
