# TIC 0357685999_morp_ 0.645_T0_ 1683.857459_P_ 0.9368597_analysis_6, none, Eclipse indices (see function measure_eclipses_dt).
# zeros_1, minimum_1, peaks_2_n, peaks_1, p_2_p, minimum_1_in, zeros_1_in, minimum_1_in_mid, zeros_1_in, minimum_1_in, p_2_p, peaks_1, peaks_2_n, minimum_1, zeros_1
616813,616812,616813,651686,686268,686268,686268,686268,686268,686268,686268,719661,752122,752124,752123
752124,752124,757126,883460,933328,933328,933328,933328,933328,933328,933328,984871,999998,999999,999999
