# TIC 0293480903_morp_ 0.117_T0_ 1330.982929_P_ 7.5694596_analysis_6, none, Eclipse indices (see function measure_eclipses_dt).
# zeros_1, minimum_1, peaks_2_n, peaks_1, p_2_p, minimum_1_in, zeros_1_in, minimum_1_in_mid, zeros_1_in, minimum_1_in, p_2_p, peaks_1, peaks_2_n, minimum_1, zeros_1
223081,223080,223128,223689,226485,226682,226682,228607,230533,230533,230712,233516,234068,234115,234115
275407,275406,275447,275974,276523,276523,276523,276523,276523,276523,276523,277086,277632,277666,277666
