# TIC 0264594193_morp_ 0.481_T0_ 1468.063257_P_ 2.2289026_analysis_6, none, Eclipse indices (see function measure_eclipses_dt).
# zeros_1, minimum_1, peaks_2_n, peaks_1, p_2_p, minimum_1_in, zeros_1_in, minimum_1_in_mid, zeros_1_in, minimum_1_in, p_2_p, peaks_1, peaks_2_n, minimum_1, zeros_1
466972,466972,470108,479132,489518,489518,489518,489518,489518,489518,489518,499277,509157,512134,512134
717185,717184,720006,728456,739354,739354,739354,739354,739354,739354,739354,748634,759226,761400,761399
