# TIC 0258837989_morp_ 0.659_T0_ 1598.456843_P_ 0.8870531_analysis_6, none, Eclipse indices (see function measure_eclipses_dt).
# zeros_1, minimum_1, peaks_2_n, peaks_1, p_2_p, minimum_1_in, zeros_1_in, minimum_1_in_mid, zeros_1_in, minimum_1_in, p_2_p, peaks_1, peaks_2_n, minimum_1, zeros_1
256160,340758,347387,356772,378512,378512,378512,378512,378512,378512,378512,400177,409298,415941,508940
508941,591789,596970,604104,629534,629534,629534,629534,629534,629534,629534,653674,659792,664832,750210
