# TIC 0177631209_morp_ 0.360_T0_ 1630.633643_P_ 2.1442081_analysis_6, none, Eclipse indices (see function measure_eclipses_dt).
# zeros_1, minimum_1, peaks_2_n, peaks_1, p_2_p, minimum_1_in, zeros_1_in, minimum_1_in_mid, zeros_1_in, minimum_1_in, p_2_p, peaks_1, peaks_2_n, minimum_1, zeros_1
476779,476779,480079,486294,498518,498518,498518,498518,498518,498518,498518,512490,518844,520382,525027
740735,740735,743665,747477,753979,753979,753979,753979,753979,753979,753979,760698,764314,767492,767491
