# TIC 0161744580_morp_ 0.527_T0_ 1740.496433_P_ 3.7718907_analysis_6, none, Eclipse indices (see function measure_eclipses_dt).
# zeros_1, minimum_1, peaks_2_n, peaks_1, p_2_p, minimum_1_in, zeros_1_in, minimum_1_in_mid, zeros_1_in, minimum_1_in, p_2_p, peaks_1, peaks_2_n, minimum_1, zeros_1
149239,149238,149250,150095,150943,150949,150949,152639,154330,154330,154330,155175,156019,156021,156021
768731,768731,768740,769573,770406,770414,770414,780404,790395,790395,790408,791243,792076,792093,792092
