# TIC 0436168322_morp_ 0.580_T0_ 1683.248365_P_ 1.5520028_analysis_6, none, Eclipse indices (see function measure_eclipses_dt).
# zeros_1, minimum_1, peaks_2_n, peaks_1, p_2_p, minimum_1_in, zeros_1_in, minimum_1_in_mid, zeros_1_in, minimum_1_in, p_2_p, peaks_1, peaks_2_n, minimum_1, zeros_1
408596,419762,422682,435083,464340,464340,464340,464340,464340,464340,464340,492703,507003,509824,522925
583210,665153,671724,693840,714382,714382,714382,714382,714382,714382,714382,735790,756037,764409,844383
