# TIC 0329246824_morp_ 0.649_T0_ 1683.602930_P_ 0.5876813_analysis_6, none, Eclipse indices (see function measure_eclipses_dt).
# zeros_1, minimum_1, peaks_2_n, peaks_1, p_2_p, minimum_1_in, zeros_1_in, minimum_1_in_mid, zeros_1_in, minimum_1_in, p_2_p, peaks_1, peaks_2_n, minimum_1, zeros_1
143529,201116,236279,256801,285585,285585,285585,285585,285585,285585,285585,314820,335469,370265,430063
430064,430064,488734,507135,537166,537166,537166,537166,537166,537166,537166,566073,584188,643528,643528
