# TIC 0324675819_morp_ 0.456_T0_ 1573.608122_P_ 3.3029374_analysis_6, none, Eclipse indices (see function measure_eclipses_dt).
# zeros_1, minimum_1, peaks_2_n, peaks_1, p_2_p, minimum_1_in, zeros_1_in, minimum_1_in_mid, zeros_1_in, minimum_1_in, p_2_p, peaks_1, peaks_2_n, minimum_1, zeros_1
496896,496896,497449,504450,518224,519943,519943,531581,543219,543219,543444,569175,571165,571167,571166
709296,709295,709863,712295,738067,738067,738067,738067,738067,738067,738067,763284,765036,769760,769759
