# TIC 0150187916_morp_ 0.920_T0_ 1599.304121_P_ 1.1162148_analysis_6, none, Eclipse indices (see function measure_eclipses_dt).
# zeros_1, minimum_1, peaks_2_n, peaks_1, p_2_p, minimum_1_in, zeros_1_in, minimum_1_in_mid, zeros_1_in, minimum_1_in, p_2_p, peaks_1, peaks_2_n, minimum_1, zeros_1
466555,466554,466555,528583,590439,590439,590439,590439,590439,590439,590439,653404,716039,716041,716040
716041,716041,716231,779004,842145,842145,842145,842145,842145,842145,842145,904188,966359,966554,966553
