# TIC 0033689349_morp_ 0.401_T0_ 1470.365463_P_ 3.4978978_analysis_6, none, Eclipse indices (see function measure_eclipses_dt).
# zeros_1, minimum_1, peaks_2_n, peaks_1, p_2_p, minimum_1_in, zeros_1_in, minimum_1_in_mid, zeros_1_in, minimum_1_in, p_2_p, peaks_1, peaks_2_n, minimum_1, zeros_1
213128,213127,214805,222408,229230,229230,229230,229230,229230,229230,229230,236947,244533,246209,246208
463119,463118,464777,470394,475304,476704,476704,479753,482802,482802,484037,488998,494580,496100,496099
