# TIC 0139303531_morp_ 0.570_T0_ 1842.610765_P_ 0.5394192_analysis_6, none, Eclipse indices (see function measure_eclipses_dt).
# zeros_1, minimum_1, peaks_2_n, peaks_1, p_2_p, minimum_1_in, zeros_1_in, minimum_1_in_mid, zeros_1_in, minimum_1_in, p_2_p, peaks_1, peaks_2_n, minimum_1, zeros_1
156914,156913,167296,203496,251955,251955,251955,251955,251955,251955,251955,362453,396531,396533,396532
396533,396533,409750,446627,492548,492548,492548,492548,492548,492548,492548,531080,656911,656913,656912
