# TIC 0290547036_morp_ 0.604_T0_ 1325.882961_P_ 0.9031481_analysis_6, none, Eclipse indices (see function measure_eclipses_dt).
# zeros_1, minimum_1, peaks_2_n, peaks_1, p_2_p, minimum_1_in, zeros_1_in, minimum_1_in_mid, zeros_1_in, minimum_1_in, p_2_p, peaks_1, peaks_2_n, minimum_1, zeros_1
223710,223710,224018,247658,273078,273078,273078,273078,273078,273078,273078,298517,320572,320987,323972
480159,497161,497549,497936,516880,517274,518681,525432,533591,533590,533891,552838,553225,553615,572012
