# TIC 0207004093_morp_ 0.295_T0_ 1469.038126_P_ 1.2475564_analysis_6, none, Eclipse indices (see function measure_eclipses_dt).
# zeros_1, minimum_1, peaks_2_n, peaks_1, p_2_p, minimum_1_in, zeros_1_in, minimum_1_in_mid, zeros_1_in, minimum_1_in, p_2_p, peaks_1, peaks_2_n, minimum_1, zeros_1
600752,600752,608116,624220,643424,643424,643424,643424,643424,643424,643424,663462,679999,687330,687329
850752,850752,858116,874219,893424,893424,893424,893424,893424,893424,893424,913462,929998,937330,937329
