# TIC 0296672022_morp_ 0.443_T0_ 1625.607943_P_ 3.4668153_analysis_6, none, Eclipse indices (see function measure_eclipses_dt).
# zeros_1, minimum_1, peaks_2_n, peaks_1, p_2_p, minimum_1_in, zeros_1_in, minimum_1_in_mid, zeros_1_in, minimum_1_in, p_2_p, peaks_1, peaks_2_n, minimum_1, zeros_1
254159,254158,257973,268681,281566,281566,281566,281566,281566,281566,281566,293789,304139,309325,309324
551184,551183,556127,566761,579189,579189,579189,579189,579189,579189,579189,592379,603123,607730,607729
