# TIC 0398763011_morp_ 0.452_T0_ 1574.622616_P_ 9.3189094_analysis_6, none, Eclipse indices (see function measure_eclipses_dt).
# zeros_1, minimum_1, peaks_2_n, peaks_1, p_2_p, minimum_1_in, zeros_1_in, minimum_1_in_mid, zeros_1_in, minimum_1_in, p_2_p, peaks_1, peaks_2_n, minimum_1, zeros_1
49475,49475,59408,70526,88034,88034,88034,88034,88034,88034,88034,105965,117516,124931,124930
435596,435595,437008,443406,469065,470954,470953,478838,486723,486722,490037,496762,515179,515181,515180
