# TIC 0302038263_morp_ 0.528_T0_ 1545.226842_P_ 1.5472603_analysis_6, none, Eclipse indices (see function measure_eclipses_dt).
# zeros_1, minimum_1, peaks_2_n, peaks_1, p_2_p, minimum_1_in, zeros_1_in, minimum_1_in_mid, zeros_1_in, minimum_1_in, p_2_p, peaks_1, peaks_2_n, minimum_1, zeros_1
468097,468097,468097,468791,469477,469496,469495,472264,475034,475033,475034,475692,476366,476368,476367
921659,921659,921683,922378,923066,923104,923104,940734,958366,958365,958409,959095,959791,959818,959817
