# TIC 0461713146_morp_ 0.590_T0_ 1415.160808_P_ 4.9792349_analysis_6, none, Eclipse indices (see function measure_eclipses_dt).
# zeros_1, minimum_1, peaks_2_n, peaks_1, p_2_p, minimum_1_in, zeros_1_in, minimum_1_in_mid, zeros_1_in, minimum_1_in, p_2_p, peaks_1, peaks_2_n, minimum_1, zeros_1
393878,393878,393906,394013,394125,394137,394136,417487,440839,440838,440849,440954,441055,441080,441080
814211,814210,814223,814331,814438,814456,814455,817643,820831,820830,820843,820951,821059,821077,821076
