# TIC 0156414921_morp_ 0.779_T0_ 1816.613727_P_ 0.7158579_analysis_6, none, Eclipse indices (see function measure_eclipses_dt).
# zeros_1, minimum_1, peaks_2_n, peaks_1, p_2_p, minimum_1_in, zeros_1_in, minimum_1_in_mid, zeros_1_in, minimum_1_in, p_2_p, peaks_1, peaks_2_n, minimum_1, zeros_1
196778,196777,261296,279136,308285,313219,313219,323121,322184,333024,340139,357847,386648,447548,447547
447548,447548,523963,541402,570078,570078,570078,570078,570078,570078,570078,606094,623865,696777,696776
