# TIC 0199716496_morp_ 0.568_T0_ 1684.376797_P_ 1.0458364_analysis_6, none, Eclipse indices (see function measure_eclipses_dt).
# zeros_1, minimum_1, peaks_2_n, peaks_1, p_2_p, minimum_1_in, zeros_1_in, minimum_1_in_mid, zeros_1_in, minimum_1_in, p_2_p, peaks_1, peaks_2_n, minimum_1, zeros_1
139007,139006,148071,161817,177256,177256,177256,177256,177256,177256,177256,192939,206568,217338,217337
889128,889127,898174,911454,927230,927230,927230,927230,927230,927230,927230,943134,956389,966726,966725
