# TIC 0199716496_morp_ 0.568_T0_ 1684.376797_P_ 1.0458364_analysis_6, none, Eclipse indices (see function measure_eclipses_dt).
# zeros_1, minimum_1, peaks_2_n, peaks_1, p_2_p, minimum_1_in, zeros_1_in, minimum_1_in_mid, zeros_1_in, minimum_1_in, p_2_p, peaks_1, peaks_2_n, minimum_1, zeros_1
278135,278134,296258,323228,354484,354484,354484,354484,354484,354484,354484,386096,412950,433981,433980
645254,699302,712401,723145,744643,744643,744643,744643,744643,744643,744643,769228,778132,778134,778133
