# TIC 0121273032_morp_ 0.414_T0_ 1685.050289_P_ 3.4755735_analysis_6, none, Eclipse indices (see function measure_eclipses_dt).
# zeros_1, minimum_1, peaks_2_n, peaks_1, p_2_p, minimum_1_in, zeros_1_in, minimum_1_in_mid, zeros_1_in, minimum_1_in, p_2_p, peaks_1, peaks_2_n, minimum_1, zeros_1
88326,88325,93241,107897,121942,121942,121942,121942,121942,121942,121942,135960,150587,155789,155789
209146,209145,209726,212740,228999,228999,228999,228999,228999,228999,228999,244514,257404,259377,259377
