# TIC 0230050959_morp_ 0.447_T0_ 1958.040072_P_ 2.2344936_analysis_6, none, Eclipse indices (see function measure_eclipses_dt).
# zeros_1, minimum_1, peaks_2_n, peaks_1, p_2_p, minimum_1_in, zeros_1_in, minimum_1_in_mid, zeros_1_in, minimum_1_in, p_2_p, peaks_1, peaks_2_n, minimum_1, zeros_1
646621,646621,653233,658969,666399,666399,666399,666399,666399,666399,666399,674626,680633,688228,702281
897630,897630,903329,909298,917215,917215,917215,917215,917215,917215,917215,924434,930513,933315,933315
