# TIC 0143318403_morp_ 0.538_T0_ 1492.141832_P_ 0.7252496_analysis_6, none, Eclipse indices (see function measure_eclipses_dt).
# zeros_1, minimum_1, peaks_2_n, peaks_1, p_2_p, minimum_1_in, zeros_1_in, minimum_1_in_mid, zeros_1_in, minimum_1_in, p_2_p, peaks_1, peaks_2_n, minimum_1, zeros_1
598196,614215,639534,652991,671186,671186,671186,671186,671186,671186,671186,689403,703311,715613,715613
877333,877333,888860,902870,920695,920695,920695,920695,920695,920695,920695,939066,953366,963638,963638
