# TIC 0026656583_morp_ 0.628_T0_ 1683.886433_P_ 0.5276908_analysis_6, none, Eclipse indices (see function measure_eclipses_dt).
# zeros_1, minimum_1, peaks_2_n, peaks_1, p_2_p, minimum_1_in, zeros_1_in, minimum_1_in_mid, zeros_1_in, minimum_1_in, p_2_p, peaks_1, peaks_2_n, minimum_1, zeros_1
277275,347699,359296,367779,398863,398863,398863,398863,398863,398863,398863,421566,429037,437953,519332
599840,599839,610862,620052,629365,638712,638711,645632,652553,652552,660201,669505,678491,690884,753415
