# TIC 0367448265_morp_ 0.520_T0_ 1816.864667_P_ 1.8654176_analysis_6, none, Eclipse indices (see function measure_eclipses_dt).
# zeros_1, minimum_1, peaks_2_n, peaks_1, p_2_p, minimum_1_in, zeros_1_in, minimum_1_in_mid, zeros_1_in, minimum_1_in, p_2_p, peaks_1, peaks_2_n, minimum_1, zeros_1
318126,318125,321302,333020,346850,346850,346850,346850,346850,346850,346850,360032,371998,376399,424136
568314,568313,571264,582767,596773,596773,596773,596773,596773,596773,596773,610075,622012,625232,625231
