# TIC 0051024887_morp_ 0.284_T0_ 1797.336722_P_ 8.2674452_analysis_6, none, Eclipse indices (see function measure_eclipses_dt).
# zeros_1, minimum_1, peaks_2_n, peaks_1, p_2_p, minimum_1_in, zeros_1_in, minimum_1_in_mid, zeros_1_in, minimum_1_in, p_2_p, peaks_1, peaks_2_n, minimum_1, zeros_1
671431,671431,671462,676792,709308,709308,709308,709308,709308,709308,709308,724004,729172,729574,729573
900787,900787,902057,907025,912004,913254,913253,921391,929528,929528,930909,935939,940855,942505,942505
