# TIC 0092352621_morp_ 0.287_T0_ 1328.310677_P_ 7.8963939_analysis_6, none, Eclipse indices (see function measure_eclipses_dt).
# zeros_1, minimum_1, peaks_2_n, peaks_1, p_2_p, minimum_1_in, zeros_1_in, minimum_1_in_mid, zeros_1_in, minimum_1_in, p_2_p, peaks_1, peaks_2_n, minimum_1, zeros_1
107252,107251,111162,119847,130194,130194,130194,130194,130194,130194,130194,140591,149324,153095,153095
879015,879014,892829,900522,911015,911015,911015,911015,911015,911015,911015,920596,929626,930474,930474
