# TIC 0219328784_morp_ 0.604_T0_ 1327.668976_P_ 1.9681031_analysis_6, none, Eclipse indices (see function measure_eclipses_dt).
# zeros_1, minimum_1, peaks_2_n, peaks_1, p_2_p, minimum_1_in, zeros_1_in, minimum_1_in_mid, zeros_1_in, minimum_1_in, p_2_p, peaks_1, peaks_2_n, minimum_1, zeros_1
417525,417524,417943,421800,426309,426309,426309,426309,426309,426309,426309,428614,430854,430856,430855
943413,943412,946595,950624,955840,955840,955840,955840,955840,955840,955840,960761,964829,967035,967034
