# TIC 0306956190_morp_ 0.608_T0_ 1763.759155_P_ 9.8292587_analysis_6, none, Eclipse indices (see function measure_eclipses_dt).
# zeros_1, minimum_1, peaks_2_n, peaks_1, p_2_p, minimum_1_in, zeros_1_in, minimum_1_in_mid, zeros_1_in, minimum_1_in, p_2_p, peaks_1, peaks_2_n, minimum_1, zeros_1
238807,238806,238807,238830,238852,238853,238853,247254,255656,255656,255656,255679,255700,255701,255701
372098,372098,372098,372121,372143,372144,372144,490059,607975,607974,607975,607997,608019,608020,608020
