# TIC 0306956190_morp_ 0.608_T0_ 1763.759155_P_ 9.8292587_analysis_6, none, Eclipse indices (see function measure_eclipses_dt).
# zeros_1, minimum_1, peaks_2_n, peaks_1, p_2_p, minimum_1_in, zeros_1_in, minimum_1_in_mid, zeros_1_in, minimum_1_in, p_2_p, peaks_1, peaks_2_n, minimum_1, zeros_1
314841,314841,314874,335875,361247,361247,361247,361247,361247,361247,361247,384597,415152,415199,415736
565948,567033,567080,600945,614741,614741,614741,614741,614741,614741,614741,628536,669196,669227,669226
