# TIC 0029684896_morp_ 0.453_T0_ 1517.580814_P_ 1.6053784_analysis_6, none, Eclipse indices (see function measure_eclipses_dt).
# zeros_1, minimum_1, peaks_2_n, peaks_1, p_2_p, minimum_1_in, zeros_1_in, minimum_1_in_mid, zeros_1_in, minimum_1_in, p_2_p, peaks_1, peaks_2_n, minimum_1, zeros_1
250825,250825,261144,276252,295417,295417,295417,295417,295417,295417,295417,315475,330936,345770,345769
485211,485211,486367,501289,517404,517404,517404,517404,517404,517404,517404,531127,545067,545562,545562
