# TIC 0048450535_morp_ 0.233_T0_ 1685.775149_P_ 4.2338260_analysis_6, none, Eclipse indices (see function measure_eclipses_dt).
# zeros_1, minimum_1, peaks_2_n, peaks_1, p_2_p, minimum_1_in, zeros_1_in, minimum_1_in_mid, zeros_1_in, minimum_1_in, p_2_p, peaks_1, peaks_2_n, minimum_1, zeros_1
644759,644759,645047,647181,649146,649963,649962,653976,657990,657989,658918,661081,663354,663661,663660
894206,894206,896285,898651,903912,903912,903912,903912,903912,903912,903912,909545,911906,913898,913898
