# TIC 0437212966_morp_ 0.491_T0_ 1492.315189_P_ 3.1313903_analysis_6, none, Eclipse indices (see function measure_eclipses_dt).
# zeros_1, minimum_1, peaks_2_n, peaks_1, p_2_p, minimum_1_in, zeros_1_in, minimum_1_in_mid, zeros_1_in, minimum_1_in, p_2_p, peaks_1, peaks_2_n, minimum_1, zeros_1
442009,442008,448673,456566,466690,466690,466690,466690,466690,466690,466690,475672,484178,485002,485001
485002,485002,485002,493071,501629,501629,501629,501629,501629,501629,501629,512077,519128,546485,573164
