# TIC 0230088370_morp_ 0.184_T0_ 1933.495662_P_ 14.0076888_analysis_6, none, Eclipse indices (see function measure_eclipses_dt).
# zeros_1, minimum_1, peaks_2_n, peaks_1, p_2_p, minimum_1_in, zeros_1_in, minimum_1_in_mid, zeros_1_in, minimum_1_in, p_2_p, peaks_1, peaks_2_n, minimum_1, zeros_1
212800,212799,212800,213115,213430,213430,213430,213430,213430,213430,213430,213759,214081,214089,214088
321951,321950,321957,322279,322607,322607,322607,322607,322607,322607,322607,322925,323243,323244,323244
