# TIC 0261136311_morp_ 0.310_T0_ 1622.290424_P_ 8.8717027_analysis_6, none, Eclipse indices (see function measure_eclipses_dt).
# zeros_1, minimum_1, peaks_2_n, peaks_1, p_2_p, minimum_1_in, zeros_1_in, minimum_1_in_mid, zeros_1_in, minimum_1_in, p_2_p, peaks_1, peaks_2_n, minimum_1, zeros_1
549317,549316,551898,559236,562726,562726,562726,562726,562726,562726,562726,566273,573475,576197,576197
798646,798645,801572,808959,812495,812495,812495,812495,812495,812495,812495,815988,823386,826084,826084
