# TIC 0243391162_morp_ 0.481_T0_ 1598.698822_P_ 1.5171517_analysis_6, none, Eclipse indices (see function measure_eclipses_dt).
# zeros_1, minimum_1, peaks_2_n, peaks_1, p_2_p, minimum_1_in, zeros_1_in, minimum_1_in_mid, zeros_1_in, minimum_1_in, p_2_p, peaks_1, peaks_2_n, minimum_1, zeros_1
185034,185034,186095,189850,193224,195411,195411,266352,337294,337293,339996,359951,363744,365487,365486
396528,396527,399817,404641,417118,417118,417118,417118,417118,417118,417118,427013,431718,435764,435763
