# TIC 0341327281_morp_ 0.248_T0_ 1742.130597_P_ 4.3183028_analysis_6, none, Eclipse indices (see function measure_eclipses_dt).
# zeros_1, minimum_1, peaks_2_n, peaks_1, p_2_p, minimum_1_in, zeros_1_in, minimum_1_in_mid, zeros_1_in, minimum_1_in, p_2_p, peaks_1, peaks_2_n, minimum_1, zeros_1
499849,499849,503098,507091,512231,512231,512231,512231,512231,512231,512231,517345,521333,524622,524621
750083,750082,753914,757734,762726,762726,762726,762726,762726,762726,762726,767594,771517,773883,773883
