# TIC 0259967623_morp_ 0.532_T0_ 1740.687498_P_ 4.5992459_analysis_6, none, Eclipse indices (see function measure_eclipses_dt).
# zeros_1, minimum_1, peaks_2_n, peaks_1, p_2_p, minimum_1_in, zeros_1_in, minimum_1_in_mid, zeros_1_in, minimum_1_in, p_2_p, peaks_1, peaks_2_n, minimum_1, zeros_1
582312,582311,582312,582999,583687,583687,583687,583687,583687,583687,583687,584374,585060,585062,585061
726818,726817,726818,727495,728172,728182,728181,812013,895844,895844,895847,896531,897216,897218,897218
