# TIC 0279401848_morp_ 0.724_T0_ 1411.134599_P_ 0.3521565_analysis_6, none, Eclipse indices (see function measure_eclipses_dt).
# zeros_1, minimum_1, peaks_2_n, peaks_1, p_2_p, minimum_1_in, zeros_1_in, minimum_1_in_mid, zeros_1_in, minimum_1_in, p_2_p, peaks_1, peaks_2_n, minimum_1, zeros_1
209144,209143,259799,291827,336352,336352,336352,336352,336352,336352,336352,380375,411376,471930,471929
471930,471930,509297,542335,586541,586541,586541,586541,586541,586541,586541,630377,662616,709143,709142
