# TIC 0071847068_morp_ 0.363_T0_ 1793.331451_P_ 2.5874260_analysis_6, none, Eclipse indices (see function measure_eclipses_dt).
# zeros_1, minimum_1, peaks_2_n, peaks_1, p_2_p, minimum_1_in, zeros_1_in, minimum_1_in_mid, zeros_1_in, minimum_1_in, p_2_p, peaks_1, peaks_2_n, minimum_1, zeros_1
688469,688468,689961,698670,704929,704929,704929,704929,704929,704929,704929,711217,719936,721339,721339
938454,938454,939941,948734,954918,954918,954918,954918,954918,954918,954918,961126,969953,971147,971147
