# TIC 0380618882_morp_ 0.250_T0_ 1897.671268_P_ 6.4702019_analysis_6, none, Eclipse indices (see function measure_eclipses_dt).
# zeros_1, minimum_1, peaks_2_n, peaks_1, p_2_p, minimum_1_in, zeros_1_in, minimum_1_in_mid, zeros_1_in, minimum_1_in, p_2_p, peaks_1, peaks_2_n, minimum_1, zeros_1
308006,308006,314553,314609,322613,322613,322613,322613,322613,322613,322613,325926,331810,331858,331857
538977,538976,539018,545351,548774,548774,548774,548774,548774,548774,548774,557791,557847,564834,564834
