# TIC 0260502102_morp_ 0.125_T0_ 1600.080265_P_ 7.3152083_analysis_6, none, Eclipse indices (see function measure_eclipses_dt).
# zeros_1, minimum_1, peaks_2_n, peaks_1, p_2_p, minimum_1_in, zeros_1_in, minimum_1_in_mid, zeros_1_in, minimum_1_in, p_2_p, peaks_1, peaks_2_n, minimum_1, zeros_1
732435,732435,734401,736533,739265,739265,739265,739265,739265,739265,739265,742046,744215,745786,745785
894783,894782,896159,898425,901516,901516,901516,901516,901516,901516,901516,904650,907082,908873,908872
