# TIC 0241013310_morp_ 0.524_T0_ 1765.792392_P_ 2.1448943_analysis_6, none, Eclipse indices (see function measure_eclipses_dt).
# zeros_1, minimum_1, peaks_2_n, peaks_1, p_2_p, minimum_1_in, zeros_1_in, minimum_1_in_mid, zeros_1_in, minimum_1_in, p_2_p, peaks_1, peaks_2_n, minimum_1, zeros_1
334046,334046,334046,334336,334625,334626,334626,347966,361307,361306,361361,362805,363097,363134,363133
481674,481673,481869,486728,499914,499914,499914,499914,499914,499914,499914,517672,523638,523809,523809
