# TIC 0122712115_morp_ 0.984_T0_ 1683.791154_P_ 0.7314944_analysis_6, none, Eclipse indices (see function measure_eclipses_dt).
# zeros_1, minimum_1, peaks_2_n, peaks_1, p_2_p, minimum_1_in, zeros_1_in, minimum_1_in_mid, zeros_1_in, minimum_1_in, p_2_p, peaks_1, peaks_2_n, minimum_1, zeros_1
234655,234655,234655,298504,360898,360898,360898,360898,360898,360898,360898,424100,488469,488471,488470
488471,488471,489507,551790,612246,612246,612246,612246,612246,612246,612246,671891,733596,734654,734654
