# TIC 0287328866_morp_ 0.400_T0_ 1598.809076_P_ 2.0767992_analysis_6, none, Eclipse indices (see function measure_eclipses_dt).
# zeros_1, minimum_1, peaks_2_n, peaks_1, p_2_p, minimum_1_in, zeros_1_in, minimum_1_in_mid, zeros_1_in, minimum_1_in, p_2_p, peaks_1, peaks_2_n, minimum_1, zeros_1
206115,206115,208612,236522,253484,253484,253484,253484,253484,253484,253484,270359,298703,301087,301086
651731,651730,652381,665449,678635,678635,678635,678635,678635,678635,678635,693445,706113,706114,706114
