# TIC 0027312189_morp_ 0.259_T0_ 1687.189318_P_ 4.1779073_analysis_6, none, Eclipse indices (see function measure_eclipses_dt).
# zeros_1, minimum_1, peaks_2_n, peaks_1, p_2_p, minimum_1_in, zeros_1_in, minimum_1_in_mid, zeros_1_in, minimum_1_in, p_2_p, peaks_1, peaks_2_n, minimum_1, zeros_1
430341,430340,430396,430660,431956,432045,432045,438378,444712,444712,444794,446089,446352,446395,446394
583871,583871,583894,584156,585468,585483,585482,586517,587551,587551,587562,588870,589131,589152,589151
