# TIC 0451112995_morp_ 0.282_T0_ 1604.160743_P_ 9.3056453_analysis_6, none, Eclipse indices (see function measure_eclipses_dt).
# zeros_1, minimum_1, peaks_2_n, peaks_1, p_2_p, minimum_1_in, zeros_1_in, minimum_1_in_mid, zeros_1_in, minimum_1_in, p_2_p, peaks_1, peaks_2_n, minimum_1, zeros_1
76776,76775,77973,83103,89111,89111,89111,89111,89111,89111,89111,94343,99333,100258,100257
403365,416449,421841,426283,432032,432032,432032,432032,432032,432032,432032,437777,443269,443369,443369
