# TIC 0389754101_morp_ 0.462_T0_ 1357.234679_P_ 3.8034403_analysis_6, none, Eclipse indices (see function measure_eclipses_dt).
# zeros_1, minimum_1, peaks_2_n, peaks_1, p_2_p, minimum_1_in, zeros_1_in, minimum_1_in_mid, zeros_1_in, minimum_1_in, p_2_p, peaks_1, peaks_2_n, minimum_1, zeros_1
342252,343220,343373,352657,363858,363858,363858,363858,363858,363858,363858,371702,380659,380807,381817
592410,594110,594263,602887,612022,612022,612022,612022,612022,612022,612022,621524,629771,631759,632339
