# TIC 0229616860_morp_ 0.158_T0_ 1957.538675_P_ 5.6932747_analysis_6, none, Eclipse indices (see function measure_eclipses_dt).
# zeros_1, minimum_1, peaks_2_n, peaks_1, p_2_p, minimum_1_in, zeros_1_in, minimum_1_in_mid, zeros_1_in, minimum_1_in, p_2_p, peaks_1, peaks_2_n, minimum_1, zeros_1
50214,50214,52344,54612,57530,57530,57530,57530,57530,57530,57530,60465,62732,64545,64544
306070,306069,307972,310200,313077,313077,313077,313077,313077,313077,313077,315941,318161,320090,320089
