# TIC 0128344724_morp_ 0.781_T0_ 1738.818802_P_ 0.7299716_analysis_6, none, Eclipse indices (see function measure_eclipses_dt).
# zeros_1, minimum_1, peaks_2_n, peaks_1, p_2_p, minimum_1_in, zeros_1_in, minimum_1_in_mid, zeros_1_in, minimum_1_in, p_2_p, peaks_1, peaks_2_n, minimum_1, zeros_1
535409,535409,537450,540656,543799,546216,546216,581587,585475,616958,620215,623627,626914,631170,652298
789614,789613,791331,794570,797790,799353,799352,830844,862335,862335,864101,880898,884577,886094,886094
