# TIC 0141809359_morp_ 0.089_T0_ 1607.719265_P_ 12.1575600_analysis_6, none, Eclipse indices (see function measure_eclipses_dt).
# zeros_1, minimum_1, peaks_2_n, peaks_1, p_2_p, minimum_1_in, zeros_1_in, minimum_1_in_mid, zeros_1_in, minimum_1_in, p_2_p, peaks_1, peaks_2_n, minimum_1, zeros_1
182152,186624,187289,189031,195739,195739,195739,195739,195739,195739,195739,199951,200506,201101,202203
785075,786090,786684,788593,790875,790875,790875,790875,790875,790875,790875,793461,794048,796026,796813
