# TIC 0165186801_morp_ 0.571_T0_ 1438.164187_P_ 1.0495707_analysis_6, none, Eclipse indices (see function measure_eclipses_dt).
# zeros_1, minimum_1, peaks_2_n, peaks_1, p_2_p, minimum_1_in, zeros_1_in, minimum_1_in_mid, zeros_1_in, minimum_1_in, p_2_p, peaks_1, peaks_2_n, minimum_1, zeros_1
587553,640952,641383,664925,685253,685253,685253,685253,685253,685253,685253,703143,780061,780427,783278
811553,886402,891327,917693,935083,935083,935083,935083,935083,935083,935083,951655,978095,982987,999999
