# TIC 0197908268_morp_ 0.623_T0_ 1353.860064_P_ 0.9131569_analysis_6, none, Eclipse indices (see function measure_eclipses_dt).
# zeros_1, minimum_1, peaks_2_n, peaks_1, p_2_p, minimum_1_in, zeros_1_in, minimum_1_in_mid, zeros_1_in, minimum_1_in, p_2_p, peaks_1, peaks_2_n, minimum_1, zeros_1
31241,31241,50341,78229,111421,111421,111421,111421,111421,111421,111421,144555,173039,184893,191533
335121,335120,335121,348189,359413,359413,359413,359413,359413,359413,359413,374543,389316,391322,391322
