# TIC 0325205605_morp_ 0.400_T0_ 1328.663997_P_ 4.2484918_analysis_6, none, Eclipse indices (see function measure_eclipses_dt).
# zeros_1, minimum_1, peaks_2_n, peaks_1, p_2_p, minimum_1_in, zeros_1_in, minimum_1_in_mid, zeros_1_in, minimum_1_in, p_2_p, peaks_1, peaks_2_n, minimum_1, zeros_1
27908,27907,27951,31539,32622,32698,32698,41030,49363,49362,49415,50809,53149,53201,53200
782854,782853,782921,783003,783420,783464,783463,792913,802362,802362,802421,802836,802920,802956,802956
