# TIC 0317191077_morp_ 0.565_T0_ 1469.538059_P_ 2.1917865_analysis_6, none, Eclipse indices (see function measure_eclipses_dt).
# zeros_1, minimum_1, peaks_2_n, peaks_1, p_2_p, minimum_1_in, zeros_1_in, minimum_1_in_mid, zeros_1_in, minimum_1_in, p_2_p, peaks_1, peaks_2_n, minimum_1, zeros_1
264340,264340,268493,273140,283903,283903,283903,283903,283903,283903,283903,294765,299880,304225,304224
515009,515008,518635,523037,534207,534207,534207,534207,534207,534207,534207,545014,549821,552605,552605
