# KIC09954225_morp_0.56_T0_54965.049719_P_1.3406515_analysis_6, none, Eclipse indices (see function measure_eclipses_dt).
# zeros_1, minimum_1, peaks_2_n, peaks_1, p_2_p, minimum_1_in, zeros_1_in, minimum_1_in_mid, zeros_1_in, minimum_1_in, p_2_p, peaks_1, peaks_2_n, minimum_1, zeros_1
200212,200212,310017,329069,342516,342516,342516,342516,342516,342516,342516,357471,377541,391898,446276
549861,549860,560692,577445,594061,594061,594061,594061,594061,594061,594061,610597,627564,637232,637232
