# TIC 0641169122_morp_ 0.430_T0_ 1791.024508_P_ 1.8234946_analysis_6, none, Eclipse indices (see function measure_eclipses_dt).
# zeros_1, minimum_1, peaks_2_n, peaks_1, p_2_p, minimum_1_in, zeros_1_in, minimum_1_in_mid, zeros_1_in, minimum_1_in, p_2_p, peaks_1, peaks_2_n, minimum_1, zeros_1
3642,3642,4167,11016,16960,19340,19339,41819,64299,64298,64945,71135,77287,78020,78020
331980,331979,336056,343034,351649,351649,351649,351649,351649,351649,351649,360236,367324,370985,370985
