# TIC 0138888894_morp_ 0.822_T0_ 1683.874774_P_ 1.3535876_analysis_6, none, Eclipse indices (see function measure_eclipses_dt).
# zeros_1, minimum_1, peaks_2_n, peaks_1, p_2_p, minimum_1_in, zeros_1_in, minimum_1_in_mid, zeros_1_in, minimum_1_in, p_2_p, peaks_1, peaks_2_n, minimum_1, zeros_1
157084,234843,243446,248973,254994,262373,275470,280107,284605,297842,305416,311228,316872,324582,403813
403814,403813,403814,423752,530399,530399,530399,530399,530399,530399,530399,618461,623424,628581,657082
