# KIC07842610_morp_0.38_T0_54964.90968_P_1.9438654_analysis_6, none, Eclipse indices (see function measure_eclipses_dt).
# zeros_1, minimum_1, peaks_2_n, peaks_1, p_2_p, minimum_1_in, zeros_1_in, minimum_1_in_mid, zeros_1_in, minimum_1_in, p_2_p, peaks_1, peaks_2_n, minimum_1, zeros_1
220268,220267,225259,229571,235289,235289,235289,235289,235289,235289,235289,240976,245296,250202,250202
470646,470646,475259,479573,485237,485237,485237,485237,485237,485237,485237,490973,495295,500501,500501
