# TIC 0177308817_morp_ 0.067_T0_ 1339.631384_P_ 23.8960519_analysis_6, none, Eclipse indices (see function measure_eclipses_dt).
# zeros_1, minimum_1, peaks_2_n, peaks_1, p_2_p, minimum_1_in, zeros_1_in, minimum_1_in_mid, zeros_1_in, minimum_1_in, p_2_p, peaks_1, peaks_2_n, minimum_1, zeros_1
345678,345677,345678,345870,346061,346061,346061,346061,346061,346061,346061,346257,346450,346456,346455
878117,878116,878117,878312,878509,878509,878509,878509,878509,878509,878509,878705,878899,878905,878904
