# TIC 0055753802_morp_ 0.830_T0_ 1711.497056_P_ 0.4155664_analysis_6, none, Eclipse indices (see function measure_eclipses_dt).
# zeros_1, minimum_1, peaks_2_n, peaks_1, p_2_p, minimum_1_in, zeros_1_in, minimum_1_in_mid, zeros_1_in, minimum_1_in, p_2_p, peaks_1, peaks_2_n, minimum_1, zeros_1
279771,279770,293409,358749,406985,406985,406985,406985,406985,406985,406985,449956,515898,528746,528746
528747,528746,543293,575278,655443,655443,655443,655443,655443,655443,655443,733320,765439,779770,779769
