# TIC 0397679167_morp_ 0.765_T0_ 1742.729443_P_ 3.2490525_analysis_6, none, Eclipse indices (see function measure_eclipses_dt).
# zeros_1, minimum_1, peaks_2_n, peaks_1, p_2_p, minimum_1_in, zeros_1_in, minimum_1_in_mid, zeros_1_in, minimum_1_in, p_2_p, peaks_1, peaks_2_n, minimum_1, zeros_1
188941,188940,234201,269302,349923,349923,349923,349923,349923,349923,349923,409144,487974,500493,500493
500494,500493,500494,537836,609523,609523,609523,609523,609523,609523,609523,643096,669436,688940,688939
