# TIC 0443117794_morp_ 0.247_T0_ 1469.291990_P_ 6.2939598_analysis_6, none, Eclipse indices (see function measure_eclipses_dt).
# zeros_1, minimum_1, peaks_2_n, peaks_1, p_2_p, minimum_1_in, zeros_1_in, minimum_1_in_mid, zeros_1_in, minimum_1_in, p_2_p, peaks_1, peaks_2_n, minimum_1, zeros_1
704054,704054,704070,704148,704537,704553,704553,709045,713538,713537,713554,713943,714021,714037,714037
953746,953745,953759,953837,954226,954240,954239,959045,963850,963850,963865,964254,964331,964347,964346
