# TIC 0233904049_morp_ 0.734_T0_ 1683.648806_P_ 0.3112479_analysis_6, none, Eclipse indices (see function measure_eclipses_dt).
# zeros_1, minimum_1, peaks_2_n, peaks_1, p_2_p, minimum_1_in, zeros_1_in, minimum_1_in_mid, zeros_1_in, minimum_1_in, p_2_p, peaks_1, peaks_2_n, minimum_1, zeros_1
43842,88178,112899,141045,170855,170855,170855,170855,170855,170855,170855,197405,225760,249538,298911
298912,338359,375336,391348,419346,419346,419346,419346,419346,419346,419346,446593,463102,500279,543841
