# TIC 0044222598_morp_ 0.768_T0_ 1738.639815_P_ 2.1618647_analysis_6, none, Eclipse indices (see function measure_eclipses_dt).
# zeros_1, minimum_1, peaks_2_n, peaks_1, p_2_p, minimum_1_in, zeros_1_in, minimum_1_in_mid, zeros_1_in, minimum_1_in, p_2_p, peaks_1, peaks_2_n, minimum_1, zeros_1
416273,416272,434430,458859,507317,507317,507317,507317,507317,507317,507317,607841,632428,645265,645265
645266,645265,645266,692026,788977,788977,788977,788977,788977,788977,788977,850534,916270,916272,916271
