# TIC 0323143096_morp_ 0.395_T0_ 1771.217800_P_ 8.4393269_analysis_6, none, Eclipse indices (see function measure_eclipses_dt).
# zeros_1, minimum_1, peaks_2_n, peaks_1, p_2_p, minimum_1_in, zeros_1_in, minimum_1_in_mid, zeros_1_in, minimum_1_in, p_2_p, peaks_1, peaks_2_n, minimum_1, zeros_1
491727,491727,491885,492321,494499,494640,494639,501485,508331,508330,508476,510653,511089,511238,511237
741723,741722,741863,742298,744478,744607,744607,751468,758331,758330,758464,760642,761078,761219,761218
