# TIC 0318210930_morp_ 0.792_T0_ 1870.588155_P_ 0.2277127_analysis_6, none, Eclipse indices (see function measure_eclipses_dt).
# zeros_1, minimum_1, peaks_2_n, peaks_1, p_2_p, minimum_1_in, zeros_1_in, minimum_1_in_mid, zeros_1_in, minimum_1_in, p_2_p, peaks_1, peaks_2_n, minimum_1, zeros_1
420432,420432,487598,521636,541161,541161,541161,541161,541161,541161,541161,567001,599507,669313,669313
669314,669313,737292,762595,795825,795825,795825,795825,795825,795825,795825,821572,849550,920431,920431
