# TIC 0055383975_morp_ 0.034_T0_ 1366.771394_P_ 48.0513013_analysis_6, none, Eclipse indices (see function measure_eclipses_dt).
# zeros_1, minimum_1, peaks_2_n, peaks_1, p_2_p, minimum_1_in, zeros_1_in, minimum_1_in_mid, zeros_1_in, minimum_1_in, p_2_p, peaks_1, peaks_2_n, minimum_1, zeros_1
396651,396650,397215,397745,398553,398553,398553,398553,398553,398553,398553,399319,399838,400468,400467
527568,527567,528432,528786,529490,529490,529490,529490,529490,529490,529490,532539,533013,533048,533048
