# TIC 0042828781_morp_ 0.557_T0_ 1470.391794_P_ 2.9429254_analysis_6, none, Eclipse indices (see function measure_eclipses_dt).
# zeros_1, minimum_1, peaks_2_n, peaks_1, p_2_p, minimum_1_in, zeros_1_in, minimum_1_in_mid, zeros_1_in, minimum_1_in, p_2_p, peaks_1, peaks_2_n, minimum_1, zeros_1
460503,460502,462694,482359,493964,493964,493964,493964,493964,493964,493964,505844,525813,527936,527936
710544,710544,712643,733383,744143,744143,744143,744143,744143,744143,744143,755095,775833,777925,777925
