# TIC 0243319567_morp_ 0.752_T0_ 1683.628422_P_ 0.4392638_analysis_6, none, Eclipse indices (see function measure_eclipses_dt).
# zeros_1, minimum_1, peaks_2_n, peaks_1, p_2_p, minimum_1_in, zeros_1_in, minimum_1_in_mid, zeros_1_in, minimum_1_in, p_2_p, peaks_1, peaks_2_n, minimum_1, zeros_1
204758,204757,283290,299160,331018,331018,331018,331018,331018,331018,331018,362607,378334,456363,456362
456363,456363,533304,548945,580981,580981,580981,580981,580981,580981,580981,612733,628233,704757,704756
