# TIC 0155988736_morp_ 0.415_T0_ 1930.062618_P_ 6.8489974_analysis_6, none, Eclipse indices (see function measure_eclipses_dt).
# zeros_1, minimum_1, peaks_2_n, peaks_1, p_2_p, minimum_1_in, zeros_1_in, minimum_1_in_mid, zeros_1_in, minimum_1_in, p_2_p, peaks_1, peaks_2_n, minimum_1, zeros_1
98265,98265,99987,103246,111173,111173,111173,111173,111173,111173,111173,118812,122180,123814,123813
353493,353492,354770,359534,365154,367073,367073,369773,370934,372473,375028,380399,385163,386785,386785
