# TIC 0164558055_morp_ 0.519_T0_ 2011.378566_P_ 2.4270020_analysis_6, none, Eclipse indices (see function measure_eclipses_dt).
# zeros_1, minimum_1, peaks_2_n, peaks_1, p_2_p, minimum_1_in, zeros_1_in, minimum_1_in_mid, zeros_1_in, minimum_1_in, p_2_p, peaks_1, peaks_2_n, minimum_1, zeros_1
585899,585898,585981,586161,587062,587145,587144,598230,609317,609316,609396,610297,610477,610556,610556
835899,835898,835981,836161,837062,837144,837144,848230,859316,859316,859396,860296,860477,860556,860555
