# TIC 0394272819_morp_ 0.891_T0_ 1599.448672_P_ 2.9881577_analysis_6, none, Eclipse indices (see function measure_eclipses_dt).
# zeros_1, minimum_1, peaks_2_n, peaks_1, p_2_p, minimum_1_in, zeros_1_in, minimum_1_in_mid, zeros_1_in, minimum_1_in, p_2_p, peaks_1, peaks_2_n, minimum_1, zeros_1
95700,95699,95717,96032,96347,96366,96366,196156,295946,295946,295969,296284,296599,296621,296621
330604,330603,330604,330919,331233,331234,331234,437328,543422,543422,543450,543765,544080,544107,544106
