# TIC 0048499902_morp_ 0.572_T0_ 1687.042565_P_ 7.5811853_analysis_6, none, Eclipse indices (see function measure_eclipses_dt).
# zeros_1, minimum_1, peaks_2_n, peaks_1, p_2_p, minimum_1_in, zeros_1_in, minimum_1_in_mid, zeros_1_in, minimum_1_in, p_2_p, peaks_1, peaks_2_n, minimum_1, zeros_1
233840,233839,238096,244118,250223,254634,254633,262310,269987,269987,275585,281799,287942,293172,293172
484481,484480,489625,495873,516120,516120,516120,516120,516120,516120,516120,530886,537005,540792,540791
