# TIC 0348717439_morp_ 0.850_T0_ 1325.615763_P_ 0.4794003_analysis_6, none, Eclipse indices (see function measure_eclipses_dt).
# zeros_1, minimum_1, peaks_2_n, peaks_1, p_2_p, minimum_1_in, zeros_1_in, minimum_1_in_mid, zeros_1_in, minimum_1_in, p_2_p, peaks_1, peaks_2_n, minimum_1, zeros_1
190073,190072,223673,263330,312355,312355,312355,312355,312355,312355,312355,361687,401386,433858,433858
433859,433858,433859,512365,562886,562886,562886,562886,562886,562886,562886,613221,654449,690072,690071
