# TIC 0248410138_morp_ 0.663_T0_ 1438.788474_P_ 0.8219642_analysis_6, none, Eclipse indices (see function measure_eclipses_dt).
# zeros_1, minimum_1, peaks_2_n, peaks_1, p_2_p, minimum_1_in, zeros_1_in, minimum_1_in_mid, zeros_1_in, minimum_1_in, p_2_p, peaks_1, peaks_2_n, minimum_1, zeros_1
458924,458923,465594,489543,588052,588052,588052,588052,588052,588052,588052,686009,710102,717204,717204
717205,717204,717205,796316,838024,838024,838024,838024,838024,838024,838024,880816,958921,958923,958922
