# TIC 0202444594_morp_ 0.155_T0_ 1744.987092_P_ 15.9891803_analysis_6, none, Eclipse indices (see function measure_eclipses_dt).
# zeros_1, minimum_1, peaks_2_n, peaks_1, p_2_p, minimum_1_in, zeros_1_in, minimum_1_in_mid, zeros_1_in, minimum_1_in, p_2_p, peaks_1, peaks_2_n, minimum_1, zeros_1
241785,241785,241785,241990,242195,242195,242195,242195,242195,242195,242195,242399,242602,242604,242603
492196,492195,492196,492400,492605,492605,492605,492605,492605,492605,492605,492809,493012,493014,493013
