# TIC 0349154435_morp_ 0.192_T0_ 1598.640582_P_ 4.4321625_analysis_6, none, Eclipse indices (see function measure_eclipses_dt).
# zeros_1, minimum_1, peaks_2_n, peaks_1, p_2_p, minimum_1_in, zeros_1_in, minimum_1_in_mid, zeros_1_in, minimum_1_in, p_2_p, peaks_1, peaks_2_n, minimum_1, zeros_1
187459,187458,189775,192764,196582,196582,196582,196582,196582,196582,196582,200421,203422,205826,205826
941918,941918,944009,946958,950668,950668,950668,950668,950668,950668,950668,954229,957156,958593,958592
