# TIC 0121213501_morp_ 0.830_T0_ 1683.477122_P_ 0.4738341_analysis_6, none, Eclipse indices (see function measure_eclipses_dt).
# zeros_1, minimum_1, peaks_2_n, peaks_1, p_2_p, minimum_1_in, zeros_1_in, minimum_1_in_mid, zeros_1_in, minimum_1_in, p_2_p, peaks_1, peaks_2_n, minimum_1, zeros_1
299856,299855,321439,391911,408429,419436,419436,423573,427711,427711,440615,457012,546339,548063,548063
548064,548063,618684,638366,657854,666688,666688,674781,682875,682874,691198,710433,731002,799855,799854
