# TIC 0214299836_morp_ 0.865_T0_ 1325.751128_P_ 1.7424607_analysis_6, none, Eclipse indices (see function measure_eclipses_dt).
# zeros_1, minimum_1, peaks_2_n, peaks_1, p_2_p, minimum_1_in, zeros_1_in, minimum_1_in_mid, zeros_1_in, minimum_1_in, p_2_p, peaks_1, peaks_2_n, minimum_1, zeros_1
375537,375537,388020,465703,497369,497369,497369,497369,497369,497369,497369,512007,517001,626345,626345
626346,626345,638030,715655,747357,747357,747357,747357,747357,747357,747357,762016,767000,875536,875536
