# TIC 0065628544_morp_ 0.188_T0_ 1765.752866_P_ 12.1561888_analysis_6, none, Eclipse indices (see function measure_eclipses_dt).
# zeros_1, minimum_1, peaks_2_n, peaks_1, p_2_p, minimum_1_in, zeros_1_in, minimum_1_in_mid, zeros_1_in, minimum_1_in, p_2_p, peaks_1, peaks_2_n, minimum_1, zeros_1
523182,523182,529451,531997,536398,536398,536398,536398,536398,536398,536398,540946,543616,550221,550220
861329,861328,862393,864891,868892,868892,868892,868892,868892,868892,868892,873871,882194,882196,882195
