# TIC 0388086679_morp_ 0.298_T0_ 1492.651494_P_ 5.5922027_analysis_6, none, Eclipse indices (see function measure_eclipses_dt).
# zeros_1, minimum_1, peaks_2_n, peaks_1, p_2_p, minimum_1_in, zeros_1_in, minimum_1_in_mid, zeros_1_in, minimum_1_in, p_2_p, peaks_1, peaks_2_n, minimum_1, zeros_1
486454,486453,488131,491242,497642,497642,497642,497642,497642,497642,497642,503888,507193,508755,508755
736755,736755,738100,740719,747660,747660,747660,747660,747660,747660,747660,754072,757240,758512,758511
