# TIC 0200939418_morp_ 0.724_T0_ 1790.796044_P_ 0.5823027_analysis_6, none, Eclipse indices (see function measure_eclipses_dt).
# zeros_1, minimum_1, peaks_2_n, peaks_1, p_2_p, minimum_1_in, zeros_1_in, minimum_1_in_mid, zeros_1_in, minimum_1_in, p_2_p, peaks_1, peaks_2_n, minimum_1, zeros_1
393052,393051,453232,477364,514439,514439,514439,514439,514439,514439,514439,553620,579388,633926,633926
633927,633926,633927,729630,764682,764682,764682,764682,764682,764682,764682,798235,818771,893051,893050
