# TIC 0026432264_morp_ 0.742_T0_ 1791.466424_P_ 1.0500526_analysis_6, none, Eclipse indices (see function measure_eclipses_dt).
# zeros_1, minimum_1, peaks_2_n, peaks_1, p_2_p, minimum_1_in, zeros_1_in, minimum_1_in_mid, zeros_1_in, minimum_1_in, p_2_p, peaks_1, peaks_2_n, minimum_1, zeros_1
458800,458799,465965,475308,507543,507543,507543,507543,507543,507543,507543,538537,548148,550042,550041
581626,581625,581626,640429,725227,725227,725227,725227,725227,725227,725227,779148,789614,858451,858451
