# TIC 0050897998_morp_ 0.621_T0_ 1468.451199_P_ 1.4853749_analysis_6, none, Eclipse indices (see function measure_eclipses_dt).
# zeros_1, minimum_1, peaks_2_n, peaks_1, p_2_p, minimum_1_in, zeros_1_in, minimum_1_in_mid, zeros_1_in, minimum_1_in, p_2_p, peaks_1, peaks_2_n, minimum_1, zeros_1
438609,438608,438609,466735,563608,563608,563608,563608,563608,563608,563608,660460,688594,688608,688607
688608,688608,688608,716735,813608,813608,813608,813608,813608,813608,813608,910460,938594,938608,938607
