# TIC 0258519658_morp_ 0.388_T0_ 1598.217306_P_ 0.8877353_analysis_6, none, Eclipse indices (see function measure_eclipses_dt).
# zeros_1, minimum_1, peaks_2_n, peaks_1, p_2_p, minimum_1_in, zeros_1_in, minimum_1_in_mid, zeros_1_in, minimum_1_in, p_2_p, peaks_1, peaks_2_n, minimum_1, zeros_1
218571,218571,227511,237193,249718,249718,249718,249718,249718,249718,249718,262247,272318,278104,278103
476310,476310,479483,489041,500044,500044,500044,500044,500044,500044,500044,511306,520968,524135,524135
