# TIC 0289716926_morp_ 0.647_T0_ 1870.839335_P_ 0.5909092_analysis_6, none, Eclipse indices (see function measure_eclipses_dt).
# zeros_1, minimum_1, peaks_2_n, peaks_1, p_2_p, minimum_1_in, zeros_1_in, minimum_1_in_mid, zeros_1_in, minimum_1_in, p_2_p, peaks_1, peaks_2_n, minimum_1, zeros_1
417004,485879,493887,504724,523243,523243,523243,523243,523243,523243,523243,542120,550884,559134,641792
641793,735215,742889,751062,771865,771865,771865,771865,771865,771865,771865,791177,801093,808915,905088
