# TIC 0150361911_morp_ 0.461_T0_ 1545.543040_P_ 2.4938523_analysis_6, none, Eclipse indices (see function measure_eclipses_dt).
# zeros_1, minimum_1, peaks_2_n, peaks_1, p_2_p, minimum_1_in, zeros_1_in, minimum_1_in_mid, zeros_1_in, minimum_1_in, p_2_p, peaks_1, peaks_2_n, minimum_1, zeros_1
46163,49322,55132,62149,71338,71338,71338,71338,71338,71338,71338,80479,87584,93206,96877
295731,299592,305147,312203,321381,321381,321381,321381,321381,321381,321381,330516,337588,343056,347379
