# TIC 0343667351_morp_ 0.570_T0_ 1739.111266_P_ 1.5422069_analysis_6, none, Eclipse indices (see function measure_eclipses_dt).
# zeros_1, minimum_1, peaks_2_n, peaks_1, p_2_p, minimum_1_in, zeros_1_in, minimum_1_in_mid, zeros_1_in, minimum_1_in, p_2_p, peaks_1, peaks_2_n, minimum_1, zeros_1
22172,75962,84473,90955,142811,142811,142811,142811,142811,142811,142811,150731,156741,161170,161170
279998,315736,324242,331586,384735,384735,384735,384735,384735,384735,384735,435847,441665,449891,522171
