# TIC 0149030418_morp_ 0.443_T0_ 1627.977644_P_ 1.7402013_analysis_6, none, Eclipse indices (see function measure_eclipses_dt).
# zeros_1, minimum_1, peaks_2_n, peaks_1, p_2_p, minimum_1_in, zeros_1_in, minimum_1_in_mid, zeros_1_in, minimum_1_in, p_2_p, peaks_1, peaks_2_n, minimum_1, zeros_1
693086,693086,698418,707862,719568,719568,719568,719568,719568,719568,719568,731364,740938,746242,746242
936662,936661,944846,955344,968661,968661,968661,968661,968661,968661,968661,981981,992545,999646,999645
