# TIC 0160148385_morp_ 0.226_T0_ 1357.743583_P_ 6.8505104_analysis_6, none, Eclipse indices (see function measure_eclipses_dt).
# zeros_1, minimum_1, peaks_2_n, peaks_1, p_2_p, minimum_1_in, zeros_1_in, minimum_1_in_mid, zeros_1_in, minimum_1_in, p_2_p, peaks_1, peaks_2_n, minimum_1, zeros_1
511895,511894,513776,519967,526912,526912,526912,526912,526912,526912,526912,533820,540519,540521,540520
540521,540521,540663,547426,554367,554367,554367,554367,554367,554367,554367,561328,567634,569152,569152
