# TIC 0311062274_morp_ 0.210_T0_ 1817.984480_P_ 8.1900688_analysis_6, none, Eclipse indices (see function measure_eclipses_dt).
# zeros_1, minimum_1, peaks_2_n, peaks_1, p_2_p, minimum_1_in, zeros_1_in, minimum_1_in_mid, zeros_1_in, minimum_1_in, p_2_p, peaks_1, peaks_2_n, minimum_1, zeros_1
670717,670717,670761,671764,673150,673181,673181,675438,677697,677696,677737,679122,680126,680161,680160
841034,841776,841825,844167,849185,849221,849221,850421,850868,851621,851670,856114,858455,858505,859055
