# TIC 0128721058_morp_ 0.337_T0_ 1743.128014_P_ 5.7914560_analysis_6, none, Eclipse indices (see function measure_eclipses_dt).
# zeros_1, minimum_1, peaks_2_n, peaks_1, p_2_p, minimum_1_in, zeros_1_in, minimum_1_in_mid, zeros_1_in, minimum_1_in, p_2_p, peaks_1, peaks_2_n, minimum_1, zeros_1
119335,119334,124101,129088,135528,135528,135528,135528,135528,135528,135528,142308,147482,152072,152071
371449,371448,376277,381274,387780,387780,387780,387780,387780,387780,387780,394375,399417,404164,404163
