# TIC 0287196418_morp_ 0.418_T0_ 1684.207427_P_ 3.6950194_analysis_6, none, Eclipse indices (see function measure_eclipses_dt).
# zeros_1, minimum_1, peaks_2_n, peaks_1, p_2_p, minimum_1_in, zeros_1_in, minimum_1_in_mid, zeros_1_in, minimum_1_in, p_2_p, peaks_1, peaks_2_n, minimum_1, zeros_1
497609,497608,500047,502258,513522,513522,513522,513522,513522,513522,513522,524779,526933,529456,529455
747095,747095,747625,754222,756847,756847,756847,756847,756847,756847,756847,772865,778882,779392,779391
