# TIC 0309659126_morp_ 0.772_T0_ 1354.403460_P_ 0.2482701_analysis_6, none, Eclipse indices (see function measure_eclipses_dt).
# zeros_1, minimum_1, peaks_2_n, peaks_1, p_2_p, minimum_1_in, zeros_1_in, minimum_1_in_mid, zeros_1_in, minimum_1_in, p_2_p, peaks_1, peaks_2_n, minimum_1, zeros_1
359846,359845,359846,422345,484845,484845,484845,484845,484845,484845,484845,547345,609844,609845,609845
609846,609845,609846,672345,734845,734845,734845,734845,734845,734845,734845,797345,859843,859845,859844
