# TIC 0063309085_morp_ 0.961_T0_ 1900.100930_P_ 0.3464973_analysis_6, none, Eclipse indices (see function measure_eclipses_dt).
# zeros_1, minimum_1, peaks_2_n, peaks_1, p_2_p, minimum_1_in, zeros_1_in, minimum_1_in_mid, zeros_1_in, minimum_1_in, p_2_p, peaks_1, peaks_2_n, minimum_1, zeros_1
392918,392917,392918,452872,516194,516194,516194,516194,516194,516194,516194,584068,646913,646914,646914
646915,646914,649329,708516,772668,772668,772668,772668,772668,772668,772668,832930,892244,892917,892916
