# TIC 0144462697_morp_ 0.555_T0_ 1325.662508_P_ 1.2340071_analysis_6, none, Eclipse indices (see function measure_eclipses_dt).
# zeros_1, minimum_1, peaks_2_n, peaks_1, p_2_p, minimum_1_in, zeros_1_in, minimum_1_in_mid, zeros_1_in, minimum_1_in, p_2_p, peaks_1, peaks_2_n, minimum_1, zeros_1
330757,331882,332171,352818,358755,359045,362329,368433,377821,377821,377985,403151,406832,407123,408247
580844,585251,585564,602819,622768,622768,622768,622768,622768,622768,622768,638447,656831,657148,661492
