# TIC 0139699256_morp_ 0.455_T0_ 1322.451033_P_ 5.9527150_analysis_6, none, Eclipse indices (see function measure_eclipses_dt).
# zeros_1, minimum_1, peaks_2_n, peaks_1, p_2_p, minimum_1_in, zeros_1_in, minimum_1_in_mid, zeros_1_in, minimum_1_in, p_2_p, peaks_1, peaks_2_n, minimum_1, zeros_1
89533,89533,89533,89591,109221,109221,109221,109221,109221,109221,109221,129093,129152,129159,129158
399594,399593,399594,399652,399709,399711,399710,400297,400884,400883,400884,400942,400999,401001,401000
