# TIC 0274762761_morp_ 0.442_T0_ 1683.582218_P_ 1.0333694_analysis_6, none, Eclipse indices (see function measure_eclipses_dt).
# zeros_1, minimum_1, peaks_2_n, peaks_1, p_2_p, minimum_1_in, zeros_1_in, minimum_1_in_mid, zeros_1_in, minimum_1_in, p_2_p, peaks_1, peaks_2_n, minimum_1, zeros_1
81462,81462,89613,113124,141502,141502,141502,141502,141502,141502,141502,167170,186779,210850,263227
438261,438260,438261,459088,537231,537231,537231,537231,537231,537231,537231,562244,581460,581461,581461
