# TIC 0388436487_morp_ 0.370_T0_ 1791.010729_P_ 1.5491348_analysis_6, none, Eclipse indices (see function measure_eclipses_dt).
# zeros_1, minimum_1, peaks_2_n, peaks_1, p_2_p, minimum_1_in, zeros_1_in, minimum_1_in_mid, zeros_1_in, minimum_1_in, p_2_p, peaks_1, peaks_2_n, minimum_1, zeros_1
372175,372174,375329,380551,388116,388116,388116,388116,388116,388116,388116,395795,401182,404347,404346
419235,419234,419235,430447,436942,436942,436942,436942,436942,436942,436942,443340,452311,456164,456163
