# TIC 0459190726_morp_ 0.350_T0_ 1901.215639_P_ 4.1080260_analysis_6, none, Eclipse indices (see function measure_eclipses_dt).
# zeros_1, minimum_1, peaks_2_n, peaks_1, p_2_p, minimum_1_in, zeros_1_in, minimum_1_in_mid, zeros_1_in, minimum_1_in, p_2_p, peaks_1, peaks_2_n, minimum_1, zeros_1
6908,6908,8529,11948,16264,16264,16264,16264,16264,16264,16264,20513,24274,25480,25480
257259,257258,258568,262228,266487,266487,266487,266487,266487,266487,266487,270781,274311,275739,275738
