# TIC 0265489698_morp_ 0.636_T0_ 1326.457434_P_ 1.1554696_analysis_6, none, Eclipse indices (see function measure_eclipses_dt).
# zeros_1, minimum_1, peaks_2_n, peaks_1, p_2_p, minimum_1_in, zeros_1_in, minimum_1_in_mid, zeros_1_in, minimum_1_in, p_2_p, peaks_1, peaks_2_n, minimum_1, zeros_1
6685,6684,8287,21233,34524,34524,34524,34524,34524,34524,34524,58916,86446,86457,86457
269886,290449,308176,320108,336813,336813,336813,336813,336813,336813,336813,353657,365890,382798,405795
