# TIC 0326149070_morp_ 0.388_T0_ 1794.884752_P_ 1.9514945_analysis_6, none, Eclipse indices (see function measure_eclipses_dt).
# zeros_1, minimum_1, peaks_2_n, peaks_1, p_2_p, minimum_1_in, zeros_1_in, minimum_1_in_mid, zeros_1_in, minimum_1_in, p_2_p, peaks_1, peaks_2_n, minimum_1, zeros_1
496642,496641,496835,525181,534164,534164,534164,534164,534164,534164,534164,543124,571610,571612,571611
571612,571612,571819,579400,588138,588138,588138,588138,588138,588138,588138,594301,620239,620241,620240
