# TIC 0431159508_morp_ 0.201_T0_ 1741.316544_P_ 11.0674407_analysis_6, none, Eclipse indices (see function measure_eclipses_dt).
# zeros_1, minimum_1, peaks_2_n, peaks_1, p_2_p, minimum_1_in, zeros_1_in, minimum_1_in_mid, zeros_1_in, minimum_1_in, p_2_p, peaks_1, peaks_2_n, minimum_1, zeros_1
492761,492761,494514,498058,501606,501606,501606,501606,501606,501606,501606,505117,508826,510488,510488
742932,742931,744447,747741,751628,751628,751628,751628,751628,751628,751628,755573,758908,760336,760335
