# TIC 0029697290_morp_ 0.645_T0_ 1517.766785_P_ 0.8352303_analysis_6, none, Eclipse indices (see function measure_eclipses_dt).
# zeros_1, minimum_1, peaks_2_n, peaks_1, p_2_p, minimum_1_in, zeros_1_in, minimum_1_in_mid, zeros_1_in, minimum_1_in, p_2_p, peaks_1, peaks_2_n, minimum_1, zeros_1
172525,241478,277856,303575,339698,339698,339698,339698,339698,339698,339698,379462,410105,432194,432193
432194,432194,432194,456970,538801,538801,538801,538801,538801,538801,538801,639470,672522,672524,672523
