# TIC 0072839144_morp_ 0.615_T0_ 1983.738853_P_ 1.7556962_analysis_6, none, Eclipse indices (see function measure_eclipses_dt).
# zeros_1, minimum_1, peaks_2_n, peaks_1, p_2_p, minimum_1_in, zeros_1_in, minimum_1_in_mid, zeros_1_in, minimum_1_in, p_2_p, peaks_1, peaks_2_n, minimum_1, zeros_1
102177,102177,103707,152118,188080,188080,188080,188080,188080,188080,188080,226360,241032,244243,244242
321423,379960,387290,415103,438924,438924,438924,438924,438924,438924,438924,474710,490428,495056,553077
