# TIC 0190332444_morp_ 0.328_T0_ 1843.544742_P_ 1.5945732_analysis_6, none, Eclipse indices (see function measure_eclipses_dt).
# zeros_1, minimum_1, peaks_2_n, peaks_1, p_2_p, minimum_1_in, zeros_1_in, minimum_1_in_mid, zeros_1_in, minimum_1_in, p_2_p, peaks_1, peaks_2_n, minimum_1, zeros_1
216846,216846,218906,224411,230430,230430,230430,230430,230430,230430,230430,236185,241462,243616,243615
467200,467200,468772,474166,476961,478347,478346,480183,482019,482019,483442,486449,491579,493241,493240
