# KIC08294484_morp_0.58_T0_54999.83932_P_1.0127395_analysis_6, none, Eclipse indices (see function measure_eclipses_dt).
# zeros_1, minimum_1, peaks_2_n, peaks_1, p_2_p, minimum_1_in, zeros_1_in, minimum_1_in_mid, zeros_1_in, minimum_1_in, p_2_p, peaks_1, peaks_2_n, minimum_1, zeros_1
322167,322166,329591,337633,345685,353273,353272,359378,365484,365484,372926,381186,389284,398802,398801
492905,492904,495726,560460,606067,606067,606067,606067,606067,606067,606067,658314,704333,710064,729169
