# TIC 0181150051_morp_ 0.513_T0_ 1571.640627_P_ 1.0401227_analysis_6, none, Eclipse indices (see function measure_eclipses_dt).
# zeros_1, minimum_1, peaks_2_n, peaks_1, p_2_p, minimum_1_in, zeros_1_in, minimum_1_in_mid, zeros_1_in, minimum_1_in, p_2_p, peaks_1, peaks_2_n, minimum_1, zeros_1
453229,453229,460063,468477,478339,478339,478339,478339,478339,478339,478339,494681,507083,511141,511140
705623,705622,711729,721024,732069,732069,732069,732069,732069,732069,732069,746350,759157,760502,760502
