# KIC08356054_morp_0.07_T0_55282.974394_P_17.0812314_analysis_6, none, Eclipse indices (see function measure_eclipses_dt).
# zeros_1, minimum_1, peaks_2_n, peaks_1, p_2_p, minimum_1_in, zeros_1_in, minimum_1_in_mid, zeros_1_in, minimum_1_in, p_2_p, peaks_1, peaks_2_n, minimum_1, zeros_1
523973,523973,524856,525660,526735,526735,526735,526735,526735,526735,526735,527814,528627,529503,529502
781230,781229,782181,783515,786130,786130,786130,786130,786130,786130,786130,788838,790085,790943,790943
