# TIC 0136732283_morp_ 0.424_T0_ 1683.930643_P_ 1.2918663_analysis_6, none, Eclipse indices (see function measure_eclipses_dt).
# zeros_1, minimum_1, peaks_2_n, peaks_1, p_2_p, minimum_1_in, zeros_1_in, minimum_1_in_mid, zeros_1_in, minimum_1_in, p_2_p, peaks_1, peaks_2_n, minimum_1, zeros_1
436917,436917,442548,465681,494358,494358,494358,494358,494358,494358,494358,513619,531399,537742,537742
689336,689335,699432,723821,756116,756116,756116,756116,756116,756116,756116,789204,849581,854277,854276
