# TIC 0141124793_morp_ 0.266_T0_ 1599.137154_P_ 5.8870350_analysis_6, none, Eclipse indices (see function measure_eclipses_dt).
# zeros_1, minimum_1, peaks_2_n, peaks_1, p_2_p, minimum_1_in, zeros_1_in, minimum_1_in_mid, zeros_1_in, minimum_1_in, p_2_p, peaks_1, peaks_2_n, minimum_1, zeros_1
192989,192988,194431,196471,199056,199056,199056,199056,199056,199056,199056,201626,203645,205202,205202
942385,942384,944291,946310,948919,948919,948919,948919,948919,948919,948919,951599,953672,955336,955336
