# TIC 0406798603_morp_ 0.601_T0_ 1930.778660_P_ 0.9063451_analysis_6, none, Eclipse indices (see function measure_eclipses_dt).
# zeros_1, minimum_1, peaks_2_n, peaks_1, p_2_p, minimum_1_in, zeros_1_in, minimum_1_in_mid, zeros_1_in, minimum_1_in, p_2_p, peaks_1, peaks_2_n, minimum_1, zeros_1
15733,22417,27901,32672,64279,64279,64279,64279,64279,64279,64279,95896,100865,112560,112559
266127,266126,266406,282073,295370,299699,309877,309101,318504,318503,318576,346295,361999,362000,362000
