# TIC 0387463207_morp_ 0.760_T0_ 1411.410268_P_ 0.3799213_analysis_6, none, Eclipse indices (see function measure_eclipses_dt).
# zeros_1, minimum_1, peaks_2_n, peaks_1, p_2_p, minimum_1_in, zeros_1_in, minimum_1_in_mid, zeros_1_in, minimum_1_in, p_2_p, peaks_1, peaks_2_n, minimum_1, zeros_1
167719,167719,243540,264962,297039,297039,297039,297039,297039,297039,297039,328894,350450,420384,420383
420384,420384,492602,515159,545766,545766,545766,545766,545766,545766,545766,577500,602776,667718,667718
