# TIC 0191926695_morp_ 0.413_T0_ 1518.410366_P_ 1.9350003_analysis_6, none, Eclipse indices (see function measure_eclipses_dt).
# zeros_1, minimum_1, peaks_2_n, peaks_1, p_2_p, minimum_1_in, zeros_1_in, minimum_1_in_mid, zeros_1_in, minimum_1_in, p_2_p, peaks_1, peaks_2_n, minimum_1, zeros_1
12158,12158,15415,22131,30223,30223,30223,30223,30223,30223,30223,39369,44692,47818,47818
261673,261672,265467,271955,279960,279960,279960,279960,279960,279960,279960,288505,294528,298660,298660
