# TIC 0412942849_morp_ 0.624_T0_ 1598.002994_P_ 0.1903048_analysis_6, none, Eclipse indices (see function measure_eclipses_dt).
# zeros_1, minimum_1, peaks_2_n, peaks_1, p_2_p, minimum_1_in, zeros_1_in, minimum_1_in_mid, zeros_1_in, minimum_1_in, p_2_p, peaks_1, peaks_2_n, minimum_1, zeros_1
319562,389153,442387,455569,477157,477157,477157,477157,477157,477157,477157,498079,511809,633027,633027
673646,673645,691130,706451,726663,726663,726663,726663,726663,726663,726663,747389,762856,783951,783950
