# TIC 0320947341_morp_ 0.523_T0_ 1817.061110_P_ 1.0334520_analysis_6, none, Eclipse indices (see function measure_eclipses_dt).
# zeros_1, minimum_1, peaks_2_n, peaks_1, p_2_p, minimum_1_in, zeros_1_in, minimum_1_in_mid, zeros_1_in, minimum_1_in, p_2_p, peaks_1, peaks_2_n, minimum_1, zeros_1
630936,630935,630936,633970,636681,636986,636986,684603,732220,732220,733431,735961,738726,739296,739296
869404,869403,873338,894285,907846,907846,907846,907846,907846,907846,907846,921465,942302,946497,946496
