# TIC 0181862539_morp_ 0.564_T0_ 1572.320522_P_ 3.1445398_analysis_6, none, Eclipse indices (see function measure_eclipses_dt).
# zeros_1, minimum_1, peaks_2_n, peaks_1, p_2_p, minimum_1_in, zeros_1_in, minimum_1_in_mid, zeros_1_in, minimum_1_in, p_2_p, peaks_1, peaks_2_n, minimum_1, zeros_1
443413,443412,446748,496703,619993,619993,619993,619993,619993,619993,619993,673826,712334,741327,741326
741327,741327,741327,780429,855030,855030,855030,855030,855030,855030,855030,904193,943410,943412,943411
