# TIC 0384654908_morp_ 0.588_T0_ 1794.692543_P_ 4.4531601_analysis_6, none, Eclipse indices (see function measure_eclipses_dt).
# zeros_1, minimum_1, peaks_2_n, peaks_1, p_2_p, minimum_1_in, zeros_1_in, minimum_1_in_mid, zeros_1_in, minimum_1_in, p_2_p, peaks_1, peaks_2_n, minimum_1, zeros_1
529211,529210,529246,529388,530096,530132,530131,555716,581301,581301,581330,582042,582184,582213,582213
768511,768511,768514,768656,768798,768801,768801,807498,846197,846196,846201,846344,846487,846491,846491
