# TIC 0363847487_morp_ 0.304_T0_ 1599.533787_P_ 2.4012395_analysis_6, none, Eclipse indices (see function measure_eclipses_dt).
# zeros_1, minimum_1, peaks_2_n, peaks_1, p_2_p, minimum_1_in, zeros_1_in, minimum_1_in_mid, zeros_1_in, minimum_1_in, p_2_p, peaks_1, peaks_2_n, minimum_1, zeros_1
329947,329946,334109,335684,342269,342269,342269,342269,342269,342269,342269,351721,353373,358334,358333
580055,580055,582506,585741,593552,593552,593552,593552,593552,593552,593552,601161,604675,606886,606885
