# TIC 0354119540_morp_ 0.441_T0_ 1956.064799_P_ 1.7634653_analysis_6, none, Eclipse indices (see function measure_eclipses_dt).
# zeros_1, minimum_1, peaks_2_n, peaks_1, p_2_p, minimum_1_in, zeros_1_in, minimum_1_in_mid, zeros_1_in, minimum_1_in, p_2_p, peaks_1, peaks_2_n, minimum_1, zeros_1
644,644,4850,10969,21969,21969,21969,21969,21969,21969,21969,32714,38486,42673,42672
751134,751134,754864,760199,771890,771890,771890,771890,771890,771890,771890,783088,788409,792119,792119
