# TIC 0262614966_morp_ 0.953_T0_ 1544.624177_P_ 1.1545645_analysis_6, none, Eclipse indices (see function measure_eclipses_dt).
# zeros_1, minimum_1, peaks_2_n, peaks_1, p_2_p, minimum_1_in, zeros_1_in, minimum_1_in_mid, zeros_1_in, minimum_1_in, p_2_p, peaks_1, peaks_2_n, minimum_1, zeros_1
256811,256811,256811,310715,385728,385728,385728,385728,385728,385728,385728,453650,504868,507561,507560
507561,507561,507561,561325,636901,636901,636901,636901,636901,636901,636901,703685,754748,756810,756810
