# TIC 0159950145_morp_ 0.728_T0_ 1411.215975_P_ 0.3950963_analysis_6, none, Eclipse indices (see function measure_eclipses_dt).
# zeros_1, minimum_1, peaks_2_n, peaks_1, p_2_p, minimum_1_in, zeros_1_in, minimum_1_in_mid, zeros_1_in, minimum_1_in, p_2_p, peaks_1, peaks_2_n, minimum_1, zeros_1
447411,447410,510294,542011,568105,568105,568105,568105,568105,568105,568105,593529,623695,703313,703313
703314,703313,761279,792766,817722,817722,817722,817722,817722,817722,817722,842042,873148,947410,947409
