# TIC 0396721448_morp_ 0.317_T0_ 1438.043639_P_ 29.4183827_analysis_6, none, Eclipse indices (see function measure_eclipses_dt).
# zeros_1, minimum_1, peaks_2_n, peaks_1, p_2_p, minimum_1_in, zeros_1_in, minimum_1_in_mid, zeros_1_in, minimum_1_in, p_2_p, peaks_1, peaks_2_n, minimum_1, zeros_1
399527,399527,403180,415848,430440,430440,430440,430440,430440,430440,430440,444559,456984,461354,461353
761492,761491,763020,776252,790005,790005,790005,790005,790005,790005,790005,803090,815726,816638,816638
