# TIC 0356015361_morp_ 0.180_T0_ 1770.443901_P_ 11.2599309_analysis_6, none, Eclipse indices (see function measure_eclipses_dt).
# zeros_1, minimum_1, peaks_2_n, peaks_1, p_2_p, minimum_1_in, zeros_1_in, minimum_1_in_mid, zeros_1_in, minimum_1_in, p_2_p, peaks_1, peaks_2_n, minimum_1, zeros_1
204873,206302,209879,212155,215287,215287,215287,215287,215287,215287,215287,218355,220719,223585,223585
560207,560206,563265,565674,568894,568894,568894,568894,568894,568894,568894,572076,574422,578034,581230
