# TIC 0279254042_morp_ 0.624_T0_ 1325.878017_P_ 0.5968517_analysis_6, none, Eclipse indices (see function measure_eclipses_dt).
# zeros_1, minimum_1, peaks_2_n, peaks_1, p_2_p, minimum_1_in, zeros_1_in, minimum_1_in_mid, zeros_1_in, minimum_1_in, p_2_p, peaks_1, peaks_2_n, minimum_1, zeros_1
594727,664875,673007,682062,703519,703519,703519,703519,703519,703519,703519,721103,730873,736419,736419
918341,918341,923025,931277,950322,950322,950322,950322,950322,950322,950322,971011,980872,988581,999999
