# TIC 0399864405_morp_ 0.597_T0_ 1685.670292_P_ 2.6188571_analysis_6, none, Eclipse indices (see function measure_eclipses_dt).
# zeros_1, minimum_1, peaks_2_n, peaks_1, p_2_p, minimum_1_in, zeros_1_in, minimum_1_in_mid, zeros_1_in, minimum_1_in, p_2_p, peaks_1, peaks_2_n, minimum_1, zeros_1
93017,93016,104842,126875,154119,154119,154119,154119,154119,154119,154119,180875,202112,216244,216243
286048,286048,286048,310391,405035,405035,405035,405035,405035,405035,405035,430618,516676,516677,516677
