# TIC 0452500843_morp_ 0.712_T0_ 1578.180859_P_ 8.4502808_analysis_6, none, Eclipse indices (see function measure_eclipses_dt).
# zeros_1, minimum_1, peaks_2_n, peaks_1, p_2_p, minimum_1_in, zeros_1_in, minimum_1_in_mid, zeros_1_in, minimum_1_in, p_2_p, peaks_1, peaks_2_n, minimum_1, zeros_1
498164,498164,498164,498292,514637,514637,514637,514637,514637,514637,514637,531498,531625,531640,531639
976486,976485,976535,976662,980305,980305,980305,980305,980305,980305,980305,986915,988041,988124,988123
