# TIC 0158491288_morp_ 0.204_T0_ 1694.344571_P_ 12.0835487_analysis_6, none, Eclipse indices (see function measure_eclipses_dt).
# zeros_1, minimum_1, peaks_2_n, peaks_1, p_2_p, minimum_1_in, zeros_1_in, minimum_1_in_mid, zeros_1_in, minimum_1_in, p_2_p, peaks_1, peaks_2_n, minimum_1, zeros_1
7040,7040,7046,7430,7816,7818,7817,8586,9356,9355,9357,9742,10126,10131,10130
851169,851169,851174,851562,851952,851952,851952,851952,851952,851952,851952,852342,852731,852733,852733
