# TIC 0024194061_morp_ 0.561_T0_ 1627.807690_P_ 1.2624534_analysis_6, none, Eclipse indices (see function measure_eclipses_dt).
# zeros_1, minimum_1, peaks_2_n, peaks_1, p_2_p, minimum_1_in, zeros_1_in, minimum_1_in_mid, zeros_1_in, minimum_1_in, p_2_p, peaks_1, peaks_2_n, minimum_1, zeros_1
31994,32870,37013,47081,65529,65529,65529,65529,65529,65529,65529,84254,94328,98446,189678
281899,286612,287012,291006,314468,314468,314468,314468,314468,314468,314468,333044,344329,344716,423850
