# TIC 0198507944_morp_ 0.719_T0_ 1871.173312_P_ 0.3422844_analysis_6, none, Eclipse indices (see function measure_eclipses_dt).
# zeros_1, minimum_1, peaks_2_n, peaks_1, p_2_p, minimum_1_in, zeros_1_in, minimum_1_in_mid, zeros_1_in, minimum_1_in, p_2_p, peaks_1, peaks_2_n, minimum_1, zeros_1
459436,508330,525038,568501,588087,588087,588087,588087,588087,588087,588087,606158,651565,667343,713994
713995,713995,795136,820824,838168,838168,838168,838168,838168,838168,838168,855112,881218,959435,959434
