# TIC 0352915304_morp_ 0.318_T0_ 1711.039050_P_ 3.4938605_analysis_6, none, Eclipse indices (see function measure_eclipses_dt).
# zeros_1, minimum_1, peaks_2_n, peaks_1, p_2_p, minimum_1_in, zeros_1_in, minimum_1_in_mid, zeros_1_in, minimum_1_in, p_2_p, peaks_1, peaks_2_n, minimum_1, zeros_1
446780,446779,454291,466904,482541,482541,482541,482541,482541,482541,482541,498242,510797,518676,518676
686326,686325,688086,699822,713164,713164,713164,713164,713164,713164,713164,725649,767801,767802,767802
