# TIC 0034107676_morp_ 0.799_T0_ 1438.337148_P_ 0.3401500_analysis_6, none, Eclipse indices (see function measure_eclipses_dt).
# zeros_1, minimum_1, peaks_2_n, peaks_1, p_2_p, minimum_1_in, zeros_1_in, minimum_1_in_mid, zeros_1_in, minimum_1_in, p_2_p, peaks_1, peaks_2_n, minimum_1, zeros_1
165875,165874,168331,261267,290734,290734,290734,290734,290734,290734,290734,309297,340446,361764,403814
403815,412305,418220,500767,534348,534348,534348,534348,534348,534348,534348,569490,590263,624459,665873
