# TIC 0071298511_morp_ 0.552_T0_ 1546.450913_P_ 2.1525597_analysis_6, none, Eclipse indices (see function measure_eclipses_dt).
# zeros_1, minimum_1, peaks_2_n, peaks_1, p_2_p, minimum_1_in, zeros_1_in, minimum_1_in_mid, zeros_1_in, minimum_1_in, p_2_p, peaks_1, peaks_2_n, minimum_1, zeros_1
643624,643623,649960,674419,689252,689252,689252,689252,689252,689252,689252,704493,728571,734485,734484
887192,887192,900540,917350,939197,939197,939197,939197,939197,939197,939197,961247,977874,990816,990816
