# TIC 0041431247_morp_ 0.713_T0_ 1683.280389_P_ 1.0199009_analysis_6, none, Eclipse indices (see function measure_eclipses_dt).
# zeros_1, minimum_1, peaks_2_n, peaks_1, p_2_p, minimum_1_in, zeros_1_in, minimum_1_in_mid, zeros_1_in, minimum_1_in, p_2_p, peaks_1, peaks_2_n, minimum_1, zeros_1
102317,102316,102625,211051,240272,240272,240272,240272,240272,240272,240272,268311,289820,299184,299183
373699,373698,373699,458135,485934,485934,485934,485934,485934,485934,485934,514653,533839,565252,602315
