# TIC 0279323859_morp_ 0.572_T0_ 1544.899636_P_ 1.0799812_analysis_6, none, Eclipse indices (see function measure_eclipses_dt).
# zeros_1, minimum_1, peaks_2_n, peaks_1, p_2_p, minimum_1_in, zeros_1_in, minimum_1_in_mid, zeros_1_in, minimum_1_in, p_2_p, peaks_1, peaks_2_n, minimum_1, zeros_1
731458,731458,742048,775257,808703,808703,808703,808703,808703,808703,808703,842775,875445,885837,885837
885838,885837,885838,891971,913874,913874,913874,913874,913874,913874,913874,930422,951250,955431,955430
