# TIC 0390632932_morp_ 0.957_T0_ 1930.394605_P_ 0.3737141_analysis_6, none, Eclipse indices (see function measure_eclipses_dt).
# zeros_1, minimum_1, peaks_2_n, peaks_1, p_2_p, minimum_1_in, zeros_1_in, minimum_1_in_mid, zeros_1_in, minimum_1_in, p_2_p, peaks_1, peaks_2_n, minimum_1, zeros_1
82244,82243,83416,146009,207453,207453,207453,207453,207453,207453,207453,269650,329510,329511,329511
329512,329511,331624,386951,453341,453341,453341,453341,453341,453341,453341,523047,582241,582243,582242
