# TIC 0028498786_morp_ 0.598_T0_ 1816.277758_P_ 0.7817808_analysis_6, none, Eclipse indices (see function measure_eclipses_dt).
# zeros_1, minimum_1, peaks_2_n, peaks_1, p_2_p, minimum_1_in, zeros_1_in, minimum_1_in_mid, zeros_1_in, minimum_1_in, p_2_p, peaks_1, peaks_2_n, minimum_1, zeros_1
0,15881,32651,46632,69382,69382,69382,69382,69382,69382,69382,92091,105970,122194,247422
274013,274013,282288,295536,319532,319532,319532,319532,319532,319532,319532,343401,356544,364558,364557
