# TIC 0271864083_morp_ 0.509_T0_ 1518.303212_P_ 1.1661516_analysis_6, none, Eclipse indices (see function measure_eclipses_dt).
# zeros_1, minimum_1, peaks_2_n, peaks_1, p_2_p, minimum_1_in, zeros_1_in, minimum_1_in_mid, zeros_1_in, minimum_1_in, p_2_p, peaks_1, peaks_2_n, minimum_1, zeros_1
382584,382584,395923,413884,436748,436748,436748,436748,436748,436748,436748,459543,477529,490654,490654
490655,490654,490655,501291,515683,515683,515683,515683,515683,515683,515683,530359,544014,549048,549047
