# TIC 0160585813_morp_ 0.332_T0_ 1931.423429_P_ 2.7638181_analysis_6, none, Eclipse indices (see function measure_eclipses_dt).
# zeros_1, minimum_1, peaks_2_n, peaks_1, p_2_p, minimum_1_in, zeros_1_in, minimum_1_in_mid, zeros_1_in, minimum_1_in, p_2_p, peaks_1, peaks_2_n, minimum_1, zeros_1
211077,211076,211444,214885,217995,219179,219178,240980,262783,262782,263832,267762,271556,273053,273053
442066,442066,442151,445921,451805,451805,451805,451805,451805,451805,451805,457671,461486,461487,461487
