# TIC 0123038007_morp_ 0.907_T0_ 2010.727490_P_ 0.4226879_analysis_6, none, Eclipse indices (see function measure_eclipses_dt).
# zeros_1, minimum_1, peaks_2_n, peaks_1, p_2_p, minimum_1_in, zeros_1_in, minimum_1_in_mid, zeros_1_in, minimum_1_in, p_2_p, peaks_1, peaks_2_n, minimum_1, zeros_1
216487,216487,235422,303265,338106,338106,338106,338106,338106,338106,338106,373858,442723,460629,460629
460630,460629,470659,544497,561391,569150,569150,588879,608609,608609,615865,633505,640037,716486,716486
