# TIC 0198051336_morp_ 0.633_T0_ 1386.143514_P_ 0.6419055_analysis_6, none, Eclipse indices (see function measure_eclipses_dt).
# zeros_1, minimum_1, peaks_2_n, peaks_1, p_2_p, minimum_1_in, zeros_1_in, minimum_1_in_mid, zeros_1_in, minimum_1_in, p_2_p, peaks_1, peaks_2_n, minimum_1, zeros_1
5778,62807,71752,92481,120046,120046,120046,120046,120046,120046,120046,147369,167134,175892,233113
233114,311377,322821,343567,369332,369332,369332,369332,369332,369332,369332,395461,416201,427563,505776
