# TIC 0265614546_morp_ 0.226_T0_ 1468.863205_P_ 5.1376730_analysis_6, none, Eclipse indices (see function measure_eclipses_dt).
# zeros_1, minimum_1, peaks_2_n, peaks_1, p_2_p, minimum_1_in, zeros_1_in, minimum_1_in_mid, zeros_1_in, minimum_1_in, p_2_p, peaks_1, peaks_2_n, minimum_1, zeros_1
479772,479771,482049,484986,488720,488720,488720,488720,488720,488720,488720,492457,495378,497486,497485
747823,747822,749073,752014,755569,755569,755569,755569,755569,755569,755569,759092,762009,763627,763626
