# TIC 0294601335_morp_ 0.734_T0_ 1714.540954_P_ 12.4588278_analysis_6, none, Eclipse indices (see function measure_eclipses_dt).
# zeros_1, minimum_1, peaks_2_n, peaks_1, p_2_p, minimum_1_in, zeros_1_in, minimum_1_in_mid, zeros_1_in, minimum_1_in, p_2_p, peaks_1, peaks_2_n, minimum_1, zeros_1
292753,292752,292754,292804,292854,292856,292855,340863,388871,388870,388872,388922,388972,388974,388973
616170,616170,616171,616221,616271,616272,616272,665729,715188,715187,715188,715238,715288,715290,715289
