# TIC 0129888462_morp_ 0.595_T0_ 1411.621724_P_ 0.7224241_analysis_6, none, Eclipse indices (see function measure_eclipses_dt).
# zeros_1, minimum_1, peaks_2_n, peaks_1, p_2_p, minimum_1_in, zeros_1_in, minimum_1_in_mid, zeros_1_in, minimum_1_in, p_2_p, peaks_1, peaks_2_n, minimum_1, zeros_1
358656,419016,425021,448849,470418,470418,470418,470418,470418,470418,470418,493234,516539,522562,571623
582684,667914,675891,699340,720750,720750,720750,720750,720750,720750,720750,742005,765788,773600,858655
