# TIC 0388843945_morp_ 0.368_T0_ 1900.321607_P_ 2.2095820_analysis_6, none, Eclipse indices (see function measure_eclipses_dt).
# zeros_1, minimum_1, peaks_2_n, peaks_1, p_2_p, minimum_1_in, zeros_1_in, minimum_1_in_mid, zeros_1_in, minimum_1_in, p_2_p, peaks_1, peaks_2_n, minimum_1, zeros_1
627282,627281,630655,636671,645083,645083,645083,645083,645083,645083,645083,653395,659542,662868,662867
877731,877730,880516,885972,895197,895197,895197,895197,895197,895197,895197,905598,909814,912124,912124
