# TIC 0123337161_morp_ 0.879_T0_ 1386.403226_P_ 0.3681651_analysis_6, none, Eclipse indices (see function measure_eclipses_dt).
# zeros_1, minimum_1, peaks_2_n, peaks_1, p_2_p, minimum_1_in, zeros_1_in, minimum_1_in_mid, zeros_1_in, minimum_1_in, p_2_p, peaks_1, peaks_2_n, minimum_1, zeros_1
418369,459411,478858,495006,537899,537899,537899,537899,537899,537899,537899,578293,593160,610646,672247
672248,672247,716705,752447,783947,783947,783947,783947,783947,783947,783947,827253,855155,918367,918367
