# TIC 0355151781_morp_ 0.978_T0_ 1545.275044_P_ 1.5807272_analysis_6, none, Eclipse indices (see function measure_eclipses_dt).
# zeros_1, minimum_1, peaks_2_n, peaks_1, p_2_p, minimum_1_in, zeros_1_in, minimum_1_in_mid, zeros_1_in, minimum_1_in, p_2_p, peaks_1, peaks_2_n, minimum_1, zeros_1
256951,256950,285529,329797,380506,380506,380506,380506,380506,380506,380506,436668,488106,490194,490193
490194,490194,490194,541945,602676,602676,602676,602676,602676,602676,602676,655667,756948,756950,756949
