# TIC 0035744707_morp_ 0.709_T0_ 1411.074617_P_ 0.3464465_analysis_6, none, Eclipse indices (see function measure_eclipses_dt).
# zeros_1, minimum_1, peaks_2_n, peaks_1, p_2_p, minimum_1_in, zeros_1_in, minimum_1_in_mid, zeros_1_in, minimum_1_in, p_2_p, peaks_1, peaks_2_n, minimum_1, zeros_1
330994,330993,404462,430594,457928,457928,457928,457928,457928,457928,457928,484084,511731,586406,586405
586406,586406,656375,679167,707145,707145,707145,707145,707145,707145,707145,735016,762803,830993,830992
