# TIC 0077030554_morp_ 0.304_T0_ 1355.897307_P_ 10.2871845_analysis_6, none, Eclipse indices (see function measure_eclipses_dt).
# zeros_1, minimum_1, peaks_2_n, peaks_1, p_2_p, minimum_1_in, zeros_1_in, minimum_1_in_mid, zeros_1_in, minimum_1_in, p_2_p, peaks_1, peaks_2_n, minimum_1, zeros_1
747374,747374,747374,747408,747442,747442,747442,747442,747442,747442,747442,747476,747508,747510,747509
916070,916070,916075,916109,916279,916285,916284,921484,926684,926683,926688,926858,926892,926897,926897
