# TIC 0462785373_morp_ 0.162_T0_ 1569.102342_P_ 31.8437697_analysis_6, none, Eclipse indices (see function measure_eclipses_dt).
# zeros_1, minimum_1, peaks_2_n, peaks_1, p_2_p, minimum_1_in, zeros_1_in, minimum_1_in_mid, zeros_1_in, minimum_1_in, p_2_p, peaks_1, peaks_2_n, minimum_1, zeros_1
146273,146272,147069,148287,149821,149821,149821,149821,149821,149821,149821,151281,152473,153178,153177
396148,396147,397067,398250,399750,399750,399750,399750,399750,399750,399750,401290,402486,403406,403406
