# TIC 0229776076_morp_ 0.154_T0_ 1689.199490_P_ 11.2110117_analysis_6, none, Eclipse indices (see function measure_eclipses_dt).
# zeros_1, minimum_1, peaks_2_n, peaks_1, p_2_p, minimum_1_in, zeros_1_in, minimum_1_in_mid, zeros_1_in, minimum_1_in, p_2_p, peaks_1, peaks_2_n, minimum_1, zeros_1
52276,52276,52277,52686,53094,53096,53095,56333,59571,59571,59582,59982,60387,60388,60388
578453,578452,578453,578866,579280,579281,579281,594800,610321,610320,610327,610740,611153,611159,611158
