# TIC 0229675762_morp_ 0.289_T0_ 1956.074706_P_ 1.4471416_analysis_6, none, Eclipse indices (see function measure_eclipses_dt).
# zeros_1, minimum_1, peaks_2_n, peaks_1, p_2_p, minimum_1_in, zeros_1_in, minimum_1_in_mid, zeros_1_in, minimum_1_in, p_2_p, peaks_1, peaks_2_n, minimum_1, zeros_1
707176,707175,708790,713065,718097,718097,718097,718097,718097,718097,718097,723089,727302,729058,729057
957041,957040,958781,963003,967994,967994,967994,967994,967994,967994,967994,973142,977314,979544,979543
