# TIC 0085031598_morp_ 0.384_T0_ 1816.692764_P_ 1.1549206_analysis_6, none, Eclipse indices (see function measure_eclipses_dt).
# zeros_1, minimum_1, peaks_2_n, peaks_1, p_2_p, minimum_1_in, zeros_1_in, minimum_1_in_mid, zeros_1_in, minimum_1_in, p_2_p, peaks_1, peaks_2_n, minimum_1, zeros_1
9932,9932,11251,19500,28120,28120,28120,28120,28120,28120,28120,37992,46472,48476,48475
666147,666147,670850,679481,690137,690137,690137,690137,690137,690137,690137,700679,709105,714553,714552
