# TIC 0359618989_morp_ 0.606_T0_ 1599.690467_P_ 1.8746789_analysis_6, none, Eclipse indices (see function measure_eclipses_dt).
# zeros_1, minimum_1, peaks_2_n, peaks_1, p_2_p, minimum_1_in, zeros_1_in, minimum_1_in_mid, zeros_1_in, minimum_1_in, p_2_p, peaks_1, peaks_2_n, minimum_1, zeros_1
118608,183152,187623,214418,236918,236918,236918,236918,236918,236918,236918,259098,285748,290328,360882
360883,432735,438428,472289,486959,486959,486959,486959,486959,486959,486959,501972,535063,541225,612974
