# TIC 0043647325_morp_ 0.270_T0_ 1449.606578_P_ 6.3231318_analysis_6, none, Eclipse indices (see function measure_eclipses_dt).
# zeros_1, minimum_1, peaks_2_n, peaks_1, p_2_p, minimum_1_in, zeros_1_in, minimum_1_in_mid, zeros_1_in, minimum_1_in, p_2_p, peaks_1, peaks_2_n, minimum_1, zeros_1
240429,240429,240792,242478,250865,250865,250865,250865,250865,250865,250865,252875,254650,254877,254876
493602,493602,494137,495764,497603,497603,497603,497603,497603,497603,497603,506244,507984,508004,508004
