# TIC 0417052182_morp_ 0.929_T0_ 1711.511369_P_ 0.3134128_analysis_6, none, Eclipse indices (see function measure_eclipses_dt).
# zeros_1, minimum_1, peaks_2_n, peaks_1, p_2_p, minimum_1_in, zeros_1_in, minimum_1_in_mid, zeros_1_in, minimum_1_in, p_2_p, peaks_1, peaks_2_n, minimum_1, zeros_1
361356,361356,422256,439995,480354,480354,480354,480354,480354,480354,480354,521698,540969,607932,607932
607933,646237,671903,687639,733063,733063,733063,733063,733063,733063,733063,774429,791370,814723,861355
