# TIC 0038686737_morp_ 0.440_T0_ 1437.713156_P_ 2.2471308_analysis_6, none, Eclipse indices (see function measure_eclipses_dt).
# zeros_1, minimum_1, peaks_2_n, peaks_1, p_2_p, minimum_1_in, zeros_1_in, minimum_1_in_mid, zeros_1_in, minimum_1_in, p_2_p, peaks_1, peaks_2_n, minimum_1, zeros_1
462836,462836,462844,469255,475230,475231,475231,488042,500855,500854,504419,511317,518478,521250,521249
796169,796169,796177,802588,808563,808564,808564,821375,834188,834187,837752,844650,851811,854583,854582
