# TIC 0319606464_morp_ 0.395_T0_ 1655.357110_P_ 1.4960875_analysis_6, none, Eclipse indices (see function measure_eclipses_dt).
# zeros_1, minimum_1, peaks_2_n, peaks_1, p_2_p, minimum_1_in, zeros_1_in, minimum_1_in_mid, zeros_1_in, minimum_1_in, p_2_p, peaks_1, peaks_2_n, minimum_1, zeros_1
203951,203951,210789,216991,225151,225151,225151,225151,225151,225151,225151,233233,239509,244727,244726
958760,958759,962150,968154,975601,975601,975601,975601,975601,975601,975601,982924,988857,992490,992489
