# TIC 0125501325_morp_ 0.211_T0_ 1495.685257_P_ 4.3837501_analysis_6, none, Eclipse indices (see function measure_eclipses_dt).
# zeros_1, minimum_1, peaks_2_n, peaks_1, p_2_p, minimum_1_in, zeros_1_in, minimum_1_in_mid, zeros_1_in, minimum_1_in, p_2_p, peaks_1, peaks_2_n, minimum_1, zeros_1
204829,204829,205548,212273,241043,242586,242585,263377,284169,284168,288456,294328,300783,302941,302940
583640,583639,586122,592257,598343,600884,600883,622497,644110,644110,645742,675480,681593,683258,683257
