# TIC 0432549364_morp_ 0.580_T0_ 1765.552670_P_ 1.2175103_analysis_6, none, Eclipse indices (see function measure_eclipses_dt).
# zeros_1, minimum_1, peaks_2_n, peaks_1, p_2_p, minimum_1_in, zeros_1_in, minimum_1_in_mid, zeros_1_in, minimum_1_in, p_2_p, peaks_1, peaks_2_n, minimum_1, zeros_1
474405,474405,478012,481669,497608,497608,497608,497608,497608,497608,497608,508286,527745,531949,531949
725704,725703,726946,729775,733445,733445,733445,733445,733445,733445,733445,744563,746585,746587,746586
