# TIC 0432549364_morp_ 0.580_T0_ 1765.552670_P_ 1.2175103_analysis_6, none, Eclipse indices (see function measure_eclipses_dt).
# zeros_1, minimum_1, peaks_2_n, peaks_1, p_2_p, minimum_1_in, zeros_1_in, minimum_1_in_mid, zeros_1_in, minimum_1_in, p_2_p, peaks_1, peaks_2_n, minimum_1, zeros_1
225710,225709,226952,229778,233446,233446,233446,233446,233446,233446,233446,244559,246582,246583,246583
474422,474421,478013,481668,497598,497598,497598,497598,497598,497598,497598,508287,527741,531955,531954
