# TIC 0375422201_morp_ 0.387_T0_ 1741.751373_P_ 4.0768471_analysis_6, none, Eclipse indices (see function measure_eclipses_dt).
# zeros_1, minimum_1, peaks_2_n, peaks_1, p_2_p, minimum_1_in, zeros_1_in, minimum_1_in_mid, zeros_1_in, minimum_1_in, p_2_p, peaks_1, peaks_2_n, minimum_1, zeros_1
608693,609550,609826,612166,616553,616828,618748,622302,627776,627776,627938,632330,634665,634938,635826
727587,727586,727775,735260,751903,751903,751903,751903,751903,751903,751903,768545,770869,771051,771051
