# TIC 0032932888_morp_ 0.628_T0_ 1492.092185_P_ 1.5338696_analysis_6, none, Eclipse indices (see function measure_eclipses_dt).
# zeros_1, minimum_1, peaks_2_n, peaks_1, p_2_p, minimum_1_in, zeros_1_in, minimum_1_in_mid, zeros_1_in, minimum_1_in, p_2_p, peaks_1, peaks_2_n, minimum_1, zeros_1
73448,106871,123026,136970,163196,163196,163196,163196,163196,163196,163196,191571,206282,222486,254814
322905,358558,373508,387270,412899,412899,412899,412899,412899,412899,412899,441146,455698,465502,465501
