# TIC 0216190934_morp_ 0.567_T0_ 1627.806849_P_ 2.6749712_analysis_6, none, Eclipse indices (see function measure_eclipses_dt).
# zeros_1, minimum_1, peaks_2_n, peaks_1, p_2_p, minimum_1_in, zeros_1_in, minimum_1_in_mid, zeros_1_in, minimum_1_in, p_2_p, peaks_1, peaks_2_n, minimum_1, zeros_1
435391,435391,444482,454259,466871,466871,466871,466871,466871,466871,466871,479327,488682,499084,499084
641476,641475,650572,659275,670715,670715,670715,670715,670715,670715,670715,682192,690936,700142,700141
