# TIC 0390651552_morp_ 0.420_T0_ 1930.819937_P_ 1.4671890_analysis_6, none, Eclipse indices (see function measure_eclipses_dt).
# zeros_1, minimum_1, peaks_2_n, peaks_1, p_2_p, minimum_1_in, zeros_1_in, minimum_1_in_mid, zeros_1_in, minimum_1_in, p_2_p, peaks_1, peaks_2_n, minimum_1, zeros_1
487298,487298,487744,493019,498747,498747,498747,498747,498747,498747,498747,503843,508763,509426,509425
632766,632765,637191,643102,650419,650419,650419,650419,650419,650419,650419,657598,663411,666556,666556
