# TIC 0280909668_morp_ 0.536_T0_ 1597.861198_P_ 1.9379919_analysis_6, none, Eclipse indices (see function measure_eclipses_dt).
# zeros_1, minimum_1, peaks_2_n, peaks_1, p_2_p, minimum_1_in, zeros_1_in, minimum_1_in_mid, zeros_1_in, minimum_1_in, p_2_p, peaks_1, peaks_2_n, minimum_1, zeros_1
244124,244123,251343,258225,271967,271967,271967,271967,271967,271967,271967,284195,290981,299992,299991
494073,494073,499239,509153,521489,521489,521489,521489,521489,521489,521489,535099,543473,548281,548280
