# TIC 0233169434_morp_ 0.926_T0_ 1711.602545_P_ 0.1757517_analysis_6, none, Eclipse indices (see function measure_eclipses_dt).
# zeros_1, minimum_1, peaks_2_n, peaks_1, p_2_p, minimum_1_in, zeros_1_in, minimum_1_in_mid, zeros_1_in, minimum_1_in, p_2_p, peaks_1, peaks_2_n, minimum_1, zeros_1
280586,280586,280586,315753,350337,350337,350337,350337,350337,350337,350337,398290,441921,443991,443991
600337,600336,607443,648290,693991,693991,693991,693991,693991,693991,693991,735870,775550,780585,780585
