# TIC 0117648603_morp_ 0.521_T0_ 1444.103208_P_ 9.2982863_analysis_6, none, Eclipse indices (see function measure_eclipses_dt).
# zeros_1, minimum_1, peaks_2_n, peaks_1, p_2_p, minimum_1_in, zeros_1_in, minimum_1_in_mid, zeros_1_in, minimum_1_in, p_2_p, peaks_1, peaks_2_n, minimum_1, zeros_1
615241,615241,615263,615304,615508,615530,615530,630615,645701,645701,645732,645937,645978,646010,646010
867684,867683,867691,867732,867936,867944,867943,875451,882960,882959,882962,883167,883207,883211,883210
