# TIC 0117648603_morp_ 0.521_T0_ 1444.103208_P_ 9.2982863_analysis_6, none, Eclipse indices (see function measure_eclipses_dt).
# zeros_1, minimum_1, peaks_2_n, peaks_1, p_2_p, minimum_1_in, zeros_1_in, minimum_1_in_mid, zeros_1_in, minimum_1_in, p_2_p, peaks_1, peaks_2_n, minimum_1, zeros_1
115083,115083,115108,115149,129563,129563,129563,129563,129563,129563,129563,146115,146156,146197,153385
162177,162176,162178,162219,162260,162261,162261,186056,209852,209852,209852,209893,209933,209934,209934
