# TIC 0396300606_morp_ 0.672_T0_ 1768.855583_P_ 4.2923404_analysis_6, none, Eclipse indices (see function measure_eclipses_dt).
# zeros_1, minimum_1, peaks_2_n, peaks_1, p_2_p, minimum_1_in, zeros_1_in, minimum_1_in_mid, zeros_1_in, minimum_1_in, p_2_p, peaks_1, peaks_2_n, minimum_1, zeros_1
10402,10401,10500,11152,14407,14506,14505,71701,128896,128896,128990,132245,132896,132990,132990
291724,291724,291750,292401,293052,293079,293078,336015,378952,378952,378990,382245,382896,382933,382933
