# TIC 0370676773_morp_ 0.903_T0_ 1627.035904_P_ 1.7986396_analysis_6, none, Eclipse indices (see function measure_eclipses_dt).
# zeros_1, minimum_1, peaks_2_n, peaks_1, p_2_p, minimum_1_in, zeros_1_in, minimum_1_in_mid, zeros_1_in, minimum_1_in, p_2_p, peaks_1, peaks_2_n, minimum_1, zeros_1
87520,87519,87678,130910,181966,182158,182158,202322,222488,222487,222654,276841,324767,324937,324936
359032,359031,359196,388343,425315,425486,425485,458176,490868,490867,491042,525667,552466,552636,552635
