# TIC 0312060302_morp_ 0.599_T0_ 1765.201195_P_ 0.9804999_analysis_6, none, Eclipse indices (see function measure_eclipses_dt).
# zeros_1, minimum_1, peaks_2_n, peaks_1, p_2_p, minimum_1_in, zeros_1_in, minimum_1_in_mid, zeros_1_in, minimum_1_in, p_2_p, peaks_1, peaks_2_n, minimum_1, zeros_1
423809,495937,511467,537343,555885,555885,555885,555885,555885,555885,555885,574456,600589,615373,695262
695263,744256,763596,777663,805650,805650,805650,805650,805650,805650,805650,832860,848066,870907,923807
