# TIC 0167756615_morp_ 0.159_T0_ 1456.933277_P_ 19.4296795_analysis_6, none, Eclipse indices (see function measure_eclipses_dt).
# zeros_1, minimum_1, peaks_2_n, peaks_1, p_2_p, minimum_1_in, zeros_1_in, minimum_1_in_mid, zeros_1_in, minimum_1_in, p_2_p, peaks_1, peaks_2_n, minimum_1, zeros_1
651506,651506,651508,651527,651625,651627,651626,655631,659636,659636,659639,659736,659756,659759,659758
840475,840475,840475,840494,840514,840514,840514,840514,840514,840514,840514,840533,840551,840553,840552
