# TIC 0139825840_morp_ 0.507_T0_ 1328.518021_P_ 7.6881634_analysis_6, none, Eclipse indices (see function measure_eclipses_dt).
# zeros_1, minimum_1, peaks_2_n, peaks_1, p_2_p, minimum_1_in, zeros_1_in, minimum_1_in_mid, zeros_1_in, minimum_1_in, p_2_p, peaks_1, peaks_2_n, minimum_1, zeros_1
493039,497195,498750,504897,511075,512701,516113,518467,520726,524234,525940,531966,533444,535047,543802
741162,749526,751171,752737,766142,766142,766142,766142,766142,766142,766142,779752,785844,787516,791263
