# TIC 0121420805_morp_ 0.530_T0_ 1326.219544_P_ 1.7168857_analysis_6, none, Eclipse indices (see function measure_eclipses_dt).
# zeros_1, minimum_1, peaks_2_n, peaks_1, p_2_p, minimum_1_in, zeros_1_in, minimum_1_in_mid, zeros_1_in, minimum_1_in, p_2_p, peaks_1, peaks_2_n, minimum_1, zeros_1
272378,272377,279814,299490,323128,323128,323128,323128,323128,323128,323128,347174,367188,377214,377214
490712,490711,513246,536194,565813,565813,565813,565813,565813,565813,565813,596128,619310,638239,638238
