# TIC 0260353841_morp_ 0.635_T0_ 1325.892759_P_ 0.4202732_analysis_6, none, Eclipse indices (see function measure_eclipses_dt).
# zeros_1, minimum_1, peaks_2_n, peaks_1, p_2_p, minimum_1_in, zeros_1_in, minimum_1_in_mid, zeros_1_in, minimum_1_in, p_2_p, peaks_1, peaks_2_n, minimum_1, zeros_1
413966,413965,413966,426663,452442,452442,452442,452442,452442,452442,452442,470449,481733,486167,486166
836040,836040,837227,849267,858746,868327,868326,875559,882793,882792,891505,900990,913011,913965,913964
