# KIC08166095_morp_0.78_T0_55000.088895_P_0.799127_analysis_6, none, Eclipse indices (see function measure_eclipses_dt).
# zeros_1, minimum_1, peaks_2_n, peaks_1, p_2_p, minimum_1_in, zeros_1_in, minimum_1_in_mid, zeros_1_in, minimum_1_in, p_2_p, peaks_1, peaks_2_n, minimum_1, zeros_1
511271,511271,582504,590348,628650,628650,628650,628650,628650,628650,628650,696054,729478,749719,749719
864560,864559,866682,872486,879672,879672,879672,879672,879672,879672,879672,886150,891822,893311,893311
