# TIC 0136656542_morp_ 0.813_T0_ 1711.504845_P_ 0.6524070_analysis_6, none, Eclipse indices (see function measure_eclipses_dt).
# zeros_1, minimum_1, peaks_2_n, peaks_1, p_2_p, minimum_1_in, zeros_1_in, minimum_1_in_mid, zeros_1_in, minimum_1_in, p_2_p, peaks_1, peaks_2_n, minimum_1, zeros_1
380530,380529,380530,470325,508558,508558,508558,508558,508558,508558,508558,544975,632595,632596,632596
632597,632596,635724,723138,756673,756673,756673,756673,756673,756673,756673,791170,877200,880529,880528
