# TIC 0034082428_morp_ 0.568_T0_ 1468.457533_P_ 0.4338925_analysis_6, none, Eclipse indices (see function measure_eclipses_dt).
# zeros_1, minimum_1, peaks_2_n, peaks_1, p_2_p, minimum_1_in, zeros_1_in, minimum_1_in_mid, zeros_1_in, minimum_1_in, p_2_p, peaks_1, peaks_2_n, minimum_1, zeros_1
434358,523483,536351,546361,560114,560114,560114,560114,560114,560114,560114,572309,581957,590454,590453
778955,778954,786363,796438,809318,809318,809318,809318,809318,809318,809318,822196,831963,842855,842854
