# TIC 0353939279_morp_ 0.737_T0_ 1930.403852_P_ 4.5272930_analysis_6, none, Eclipse indices (see function measure_eclipses_dt).
# zeros_1, minimum_1, peaks_2_n, peaks_1, p_2_p, minimum_1_in, zeros_1_in, minimum_1_in_mid, zeros_1_in, minimum_1_in, p_2_p, peaks_1, peaks_2_n, minimum_1, zeros_1
323757,394195,405822,414623,451696,451696,451696,451696,451696,451696,451696,481675,490424,501312,575064
575065,601690,615954,664182,679878,687181,687180,698429,709678,709677,716490,770918,780822,795045,823756
