# TIC 0138650903_morp_ 0.317_T0_ 1684.154590_P_ 2.5274296_analysis_6, none, Eclipse indices (see function measure_eclipses_dt).
# zeros_1, minimum_1, peaks_2_n, peaks_1, p_2_p, minimum_1_in, zeros_1_in, minimum_1_in_mid, zeros_1_in, minimum_1_in, p_2_p, peaks_1, peaks_2_n, minimum_1, zeros_1
803461,803461,813144,821750,832466,832466,832466,832466,832466,832466,832466,843649,853508,853510,853509
853510,853510,854859,865151,876126,876126,876126,876126,876126,876126,876126,887106,897387,898780,898779
