# TIC 0039174351_morp_ 0.997_T0_ 1900.516249_P_ 0.5737275_analysis_6, none, Eclipse indices (see function measure_eclipses_dt).
# zeros_1, minimum_1, peaks_2_n, peaks_1, p_2_p, minimum_1_in, zeros_1_in, minimum_1_in_mid, zeros_1_in, minimum_1_in, p_2_p, peaks_1, peaks_2_n, minimum_1, zeros_1
248800,248800,251405,305016,372928,372928,372928,372928,372928,372928,372928,441754,496074,498052,498051
498052,498052,498052,550517,622952,622952,622952,622952,622952,622952,622952,696345,748798,748799,748799
