# TIC 0370960295_morp_ 0.873_T0_ 1544.937819_P_ 1.0940821_analysis_6, none, Eclipse indices (see function measure_eclipses_dt).
# zeros_1, minimum_1, peaks_2_n, peaks_1, p_2_p, minimum_1_in, zeros_1_in, minimum_1_in_mid, zeros_1_in, minimum_1_in, p_2_p, peaks_1, peaks_2_n, minimum_1, zeros_1
8414,8414,24537,81261,130440,130440,130440,130440,130440,130440,130440,185118,244639,258270,258269
258270,258270,258270,318821,385700,385700,385700,385700,385700,385700,385700,450016,508412,508413,508413
