# KIC08736072_morp_0.86_T0_54999.909231_P_0.4776316_analysis_6, none, Eclipse indices (see function measure_eclipses_dt).
# zeros_1, minimum_1, peaks_2_n, peaks_1, p_2_p, minimum_1_in, zeros_1_in, minimum_1_in_mid, zeros_1_in, minimum_1_in, p_2_p, peaks_1, peaks_2_n, minimum_1, zeros_1
403993,403992,403993,458667,518654,518654,518654,518654,518654,518654,518654,577267,631141,631143,631142
631143,631143,636394,696048,767036,767036,767036,767036,767036,767036,767036,838792,898654,903992,903991
