# TIC 0356974629_morp_ 0.250_T0_ 1711.847251_P_ 1.9385441_analysis_6, none, Eclipse indices (see function measure_eclipses_dt).
# zeros_1, minimum_1, peaks_2_n, peaks_1, p_2_p, minimum_1_in, zeros_1_in, minimum_1_in_mid, zeros_1_in, minimum_1_in, p_2_p, peaks_1, peaks_2_n, minimum_1, zeros_1
373632,373631,376348,379860,384353,384353,384353,384353,384353,384353,384353,388829,392334,395160,395160
623984,623983,626912,630182,634445,634445,634445,634445,634445,634445,634445,638767,642078,645381,645380
