# TIC 0129455317_morp_ 0.744_T0_ 1738.824642_P_ 0.3207265_analysis_6, none, Eclipse indices (see function measure_eclipses_dt).
# zeros_1, minimum_1, peaks_2_n, peaks_1, p_2_p, minimum_1_in, zeros_1_in, minimum_1_in_mid, zeros_1_in, minimum_1_in, p_2_p, peaks_1, peaks_2_n, minimum_1, zeros_1
107724,107724,117516,210300,233813,233813,233813,233813,233813,233813,233813,256661,283601,360571,360570
360571,360571,365494,459802,482365,482365,482365,482365,482365,482365,482365,505284,599476,607723,607723
