# TIC 0231279823_morp_ 0.199_T0_ 1355.673807_P_ 5.9684525_analysis_6, none, Eclipse indices (see function measure_eclipses_dt).
# zeros_1, minimum_1, peaks_2_n, peaks_1, p_2_p, minimum_1_in, zeros_1_in, minimum_1_in_mid, zeros_1_in, minimum_1_in, p_2_p, peaks_1, peaks_2_n, minimum_1, zeros_1
227844,227844,229201,232641,236503,236503,236503,236503,236503,236503,236503,260024,270966,270968,270967
429370,429370,429370,443038,465403,465403,465403,465403,465403,465403,465403,486512,501541,501542,501542
