# TIC 0067296459_morp_ 0.582_T0_ 1816.250428_P_ 0.3212310_analysis_6, none, Eclipse indices (see function measure_eclipses_dt).
# zeros_1, minimum_1, peaks_2_n, peaks_1, p_2_p, minimum_1_in, zeros_1_in, minimum_1_in_mid, zeros_1_in, minimum_1_in, p_2_p, peaks_1, peaks_2_n, minimum_1, zeros_1
446550,446550,448897,506817,542699,542699,542699,542699,542699,542699,542699,574401,602448,606001,606000
661383,727844,764512,775318,792565,792565,792565,792565,792565,792565,792565,808051,817302,866392,927253
