# TIC 0154570928_morp_ 0.047_T0_ 1687.741638_P_ 42.6536288_analysis_6, none, Eclipse indices (see function measure_eclipses_dt).
# zeros_1, minimum_1, peaks_2_n, peaks_1, p_2_p, minimum_1_in, zeros_1_in, minimum_1_in_mid, zeros_1_in, minimum_1_in, p_2_p, peaks_1, peaks_2_n, minimum_1, zeros_1
97940,97939,97942,98009,98076,98077,98077,98345,98615,98614,98615,98683,98750,98752,98751
347803,347802,347805,347872,347939,347941,347940,348209,348478,348478,348478,348546,348613,348614,348614
