# TIC 0362104293_morp_ 0.026_T0_ 1706.955057_P_ 28.9620253_analysis_6, none, Eclipse indices (see function measure_eclipses_dt).
# zeros_1, minimum_1, peaks_2_n, peaks_1, p_2_p, minimum_1_in, zeros_1_in, minimum_1_in_mid, zeros_1_in, minimum_1_in, p_2_p, peaks_1, peaks_2_n, minimum_1, zeros_1
319476,319476,319478,319646,319815,319815,319815,319815,319815,319815,319815,319983,320151,320153,320153
985345,985344,985345,985513,985683,985683,985683,985683,985683,985683,985683,985852,986020,986024,986024
