# TIC 0297899564_morp_ 0.112_T0_ 1820.420220_P_ 7.9717615_analysis_6, none, Eclipse indices (see function measure_eclipses_dt).
# zeros_1, minimum_1, peaks_2_n, peaks_1, p_2_p, minimum_1_in, zeros_1_in, minimum_1_in_mid, zeros_1_in, minimum_1_in, p_2_p, peaks_1, peaks_2_n, minimum_1, zeros_1
359638,359637,362856,367839,375502,375502,375502,375502,375502,375502,375502,380799,385099,393517,393517
668688,668687,672668,676287,678613,678613,678613,678613,678613,678613,678613,682377,684400,688209,688209
