# KIC11858979_morp_0.27_T0_54964.796671_P_3.059169_analysis_6, none, Eclipse indices (see function measure_eclipses_dt).
# zeros_1, minimum_1, peaks_2_n, peaks_1, p_2_p, minimum_1_in, zeros_1_in, minimum_1_in_mid, zeros_1_in, minimum_1_in, p_2_p, peaks_1, peaks_2_n, minimum_1, zeros_1
427384,427383,429063,432867,437443,437443,437443,437443,437443,437443,437443,441888,445567,447436,447436
676840,676839,678975,682734,687389,687389,687389,687389,687389,687389,687389,691940,695639,697771,697771
