# TIC 0074528791_morp_ 0.588_T0_ 1519.898387_P_ 1.8020755_analysis_6, none, Eclipse indices (see function measure_eclipses_dt).
# zeros_1, minimum_1, peaks_2_n, peaks_1, p_2_p, minimum_1_in, zeros_1_in, minimum_1_in_mid, zeros_1_in, minimum_1_in, p_2_p, peaks_1, peaks_2_n, minimum_1, zeros_1
239724,242864,244989,259382,267373,268778,268778,271170,273563,273562,276145,285087,298513,301395,321584
458799,458799,460586,481132,492374,492374,492374,492374,492374,492374,492374,503548,523925,525684,525684
