# TIC 0122606463_morp_ 0.250_T0_ 1691.565450_P_ 6.9433642_analysis_6, none, Eclipse indices (see function measure_eclipses_dt).
# zeros_1, minimum_1, peaks_2_n, peaks_1, p_2_p, minimum_1_in, zeros_1_in, minimum_1_in_mid, zeros_1_in, minimum_1_in, p_2_p, peaks_1, peaks_2_n, minimum_1, zeros_1
3690,3690,7920,15145,24094,24094,24094,24094,24094,24094,24094,33024,40221,44602,44601
241361,241360,241361,244839,248481,248481,248481,248481,248481,248481,248481,255502,261676,261677,261677
