# TIC 0037817410_morp_ 0.536_T0_ 1439.304873_P_ 2.6061393_analysis_6, none, Eclipse indices (see function measure_eclipses_dt).
# zeros_1, minimum_1, peaks_2_n, peaks_1, p_2_p, minimum_1_in, zeros_1_in, minimum_1_in_mid, zeros_1_in, minimum_1_in, p_2_p, peaks_1, peaks_2_n, minimum_1, zeros_1
650243,650242,653698,666237,683189,683189,683189,683189,683189,683189,683189,690736,699211,699693,699693
747743,747742,747743,759447,806469,806469,806469,806469,806469,806469,806469,817355,826500,830899,830898
