# TIC 0410359089_morp_ 0.892_T0_ 1545.546158_P_ 0.7523220_analysis_6, none, Eclipse indices (see function measure_eclipses_dt).
# zeros_1, minimum_1, peaks_2_n, peaks_1, p_2_p, minimum_1_in, zeros_1_in, minimum_1_in_mid, zeros_1_in, minimum_1_in, p_2_p, peaks_1, peaks_2_n, minimum_1, zeros_1
463313,463313,463313,522906,589512,589512,589512,589512,589512,589512,589512,651178,707490,707491,707491
707492,707491,716424,773075,832021,832021,832021,832021,832021,832021,832021,897045,960130,963312,963312
