# TIC 0140691463_morp_ 0.300_T0_ 1620.467560_P_ 2.0845385_analysis_6, none, Eclipse indices (see function measure_eclipses_dt).
# zeros_1, minimum_1, peaks_2_n, peaks_1, p_2_p, minimum_1_in, zeros_1_in, minimum_1_in_mid, zeros_1_in, minimum_1_in, p_2_p, peaks_1, peaks_2_n, minimum_1, zeros_1
224360,224359,224741,236746,246614,246614,246614,246614,246614,246614,246614,280622,296603,296604,296604
296605,296604,299685,305977,313535,313535,313535,313535,313535,313535,313535,321094,327402,330400,330399
