# TIC 0071026173_morp_ 0.833_T0_ 1438.985966_P_ 0.6795061_analysis_6, none, Eclipse indices (see function measure_eclipses_dt).
# zeros_1, minimum_1, peaks_2_n, peaks_1, p_2_p, minimum_1_in, zeros_1_in, minimum_1_in_mid, zeros_1_in, minimum_1_in, p_2_p, peaks_1, peaks_2_n, minimum_1, zeros_1
280860,280859,280860,371156,410325,410325,410325,410325,410325,410325,410325,449230,538801,538803,538802
538803,538803,548361,622578,659664,659664,659664,659664,659664,659664,659664,697442,770764,780859,780858
