# TIC 0061730680_morp_ 0.818_T0_ 1656.595853_P_ 0.3365551_analysis_6, none, Eclipse indices (see function measure_eclipses_dt).
# zeros_1, minimum_1, peaks_2_n, peaks_1, p_2_p, minimum_1_in, zeros_1_in, minimum_1_in_mid, zeros_1_in, minimum_1_in, p_2_p, peaks_1, peaks_2_n, minimum_1, zeros_1
428386,428386,502863,519892,552352,552352,552352,552352,552352,552352,552352,584260,679952,679954,679953
679954,679954,692811,766833,802716,802716,802716,802716,802716,802716,802716,838210,913973,928385,928385
