# TIC 0099254945_morp_ 0.100_T0_ 1901.766654_P_ 7.7078125_analysis_6, none, Eclipse indices (see function measure_eclipses_dt).
# zeros_1, minimum_1, peaks_2_n, peaks_1, p_2_p, minimum_1_in, zeros_1_in, minimum_1_in_mid, zeros_1_in, minimum_1_in, p_2_p, peaks_1, peaks_2_n, minimum_1, zeros_1
490454,490453,491246,492434,495793,495793,495793,495793,495793,495793,495793,497802,498922,499934,499933
741859,741859,743057,744437,746846,746846,746846,746846,746846,746846,746846,749233,750609,751840,751839
