# TIC 0252096958_morp_ 0.823_T0_ 1764.710221_P_ 1.1642311_analysis_6, none, Eclipse indices (see function measure_eclipses_dt).
# zeros_1, minimum_1, peaks_2_n, peaks_1, p_2_p, minimum_1_in, zeros_1_in, minimum_1_in_mid, zeros_1_in, minimum_1_in, p_2_p, peaks_1, peaks_2_n, minimum_1, zeros_1
208314,208314,208314,296860,331194,331194,331194,331194,331194,331194,331194,366061,452470,452472,452471
452472,452472,456332,545052,581444,581444,581444,581444,581444,581444,581444,617771,705849,708313,708313
