# TIC 0301741204_morp_ 0.433_T0_ 1798.853341_P_ 6.6790284_analysis_6, none, Eclipse indices (see function measure_eclipses_dt).
# zeros_1, minimum_1, peaks_2_n, peaks_1, p_2_p, minimum_1_in, zeros_1_in, minimum_1_in_mid, zeros_1_in, minimum_1_in, p_2_p, peaks_1, peaks_2_n, minimum_1, zeros_1
85524,85524,86840,96884,99323,100849,100849,104322,107796,107795,108412,119928,121976,123181,123180
214834,214833,216687,219353,222690,222690,222690,222690,222690,222690,222690,226093,228762,230736,230736
