# TIC 0216995338_morp_ 0.217_T0_ 1630.826657_P_ 4.9741340_analysis_6, none, Eclipse indices (see function measure_eclipses_dt).
# zeros_1, minimum_1, peaks_2_n, peaks_1, p_2_p, minimum_1_in, zeros_1_in, minimum_1_in_mid, zeros_1_in, minimum_1_in, p_2_p, peaks_1, peaks_2_n, minimum_1, zeros_1
337466,337465,338085,340836,344086,344086,344086,344086,344086,344086,344086,347029,349648,350816,350816
542213,542213,544465,547310,550928,550928,550928,550928,550928,550928,550928,554554,557424,559401,559400
