# TIC 0280738935_morp_ 0.541_T0_ 1544.614344_P_ 1.5132067_analysis_6, none, Eclipse indices (see function measure_eclipses_dt).
# zeros_1, minimum_1, peaks_2_n, peaks_1, p_2_p, minimum_1_in, zeros_1_in, minimum_1_in_mid, zeros_1_in, minimum_1_in, p_2_p, peaks_1, peaks_2_n, minimum_1, zeros_1
621273,621272,633596,644568,659042,659042,659042,659042,659042,659042,659042,673561,684449,698380,698380
872224,872223,884246,894956,909146,909146,909146,909146,909146,909146,909146,923183,933751,946949,946949
