# TIC 0417705690_morp_ 0.445_T0_ 1818.624355_P_ 2.3636513_analysis_6, none, Eclipse indices (see function measure_eclipses_dt).
# zeros_1, minimum_1, peaks_2_n, peaks_1, p_2_p, minimum_1_in, zeros_1_in, minimum_1_in_mid, zeros_1_in, minimum_1_in, p_2_p, peaks_1, peaks_2_n, minimum_1, zeros_1
181431,181430,181431,193569,208757,208757,208757,208757,208757,208757,208757,221494,234546,236073,236072
594821,594820,606193,621151,639718,639718,639718,639718,639718,639718,639718,659128,675094,681430,681429
