# TIC 0284783117_morp_ 0.219_T0_ 1626.308866_P_ 11.2434860_analysis_6, none, Eclipse indices (see function measure_eclipses_dt).
# zeros_1, minimum_1, peaks_2_n, peaks_1, p_2_p, minimum_1_in, zeros_1_in, minimum_1_in_mid, zeros_1_in, minimum_1_in, p_2_p, peaks_1, peaks_2_n, minimum_1, zeros_1
421214,421213,430001,433836,439067,439067,439067,439067,439067,439067,439067,444323,448259,453993,453992
765205,765204,768189,771910,776734,776734,776734,776734,776734,776734,776734,781524,785231,788975,788975
