# TIC 0290044434_morp_ 0.371_T0_ 1469.472101_P_ 1.0891498_analysis_6, none, Eclipse indices (see function measure_eclipses_dt).
# zeros_1, minimum_1, peaks_2_n, peaks_1, p_2_p, minimum_1_in, zeros_1_in, minimum_1_in_mid, zeros_1_in, minimum_1_in, p_2_p, peaks_1, peaks_2_n, minimum_1, zeros_1
519955,519954,520467,565721,616666,616666,616666,616666,616666,616666,616666,645782,675003,675005,675004
675005,675005,685993,725121,769954,769954,769954,769954,769954,769954,769954,815721,855165,866666,866665
