# TIC 0409319605_morp_ 0.576_T0_ 1492.151226_P_ 1.1359601_analysis_6, none, Eclipse indices (see function measure_eclipses_dt).
# zeros_1, minimum_1, peaks_2_n, peaks_1, p_2_p, minimum_1_in, zeros_1_in, minimum_1_in_mid, zeros_1_in, minimum_1_in, p_2_p, peaks_1, peaks_2_n, minimum_1, zeros_1
310935,310934,312311,333294,354864,354864,354864,354864,354864,354864,354864,376515,397553,398705,398704
898705,898704,898705,919773,942827,942827,942827,942827,942827,942827,942827,963363,983079,987881,987881
