# TIC 0077320223_morp_ 0.249_T0_ 1799.100684_P_ 8.6061014_analysis_6, none, Eclipse indices (see function measure_eclipses_dt).
# zeros_1, minimum_1, peaks_2_n, peaks_1, p_2_p, minimum_1_in, zeros_1_in, minimum_1_in_mid, zeros_1_in, minimum_1_in, p_2_p, peaks_1, peaks_2_n, minimum_1, zeros_1
463808,463807,463817,463892,464263,464274,464273,466195,468116,468116,468125,468496,468571,468580,468579
786703,786702,786752,788609,791060,791119,791118,794479,797840,797840,797893,800344,802201,802254,802253
