# TIC 0408351887_morp_ 0.689_T0_ 1518.264090_P_ 1.0731803_analysis_6, none, Eclipse indices (see function measure_eclipses_dt).
# zeros_1, minimum_1, peaks_2_n, peaks_1, p_2_p, minimum_1_in, zeros_1_in, minimum_1_in_mid, zeros_1_in, minimum_1_in, p_2_p, peaks_1, peaks_2_n, minimum_1, zeros_1
324310,324310,325001,335397,346009,346009,346009,346009,346009,346009,346009,357423,368190,368985,368984
616377,616376,617166,627881,639253,639253,639253,639253,639253,639253,639253,649702,660126,660499,660498
