# TIC 0248403190_morp_ 0.538_T0_ 1439.253716_P_ 1.5509572_analysis_6, none, Eclipse indices (see function measure_eclipses_dt).
# zeros_1, minimum_1, peaks_2_n, peaks_1, p_2_p, minimum_1_in, zeros_1_in, minimum_1_in_mid, zeros_1_in, minimum_1_in, p_2_p, peaks_1, peaks_2_n, minimum_1, zeros_1
384318,384318,439605,453536,472569,472569,472569,472569,472569,472569,472569,492357,507002,511815,511815
683052,683052,689390,708738,723198,723198,723198,723198,723198,723198,723198,737929,757387,761997,761996
