# TIC 0053122807_morp_ 0.181_T0_ 1510.206262_P_ 17.8525026_analysis_6, none, Eclipse indices (see function measure_eclipses_dt).
# zeros_1, minimum_1, peaks_2_n, peaks_1, p_2_p, minimum_1_in, zeros_1_in, minimum_1_in_mid, zeros_1_in, minimum_1_in, p_2_p, peaks_1, peaks_2_n, minimum_1, zeros_1
191651,191651,191686,192306,192940,192950,192950,194190,195430,195430,195441,196074,196692,196730,196730
232744,232743,232774,233395,234026,234039,234038,235279,236521,236520,236530,237167,237786,237832,237832
