# TIC 0101546875_morp_ 0.299_T0_ 1872.416621_P_ 4.6840246_analysis_6, none, Eclipse indices (see function measure_eclipses_dt).
# zeros_1, minimum_1, peaks_2_n, peaks_1, p_2_p, minimum_1_in, zeros_1_in, minimum_1_in_mid, zeros_1_in, minimum_1_in, p_2_p, peaks_1, peaks_2_n, minimum_1, zeros_1
239935,239934,248950,256755,267283,267283,267283,267283,267283,267283,267283,277062,284541,293217,293217
466988,466988,472172,480088,490264,490264,490264,490264,490264,490264,490264,500388,507599,523310,523309
