# TIC 0117099990_morp_ 0.424_T0_ 1818.663462_P_ 3.1960683_analysis_6, none, Eclipse indices (see function measure_eclipses_dt).
# zeros_1, minimum_1, peaks_2_n, peaks_1, p_2_p, minimum_1_in, zeros_1_in, minimum_1_in_mid, zeros_1_in, minimum_1_in, p_2_p, peaks_1, peaks_2_n, minimum_1, zeros_1
172040,172039,174264,178550,182878,184929,184929,191158,197389,197388,198423,202472,206788,207298,207298
919736,919735,923302,928671,940185,940185,940185,940185,940185,940185,940185,952286,957553,962333,962333
