# TIC 0122285268_morp_ 0.644_T0_ 1600.044663_P_ 0.7208626_analysis_6, none, Eclipse indices (see function measure_eclipses_dt).
# zeros_1, minimum_1, peaks_2_n, peaks_1, p_2_p, minimum_1_in, zeros_1_in, minimum_1_in_mid, zeros_1_in, minimum_1_in, p_2_p, peaks_1, peaks_2_n, minimum_1, zeros_1
397425,446875,456750,467690,489842,489842,489842,489842,489842,489842,489842,513424,524133,533676,598832
598833,697234,706775,717481,740784,740784,740784,740784,740784,740784,740784,763778,774107,783233,897423
