# TIC 0305466425_morp_ 0.287_T0_ 1959.017273_P_ 3.2910538_analysis_6, none, Eclipse indices (see function measure_eclipses_dt).
# zeros_1, minimum_1, peaks_2_n, peaks_1, p_2_p, minimum_1_in, zeros_1_in, minimum_1_in_mid, zeros_1_in, minimum_1_in, p_2_p, peaks_1, peaks_2_n, minimum_1, zeros_1
481882,482544,482601,487537,490128,490128,490128,490128,490128,490128,490128,492526,493247,498377,498377
732810,733668,733726,738442,741056,741056,741056,741056,741056,741056,741056,743657,748816,748874,749295
