# TIC 0360824561_morp_ 0.459_T0_ 1655.165771_P_ 1.4952488_analysis_6, none, Eclipse indices (see function measure_eclipses_dt).
# zeros_1, minimum_1, peaks_2_n, peaks_1, p_2_p, minimum_1_in, zeros_1_in, minimum_1_in_mid, zeros_1_in, minimum_1_in, p_2_p, peaks_1, peaks_2_n, minimum_1, zeros_1
484846,484846,491631,500410,511561,511561,511561,511561,511561,511561,511561,522735,531615,537354,537353
711308,711308,718561,728488,738292,748490,748490,761839,775190,775189,784716,794723,805121,810459,810459
