# TIC 0275860377_morp_ 0.258_T0_ 1816.489607_P_ 8.8470804_analysis_6, none, Eclipse indices (see function measure_eclipses_dt).
# zeros_1, minimum_1, peaks_2_n, peaks_1, p_2_p, minimum_1_in, zeros_1_in, minimum_1_in_mid, zeros_1_in, minimum_1_in, p_2_p, peaks_1, peaks_2_n, minimum_1, zeros_1
588364,588363,588368,588428,588725,588730,588729,622862,656994,656994,656994,657054,657112,657113,657113
772952,772951,772956,773016,773075,773081,773080,815415,857750,857750,857755,857815,857874,857880,857879
