# TIC 0275860377_morp_ 0.258_T0_ 1816.489607_P_ 8.8470804_analysis_6, none, Eclipse indices (see function measure_eclipses_dt).
# zeros_1, minimum_1, peaks_2_n, peaks_1, p_2_p, minimum_1_in, zeros_1_in, minimum_1_in_mid, zeros_1_in, minimum_1_in, p_2_p, peaks_1, peaks_2_n, minimum_1, zeros_1
161640,161640,161640,205205,245396,245396,245396,245396,245396,245396,245396,278193,294081,296290,296289
296290,296290,296290,357447,374894,374894,374894,374894,374894,374894,374894,389295,400662,415750,437701
