# TIC 0193553960_morp_ 0.773_T0_ 1955.955441_P_ 0.4140905_analysis_6, none, Eclipse indices (see function measure_eclipses_dt).
# zeros_1, minimum_1, peaks_2_n, peaks_1, p_2_p, minimum_1_in, zeros_1_in, minimum_1_in_mid, zeros_1_in, minimum_1_in, p_2_p, peaks_1, peaks_2_n, minimum_1, zeros_1
101200,101199,101200,192789,225592,225592,225592,225592,225592,225592,225592,259226,349276,349278,349277
349278,349278,420200,442258,476198,476198,476198,476198,476198,476198,476198,509809,532350,601199,601198
