# TIC 1551345500_morp_ 0.085_T0_ 1701.527800_P_ 47.3858687_analysis_6, none, Eclipse indices (see function measure_eclipses_dt).
# zeros_1, minimum_1, peaks_2_n, peaks_1, p_2_p, minimum_1_in, zeros_1_in, minimum_1_in_mid, zeros_1_in, minimum_1_in, p_2_p, peaks_1, peaks_2_n, minimum_1, zeros_1
46795,46794,48439,56645,68515,69181,69180,99061,128943,128942,129276,130769,132403,132404,132404
246083,246083,246412,248064,256235,256235,256235,256235,256235,256235,256235,264165,265743,266011,266011
