# TIC 0376891083_morp_ 0.585_T0_ 1766.070405_P_ 2.1417938_analysis_6, none, Eclipse indices (see function measure_eclipses_dt).
# zeros_1, minimum_1, peaks_2_n, peaks_1, p_2_p, minimum_1_in, zeros_1_in, minimum_1_in_mid, zeros_1_in, minimum_1_in, p_2_p, peaks_1, peaks_2_n, minimum_1, zeros_1
386842,435811,442590,465689,483235,483235,483235,483235,483235,483235,483235,500355,523199,529665,583236
583237,676373,693461,715137,733012,733012,733012,733012,733012,733012,733012,751031,772638,789780,867670
