# TIC 0467181063_morp_ 0.342_T0_ 1752.235529_P_ 15.5194227_analysis_6, none, Eclipse indices (see function measure_eclipses_dt).
# zeros_1, minimum_1, peaks_2_n, peaks_1, p_2_p, minimum_1_in, zeros_1_in, minimum_1_in_mid, zeros_1_in, minimum_1_in, p_2_p, peaks_1, peaks_2_n, minimum_1, zeros_1
448972,448971,448972,449213,449455,449455,449455,449455,449455,449455,449455,449696,449935,449937,449936
508477,508477,508477,508718,508959,508959,508959,508959,508959,508959,508959,509200,509440,509441,509441
