# TIC 0031796120_morp_ 0.517_T0_ 1326.906755_P_ 1.9941899_analysis_6, none, Eclipse indices (see function measure_eclipses_dt).
# zeros_1, minimum_1, peaks_2_n, peaks_1, p_2_p, minimum_1_in, zeros_1_in, minimum_1_in_mid, zeros_1_in, minimum_1_in, p_2_p, peaks_1, peaks_2_n, minimum_1, zeros_1
339380,339380,342177,353583,365679,365679,365679,365679,365679,365679,365679,377900,389135,392120,392120
589616,589615,592154,603508,615701,615701,615701,615701,615701,615701,615701,628055,639160,641894,641894
