# TIC 0234491752_morp_ 0.604_T0_ 1325.939367_P_ 0.8658398_analysis_6, none, Eclipse indices (see function measure_eclipses_dt).
# zeros_1, minimum_1, peaks_2_n, peaks_1, p_2_p, minimum_1_in, zeros_1_in, minimum_1_in_mid, zeros_1_in, minimum_1_in, p_2_p, peaks_1, peaks_2_n, minimum_1, zeros_1
751167,751166,753401,767051,781999,781999,781999,781999,781999,781999,781999,796582,810337,811773,811773
811774,811773,811774,824157,836315,836315,836315,836315,836315,836315,836315,853021,867169,870099,870098
