# TIC 0199574208_morp_ 0.264_T0_ 1739.929271_P_ 1.2683892_analysis_6, none, Eclipse indices (see function measure_eclipses_dt).
# zeros_1, minimum_1, peaks_2_n, peaks_1, p_2_p, minimum_1_in, zeros_1_in, minimum_1_in_mid, zeros_1_in, minimum_1_in, p_2_p, peaks_1, peaks_2_n, minimum_1, zeros_1
183741,183740,187139,191161,196337,196337,196337,196337,196337,196337,196337,201538,205584,208954,208954
433193,433193,436651,440700,445923,445923,445923,445923,445923,445923,445923,451103,455116,458607,458606
