# TIC 0312486827_morp_ 0.616_T0_ 1686.051484_P_ 3.8341504_analysis_6, none, Eclipse indices (see function measure_eclipses_dt).
# zeros_1, minimum_1, peaks_2_n, peaks_1, p_2_p, minimum_1_in, zeros_1_in, minimum_1_in_mid, zeros_1_in, minimum_1_in, p_2_p, peaks_1, peaks_2_n, minimum_1, zeros_1
388751,388751,407094,425081,448680,448680,448680,448680,448680,448680,448680,472798,490786,516899,516898
585963,634237,658896,676175,699677,699677,699677,699677,699677,699677,699677,723184,740515,771688,794224
