# TIC 0404113676_morp_ 0.059_T0_ 1748.657850_P_ 45.8896573_analysis_6, none, Eclipse indices (see function measure_eclipses_dt).
# zeros_1, minimum_1, peaks_2_n, peaks_1, p_2_p, minimum_1_in, zeros_1_in, minimum_1_in_mid, zeros_1_in, minimum_1_in, p_2_p, peaks_1, peaks_2_n, minimum_1, zeros_1
414985,414985,414985,415054,415123,415124,415124,415400,415678,415677,415678,415747,415814,415816,415815
589062,589062,589062,589132,589200,589201,589201,589477,589755,589754,589755,589824,589891,589893,589892
