# TIC 0067686223_morp_ 0.710_T0_ 1438.327151_P_ 0.4169261_analysis_6, none, Eclipse indices (see function measure_eclipses_dt).
# zeros_1, minimum_1, peaks_2_n, peaks_1, p_2_p, minimum_1_in, zeros_1_in, minimum_1_in_mid, zeros_1_in, minimum_1_in, p_2_p, peaks_1, peaks_2_n, minimum_1, zeros_1
207910,256459,300184,313684,336657,336657,336657,336657,336657,336657,336657,364397,388264,412764,466205
466206,466205,488243,512748,589880,589880,589880,589880,589880,589880,589880,623883,628494,663961,707909
