# TIC 0420574964_morp_ 0.024_T0_ 1808.975372_P_ 19.6690093_analysis_6, none, Eclipse indices (see function measure_eclipses_dt).
# zeros_1, minimum_1, peaks_2_n, peaks_1, p_2_p, minimum_1_in, zeros_1_in, minimum_1_in_mid, zeros_1_in, minimum_1_in, p_2_p, peaks_1, peaks_2_n, minimum_1, zeros_1
200762,200761,200762,200907,201052,201052,201052,201052,201052,201052,201052,201197,201340,201342,201341
512583,512582,512584,512729,512874,512874,512874,512874,512874,512874,512874,513019,513163,513165,513164
