# TIC 0310519261_morp_ 0.754_T0_ 1956.154418_P_ 0.3188151_analysis_6, none, Eclipse indices (see function measure_eclipses_dt).
# zeros_1, minimum_1, peaks_2_n, peaks_1, p_2_p, minimum_1_in, zeros_1_in, minimum_1_in_mid, zeros_1_in, minimum_1_in, p_2_p, peaks_1, peaks_2_n, minimum_1, zeros_1
49690,49689,121829,145859,177973,177973,177973,177973,177973,177973,177973,210962,235169,305058,305058
305059,305058,370644,397500,428849,428849,428849,428849,428849,428849,428849,459993,485879,549689,549688
