# TIC 0211116547_morp_ 0.436_T0_ 1655.693649_P_ 1.2769701_analysis_6, none, Eclipse indices (see function measure_eclipses_dt).
# zeros_1, minimum_1, peaks_2_n, peaks_1, p_2_p, minimum_1_in, zeros_1_in, minimum_1_in_mid, zeros_1_in, minimum_1_in, p_2_p, peaks_1, peaks_2_n, minimum_1, zeros_1
512102,512102,517468,523043,532058,532058,532058,532058,532058,532058,532058,540652,547017,550888,550887
761759,761759,767378,773237,782041,782041,782041,782041,782041,782041,782041,790513,796970,801465,801464
