# TIC 0433977629_morp_ 0.111_T0_ 1766.781285_P_ 6.5596851_analysis_6, none, Eclipse indices (see function measure_eclipses_dt).
# zeros_1, minimum_1, peaks_2_n, peaks_1, p_2_p, minimum_1_in, zeros_1_in, minimum_1_in_mid, zeros_1_in, minimum_1_in, p_2_p, peaks_1, peaks_2_n, minimum_1, zeros_1
547355,547354,547881,548964,550027,550613,550612,551905,553198,553197,553783,554878,555950,556745,556745
748326,748326,749302,750491,753121,753121,753121,753121,753121,753121,753121,756275,757471,758367,758366
