# TIC 0311431771_morp_ 0.956_T0_ 1983.844810_P_ 0.3473144_analysis_6, none, Eclipse indices (see function measure_eclipses_dt).
# zeros_1, minimum_1, peaks_2_n, peaks_1, p_2_p, minimum_1_in, zeros_1_in, minimum_1_in_mid, zeros_1_in, minimum_1_in, p_2_p, peaks_1, peaks_2_n, minimum_1, zeros_1
343281,343280,343281,406853,468963,468963,468963,468963,468963,468963,468963,535042,599855,599857,599856
599857,599857,599887,662850,725061,725061,725061,725061,725061,725061,725061,782587,842202,843280,843279
