# TIC 0431338625_morp_ 0.793_T0_ 1739.235847_P_ 0.6000513_analysis_6, none, Eclipse indices (see function measure_eclipses_dt).
# zeros_1, minimum_1, peaks_2_n, peaks_1, p_2_p, minimum_1_in, zeros_1_in, minimum_1_in_mid, zeros_1_in, minimum_1_in, p_2_p, peaks_1, peaks_2_n, minimum_1, zeros_1
107533,107532,107533,202928,236224,236224,236224,236224,236224,236224,236224,269550,291881,363240,363239
363240,363240,364386,456215,485656,485656,485656,485656,485656,485656,485656,515698,605305,607532,607531
