# TIC 0349907707_morp_ 0.647_T0_ 1354.599440_P_ 5.1331502_analysis_6, none, Eclipse indices (see function measure_eclipses_dt).
# zeros_1, minimum_1, peaks_2_n, peaks_1, p_2_p, minimum_1_in, zeros_1_in, minimum_1_in_mid, zeros_1_in, minimum_1_in, p_2_p, peaks_1, peaks_2_n, minimum_1, zeros_1
576858,576857,583132,589303,599636,599636,599636,599636,599636,599636,599636,610078,616203,625287,625287
746001,746000,747233,821313,842294,845415,845414,849120,852825,852825,856922,877549,951770,952489,952488
