# TIC 0340110295_morp_ 0.897_T0_ 1657.995524_P_ 1.6544428_analysis_6, none, Eclipse indices (see function measure_eclipses_dt).
# zeros_1, minimum_1, peaks_2_n, peaks_1, p_2_p, minimum_1_in, zeros_1_in, minimum_1_in_mid, zeros_1_in, minimum_1_in, p_2_p, peaks_1, peaks_2_n, minimum_1, zeros_1
479280,479279,484819,532790,599454,599454,599454,599454,599454,599454,599454,678683,732042,733376,733376
733377,733376,733377,782186,854672,854672,854672,854672,854672,854672,854672,932661,979277,979279,979278
