# TIC 0220474209_morp_ 0.489_T0_ 1325.402985_P_ 0.9801495_analysis_6, none, Eclipse indices (see function measure_eclipses_dt).
# zeros_1, minimum_1, peaks_2_n, peaks_1, p_2_p, minimum_1_in, zeros_1_in, minimum_1_in_mid, zeros_1_in, minimum_1_in, p_2_p, peaks_1, peaks_2_n, minimum_1, zeros_1
188688,188687,195607,213984,237583,237583,237583,237583,237583,237583,237583,260884,279342,286518,286518
444749,444748,452784,468445,487523,487523,487523,487523,487523,487523,487523,506528,522185,529999,529999
