# TIC 0042827646_morp_ 0.858_T0_ 1469.088173_P_ 0.6780302_analysis_6, none, Eclipse indices (see function measure_eclipses_dt).
# zeros_1, minimum_1, peaks_2_n, peaks_1, p_2_p, minimum_1_in, zeros_1_in, minimum_1_in_mid, zeros_1_in, minimum_1_in, p_2_p, peaks_1, peaks_2_n, minimum_1, zeros_1
98472,98471,98472,109709,123855,123855,123855,123855,123855,123855,123855,147247,167002,173829,173828
292177,292177,312493,357943,449124,449124,449124,449124,449124,449124,449124,532743,570376,598471,598470
