# TIC 0063454475_morp_ 0.598_T0_ 1683.629019_P_ 1.8674768_analysis_6, none, Eclipse indices (see function measure_eclipses_dt).
# zeros_1, minimum_1, peaks_2_n, peaks_1, p_2_p, minimum_1_in, zeros_1_in, minimum_1_in_mid, zeros_1_in, minimum_1_in, p_2_p, peaks_1, peaks_2_n, minimum_1, zeros_1
444692,529056,535459,553490,570226,570226,570226,570226,570226,570226,570226,587154,604964,611312,684784
719666,778989,785462,803437,820195,820195,820195,820195,820195,820195,820195,837183,854963,861438,919919
