# TIC 0219201178_morp_ 0.484_T0_ 1411.375213_P_ 2.4169910_analysis_6, none, Eclipse indices (see function measure_eclipses_dt).
# zeros_1, minimum_1, peaks_2_n, peaks_1, p_2_p, minimum_1_in, zeros_1_in, minimum_1_in_mid, zeros_1_in, minimum_1_in, p_2_p, peaks_1, peaks_2_n, minimum_1, zeros_1
597400,597399,602491,608422,616052,616052,616052,616052,616052,616052,616052,623692,629619,634795,634795
839868,839867,839868,858986,866149,866149,866149,866149,866149,866149,866149,873177,892118,892120,892119
