# TIC 0089018905_morp_ 0.340_T0_ 1327.117240_P_ 3.1430341_analysis_6, none, Eclipse indices (see function measure_eclipses_dt).
# zeros_1, minimum_1, peaks_2_n, peaks_1, p_2_p, minimum_1_in, zeros_1_in, minimum_1_in_mid, zeros_1_in, minimum_1_in, p_2_p, peaks_1, peaks_2_n, minimum_1, zeros_1
354661,354661,354749,360166,372481,372481,372481,372481,372481,372481,372481,379453,382235,382350,384515
604423,606167,606284,611290,620419,620419,620419,620419,620419,620419,620419,627017,634640,634720,634719
