# TIC 0232629077_morp_ 0.159_T0_ 1684.365404_P_ 3.6550019_analysis_6, none, Eclipse indices (see function measure_eclipses_dt).
# zeros_1, minimum_1, peaks_2_n, peaks_1, p_2_p, minimum_1_in, zeros_1_in, minimum_1_in_mid, zeros_1_in, minimum_1_in, p_2_p, peaks_1, peaks_2_n, minimum_1, zeros_1
633441,633440,633689,635618,642265,642265,642265,642265,642265,642265,642265,649563,651441,651443,651442
651443,651443,652404,654727,658744,658744,658744,658744,658744,658744,658744,662895,665240,666176,666176
