# TIC 0394657952_morp_ 0.594_T0_ 1598.567861_P_ 0.8723736_analysis_6, none, Eclipse indices (see function measure_eclipses_dt).
# zeros_1, minimum_1, peaks_2_n, peaks_1, p_2_p, minimum_1_in, zeros_1_in, minimum_1_in_mid, zeros_1_in, minimum_1_in, p_2_p, peaks_1, peaks_2_n, minimum_1, zeros_1
240720,240720,249888,281022,304910,304910,304910,304910,304910,304910,304910,331563,357711,376041,431167
472233,472233,491800,504135,525471,525471,525471,525471,525471,525471,525471,559932,573556,583385,583385
