# TIC 0167717848_morp_ 0.657_T0_ 1440.789858_P_ 5.0640150_analysis_6, none, Eclipse indices (see function measure_eclipses_dt).
# zeros_1, minimum_1, peaks_2_n, peaks_1, p_2_p, minimum_1_in, zeros_1_in, minimum_1_in_mid, zeros_1_in, minimum_1_in, p_2_p, peaks_1, peaks_2_n, minimum_1, zeros_1
143911,191931,194751,216553,231097,234821,234820,248504,262188,262188,268997,272381,277988,281444,281443
367802,466896,471791,475649,498961,498961,498961,498961,498961,498961,498961,538909,617973,619312,619311
