# TIC 0452631268_morp_ 0.025_T0_ 1577.338811_P_ 22.1224660_analysis_6, none, Eclipse indices (see function measure_eclipses_dt).
# zeros_1, minimum_1, peaks_2_n, peaks_1, p_2_p, minimum_1_in, zeros_1_in, minimum_1_in_mid, zeros_1_in, minimum_1_in, p_2_p, peaks_1, peaks_2_n, minimum_1, zeros_1
451140,451139,451140,451188,451235,451237,451236,457618,464000,464000,464000,464048,464096,464097,464097
707332,707332,707332,707380,707428,707428,707428,707428,707428,707428,707428,707476,707522,707524,707523
