# TIC 0281948821_morp_ 0.507_T0_ 1683.411821_P_ 0.1121159_analysis_6, none, Eclipse indices (see function measure_eclipses_dt).
# zeros_1, minimum_1, peaks_2_n, peaks_1, p_2_p, minimum_1_in, zeros_1_in, minimum_1_in_mid, zeros_1_in, minimum_1_in, p_2_p, peaks_1, peaks_2_n, minimum_1, zeros_1
85974,85974,99685,112101,128035,128035,128035,128035,128035,128035,128035,144282,156749,167081,167080
835331,835330,848329,860761,877005,877005,877005,877005,877005,877005,877005,893279,905641,917751,917750
