# KIC09656543_morp_0.37_T0_55002.402881_P_2.544565_analysis_6, none, Eclipse indices (see function measure_eclipses_dt).
# zeros_1, minimum_1, peaks_2_n, peaks_1, p_2_p, minimum_1_in, zeros_1_in, minimum_1_in_mid, zeros_1_in, minimum_1_in, p_2_p, peaks_1, peaks_2_n, minimum_1, zeros_1
2603,2602,5725,12990,18184,18184,18184,18184,18184,18184,18184,23477,30516,33807,33806
252599,252599,255894,262808,268164,268164,268164,268164,268164,268164,268164,273596,280346,283760,283760
