# TIC 0069888530_morp_ 0.347_T0_ 1360.060546_P_ 10.3516947_analysis_6, none, Eclipse indices (see function measure_eclipses_dt).
# zeros_1, minimum_1, peaks_2_n, peaks_1, p_2_p, minimum_1_in, zeros_1_in, minimum_1_in_mid, zeros_1_in, minimum_1_in, p_2_p, peaks_1, peaks_2_n, minimum_1, zeros_1
370050,370049,372267,377346,384589,384589,384589,384589,384589,384589,384589,392432,396733,399363,399362
611489,611488,614230,618524,626566,626566,626566,626566,626566,626566,626566,634401,638997,641535,641534
