# TIC 0277069829_morp_ 0.724_T0_ 1627.417864_P_ 2.0260091_analysis_6, none, Eclipse indices (see function measure_eclipses_dt).
# zeros_1, minimum_1, peaks_2_n, peaks_1, p_2_p, minimum_1_in, zeros_1_in, minimum_1_in_mid, zeros_1_in, minimum_1_in, p_2_p, peaks_1, peaks_2_n, minimum_1, zeros_1
371648,371647,371688,489125,559515,559515,559515,559515,559515,559515,559515,601894,606137,644588,644588
720102,721503,721768,759457,787952,787952,787952,787952,787952,787952,787952,803691,821449,821699,838981
