# TIC 0265767012_morp_ 0.526_T0_ 1817.764381_P_ 1.7435304_analysis_6, none, Eclipse indices (see function measure_eclipses_dt).
# zeros_1, minimum_1, peaks_2_n, peaks_1, p_2_p, minimum_1_in, zeros_1_in, minimum_1_in_mid, zeros_1_in, minimum_1_in, p_2_p, peaks_1, peaks_2_n, minimum_1, zeros_1
337944,337943,341281,358026,369476,369476,369476,369476,369476,369476,369476,382939,399462,402722,402721
567684,567683,570354,582133,591701,593985,593984,599277,604571,604570,607254,616399,628714,630683,630682
