# TIC 0047352608_morp_ 0.821_T0_ 1544.562638_P_ 0.4434482_analysis_6, none, Eclipse indices (see function measure_eclipses_dt).
# zeros_1, minimum_1, peaks_2_n, peaks_1, p_2_p, minimum_1_in, zeros_1_in, minimum_1_in_mid, zeros_1_in, minimum_1_in, p_2_p, peaks_1, peaks_2_n, minimum_1, zeros_1
274514,274513,286513,359577,396874,396874,396874,396874,396874,396874,396874,432028,504301,517534,517534
517535,517534,517535,611954,644821,644821,644821,644821,644821,644821,644821,679438,774511,774513,774512
