# TIC 0092902951_morp_ 0.583_T0_ 1572.841528_P_ 2.2464835_analysis_6, none, Eclipse indices (see function measure_eclipses_dt).
# zeros_1, minimum_1, peaks_2_n, peaks_1, p_2_p, minimum_1_in, zeros_1_in, minimum_1_in_mid, zeros_1_in, minimum_1_in, p_2_p, peaks_1, peaks_2_n, minimum_1, zeros_1
419117,419708,419891,442932,454886,455092,459842,462174,464497,469256,469466,480746,504495,504679,505262
667994,669331,669546,696741,704538,705515,705997,711833,717694,718151,719812,731091,754148,754362,756300
