# TIC 0095525590_morp_ 0.746_T0_ 1929.913425_P_ 0.2180114_analysis_6, none, Eclipse indices (see function measure_eclipses_dt).
# zeros_1, minimum_1, peaks_2_n, peaks_1, p_2_p, minimum_1_in, zeros_1_in, minimum_1_in_mid, zeros_1_in, minimum_1_in, p_2_p, peaks_1, peaks_2_n, minimum_1, zeros_1
228965,228964,300851,325890,353966,353966,353966,353966,353966,353966,353966,381178,408978,477079,477078
477079,477079,551907,576353,603982,603982,603982,603982,603982,603982,603982,631540,656908,728964,728963
