# TIC 0401869914_morp_ 0.556_T0_ 1387.574829_P_ 2.6082825_analysis_6, none, Eclipse indices (see function measure_eclipses_dt).
# zeros_1, minimum_1, peaks_2_n, peaks_1, p_2_p, minimum_1_in, zeros_1_in, minimum_1_in_mid, zeros_1_in, minimum_1_in, p_2_p, peaks_1, peaks_2_n, minimum_1, zeros_1
456664,462611,462860,463105,483678,483678,483678,483678,483678,483678,483678,505205,516965,517156,517156
725520,725520,725552,725790,726993,727018,727018,745901,764785,764785,764830,765077,765322,765371,765371
