# TIC 0129268651_morp_ 0.361_T0_ 1493.953489_P_ 5.9631945_analysis_6, none, Eclipse indices (see function measure_eclipses_dt).
# zeros_1, minimum_1, peaks_2_n, peaks_1, p_2_p, minimum_1_in, zeros_1_in, minimum_1_in_mid, zeros_1_in, minimum_1_in, p_2_p, peaks_1, peaks_2_n, minimum_1, zeros_1
418518,418517,420619,424942,430362,430362,430362,430362,430362,430362,430362,435231,439092,442919,442919
710641,710640,712126,716290,721193,721193,721193,721193,721193,721193,721193,726530,730734,734796,734795
