# TIC 0305399325_morp_ 0.218_T0_ 1742.871436_P_ 6.1001972_analysis_6, none, Eclipse indices (see function measure_eclipses_dt).
# zeros_1, minimum_1, peaks_2_n, peaks_1, p_2_p, minimum_1_in, zeros_1_in, minimum_1_in_mid, zeros_1_in, minimum_1_in, p_2_p, peaks_1, peaks_2_n, minimum_1, zeros_1
347380,347380,348450,360601,380229,380229,380229,380229,380229,380229,380229,398625,410541,411300,411299
581707,596430,600398,603396,608065,608065,608065,608065,608065,608065,608065,615446,619735,621397,621396
