# TIC 0196920546_morp_ 0.478_T0_ 1765.542044_P_ 1.5360575_analysis_6, none, Eclipse indices (see function measure_eclipses_dt).
# zeros_1, minimum_1, peaks_2_n, peaks_1, p_2_p, minimum_1_in, zeros_1_in, minimum_1_in_mid, zeros_1_in, minimum_1_in, p_2_p, peaks_1, peaks_2_n, minimum_1, zeros_1
589439,589439,593881,605261,614122,614122,614122,614122,614122,614122,614122,624003,634389,638459,638458
839489,839488,843902,854106,864223,864223,864223,864223,864223,864223,864223,874574,884512,889233,889233
