# TIC 0063449090_morp_ 0.360_T0_ 1684.280752_P_ 2.4419957_analysis_6, none, Eclipse indices (see function measure_eclipses_dt).
# zeros_1, minimum_1, peaks_2_n, peaks_1, p_2_p, minimum_1_in, zeros_1_in, minimum_1_in_mid, zeros_1_in, minimum_1_in, p_2_p, peaks_1, peaks_2_n, minimum_1, zeros_1
425766,425765,430867,438201,447463,447463,447463,447463,447463,447463,447463,456709,464049,469113,469112
636708,636708,636708,642024,647232,647232,647232,647232,647232,647232,647232,654193,660486,660916,660915
