# TIC 0180416826_morp_ 0.270_T0_ 1653.640997_P_ 2.1895269_analysis_6, none, Eclipse indices (see function measure_eclipses_dt).
# zeros_1, minimum_1, peaks_2_n, peaks_1, p_2_p, minimum_1_in, zeros_1_in, minimum_1_in_mid, zeros_1_in, minimum_1_in, p_2_p, peaks_1, peaks_2_n, minimum_1, zeros_1
173587,173586,174067,182695,187370,187370,187370,187370,187370,187370,187370,194626,196901,203845,203844
809993,809993,810184,812262,814063,814867,814867,829420,843974,843973,844269,846162,848079,848326,848326
