# TIC 0092234970_morp_ 0.638_T0_ 1411.319599_P_ 0.7719217_analysis_6, none, Eclipse indices (see function measure_eclipses_dt).
# zeros_1, minimum_1, peaks_2_n, peaks_1, p_2_p, minimum_1_in, zeros_1_in, minimum_1_in_mid, zeros_1_in, minimum_1_in, p_2_p, peaks_1, peaks_2_n, minimum_1, zeros_1
486746,558246,568739,591252,619536,619536,619536,619536,619536,619536,619536,644570,668199,678718,750113
750114,810156,820101,842957,869262,869262,869262,869262,869262,869262,869262,896939,918689,929827,986744
