# TIC 0272368236_morp_ 0.693_T0_ 1687.128763_P_ 5.3044546_analysis_6, none, Eclipse indices (see function measure_eclipses_dt).
# zeros_1, minimum_1, peaks_2_n, peaks_1, p_2_p, minimum_1_in, zeros_1_in, minimum_1_in_mid, zeros_1_in, minimum_1_in, p_2_p, peaks_1, peaks_2_n, minimum_1, zeros_1
380424,380423,383356,387248,393083,393083,393083,393083,393083,393083,393083,399307,403402,408498,408498
624689,624688,624689,627850,645633,646135,646135,699345,752556,752555,753818,756693,759682,760722,760722
