# TIC 0272841995_morp_ 0.703_T0_ 1683.695881_P_ 0.4452789_analysis_6, none, Eclipse indices (see function measure_eclipses_dt).
# zeros_1, minimum_1, peaks_2_n, peaks_1, p_2_p, minimum_1_in, zeros_1_in, minimum_1_in_mid, zeros_1_in, minimum_1_in, p_2_p, peaks_1, peaks_2_n, minimum_1, zeros_1
141973,141972,205597,236296,262968,262968,262968,262968,262968,262968,262968,287386,320144,379171,379171
379172,379171,460123,487240,513029,513029,513029,513029,513029,513029,513029,537879,562877,641972,641971
