# TIC 0201293780_morp_ 0.447_T0_ 1325.748880_P_ 0.9377426_analysis_6, none, Eclipse indices (see function measure_eclipses_dt).
# zeros_1, minimum_1, peaks_2_n, peaks_1, p_2_p, minimum_1_in, zeros_1_in, minimum_1_in_mid, zeros_1_in, minimum_1_in, p_2_p, peaks_1, peaks_2_n, minimum_1, zeros_1
252868,252867,257058,264311,274094,274094,274094,274094,274094,274094,274094,283759,290999,295288,295288
503082,503081,506312,513399,524461,524461,524461,524461,524461,524461,524461,534879,541517,544775,544775
