# TIC 0092350408_morp_ 0.252_T0_ 2037.571552_P_ 2.9574264_analysis_6, none, Eclipse indices (see function measure_eclipses_dt).
# zeros_1, minimum_1, peaks_2_n, peaks_1, p_2_p, minimum_1_in, zeros_1_in, minimum_1_in_mid, zeros_1_in, minimum_1_in, p_2_p, peaks_1, peaks_2_n, minimum_1, zeros_1
647999,647998,650881,654856,659871,659871,659871,659871,659871,659871,659871,664932,668940,671710,671709
915647,915646,916541,919939,937108,937108,937108,937108,937108,937108,937108,940560,943945,944258,944258
