# KIC07512381_morp_0.75_T0_54953.969873_P_0.4239248_analysis_6, none, Eclipse indices (see function measure_eclipses_dt).
# zeros_1, minimum_1, peaks_2_n, peaks_1, p_2_p, minimum_1_in, zeros_1_in, minimum_1_in_mid, zeros_1_in, minimum_1_in, p_2_p, peaks_1, peaks_2_n, minimum_1, zeros_1
377548,377548,451939,471505,503227,503227,503227,503227,503227,503227,503227,534488,553476,629950,629949
629950,629950,701873,720795,753016,753016,753016,753016,753016,753016,753016,785209,804017,877547,877547
