# TIC 0377296926_morp_ 0.844_T0_ 1683.822857_P_ 0.4313879_analysis_6, none, Eclipse indices (see function measure_eclipses_dt).
# zeros_1, minimum_1, peaks_2_n, peaks_1, p_2_p, minimum_1_in, zeros_1_in, minimum_1_in_mid, zeros_1_in, minimum_1_in, p_2_p, peaks_1, peaks_2_n, minimum_1, zeros_1
255242,255241,261752,280231,301194,301194,301194,301194,301194,301194,301194,326468,347175,354071,354070
419570,419569,428472,451804,549026,549026,549026,549026,549026,549026,549026,578179,678810,679921,679920
