# TIC 0115693377_morp_ 0.238_T0_ 1361.572409_P_ 4.9279264_analysis_6, none, Eclipse indices (see function measure_eclipses_dt).
# zeros_1, minimum_1, peaks_2_n, peaks_1, p_2_p, minimum_1_in, zeros_1_in, minimum_1_in_mid, zeros_1_in, minimum_1_in, p_2_p, peaks_1, peaks_2_n, minimum_1, zeros_1
110880,110879,111069,113223,122792,122792,122792,122792,122792,122792,122792,125610,127752,129161,129160
861582,861581,863643,866043,869132,869132,869132,869132,869132,869132,869132,872207,874618,876452,876451
