# TIC 0115693377_morp_ 0.238_T0_ 1361.572409_P_ 4.9279264_analysis_6, none, Eclipse indices (see function measure_eclipses_dt).
# zeros_1, minimum_1, peaks_2_n, peaks_1, p_2_p, minimum_1_in, zeros_1_in, minimum_1_in_mid, zeros_1_in, minimum_1_in, p_2_p, peaks_1, peaks_2_n, minimum_1, zeros_1
610917,610916,611069,613218,622775,622775,622775,622775,622775,622775,622775,625607,627752,629178,629177
861589,861589,863643,866043,869129,869129,869129,869129,869129,869129,869129,872207,874618,876456,876456
