# TIC 0123357952_morp_ 0.685_T0_ 1683.756470_P_ 0.4277815_analysis_6, none, Eclipse indices (see function measure_eclipses_dt).
# zeros_1, minimum_1, peaks_2_n, peaks_1, p_2_p, minimum_1_in, zeros_1_in, minimum_1_in_mid, zeros_1_in, minimum_1_in, p_2_p, peaks_1, peaks_2_n, minimum_1, zeros_1
47199,47198,47199,64734,85773,85773,85773,85773,85773,85773,85773,108568,127623,127625,127624
295827,295826,295827,314705,337391,337391,337391,337391,337391,337391,337391,359730,379063,379065,379064
