# TIC 0459971813_morp_ 0.862_T0_ 1438.288683_P_ 0.3767230_analysis_6, none, Eclipse indices (see function measure_eclipses_dt).
# zeros_1, minimum_1, peaks_2_n, peaks_1, p_2_p, minimum_1_in, zeros_1_in, minimum_1_in_mid, zeros_1_in, minimum_1_in, p_2_p, peaks_1, peaks_2_n, minimum_1, zeros_1
167832,167832,181539,255904,293213,293213,293213,293213,293213,293213,293213,330215,420017,420019,420018
420019,420019,436268,501782,542845,542845,542845,542845,542845,542845,542845,583617,650739,667831,667831
