# TIC 0259006185_morp_ 0.346_T0_ 1901.860148_P_ 1.9396542_analysis_6, none, Eclipse indices (see function measure_eclipses_dt).
# zeros_1, minimum_1, peaks_2_n, peaks_1, p_2_p, minimum_1_in, zeros_1_in, minimum_1_in_mid, zeros_1_in, minimum_1_in, p_2_p, peaks_1, peaks_2_n, minimum_1, zeros_1
673391,673391,675558,678922,685984,685984,685984,685984,685984,685984,685984,693960,697327,699401,699401
915726,915725,916710,924460,936793,936793,936793,936793,936793,936793,936793,948714,953567,956873,956872
