# TIC 0230386284_morp_ 0.559_T0_ 1683.492533_P_ 0.3414933_analysis_6, none, Eclipse indices (see function measure_eclipses_dt).
# zeros_1, minimum_1, peaks_2_n, peaks_1, p_2_p, minimum_1_in, zeros_1_in, minimum_1_in_mid, zeros_1_in, minimum_1_in, p_2_p, peaks_1, peaks_2_n, minimum_1, zeros_1
114357,114356,134197,167035,208030,208030,208030,208030,208030,208030,208030,248689,281378,301149,301148
801149,801148,801149,821430,846638,846638,846638,846638,846638,846638,846638,875342,902312,907170,907169
