# TIC 0436243444_morp_ 0.401_T0_ 1470.175108_P_ 1.3584399_analysis_6, none, Eclipse indices (see function measure_eclipses_dt).
# zeros_1, minimum_1, peaks_2_n, peaks_1, p_2_p, minimum_1_in, zeros_1_in, minimum_1_in_mid, zeros_1_in, minimum_1_in, p_2_p, peaks_1, peaks_2_n, minimum_1, zeros_1
389884,389883,395093,400871,408354,408354,408354,408354,408354,408354,408354,415815,421578,426636,426635
625324,636213,644948,650694,658419,658419,658419,658419,658419,658419,658419,665995,671715,678487,678486
