# TIC 0377190161_morp_ 0.428_T0_ 1687.022282_P_ 3.7863949_analysis_6, none, Eclipse indices (see function measure_eclipses_dt).
# zeros_1, minimum_1, peaks_2_n, peaks_1, p_2_p, minimum_1_in, zeros_1_in, minimum_1_in_mid, zeros_1_in, minimum_1_in, p_2_p, peaks_1, peaks_2_n, minimum_1, zeros_1
471528,474939,482074,488890,498953,498953,498953,498953,498953,498953,498953,507923,514788,525520,525520
720948,725489,732100,739069,748595,748595,748595,748595,748595,748595,748595,757733,764743,771737,776353
