# TIC 0268686000_morp_ 0.793_T0_ 1386.169756_P_ 0.4454122_analysis_6, none, Eclipse indices (see function measure_eclipses_dt).
# zeros_1, minimum_1, peaks_2_n, peaks_1, p_2_p, minimum_1_in, zeros_1_in, minimum_1_in_mid, zeros_1_in, minimum_1_in, p_2_p, peaks_1, peaks_2_n, minimum_1, zeros_1
404396,404396,474462,496027,531087,531087,531087,531087,531087,531087,531087,565499,585977,657996,657995
657996,657996,657996,746785,780747,780747,780747,780747,780747,780747,780747,813977,904394,904395,904395
