# TIC 0115481900_morp_ 0.604_T0_ 1684.989858_P_ 3.3060948_analysis_6, none, Eclipse indices (see function measure_eclipses_dt).
# zeros_1, minimum_1, peaks_2_n, peaks_1, p_2_p, minimum_1_in, zeros_1_in, minimum_1_in_mid, zeros_1_in, minimum_1_in, p_2_p, peaks_1, peaks_2_n, minimum_1, zeros_1
14282,35104,40750,45361,54038,54038,54038,54038,54038,54038,54038,63839,68574,74202,84160
264946,285073,290747,295368,304100,304100,304100,304100,304100,304100,304100,313857,318576,324188,334441
