# TIC 0116161302_morp_ 0.572_T0_ 1986.255441_P_ 2.5320807_analysis_6, none, Eclipse indices (see function measure_eclipses_dt).
# zeros_1, minimum_1, peaks_2_n, peaks_1, p_2_p, minimum_1_in, zeros_1_in, minimum_1_in_mid, zeros_1_in, minimum_1_in, p_2_p, peaks_1, peaks_2_n, minimum_1, zeros_1
616181,616180,617115,643894,664581,664581,664581,664581,664581,664581,664581,694553,713838,715373,715372
865432,865431,867435,897153,915764,915764,915764,915764,915764,915764,915764,933528,963293,965816,965815
