# TIC 0121457732_morp_ 0.671_T0_ 1684.601438_P_ 1.9666235_analysis_6, none, Eclipse indices (see function measure_eclipses_dt).
# zeros_1, minimum_1, peaks_2_n, peaks_1, p_2_p, minimum_1_in, zeros_1_in, minimum_1_in_mid, zeros_1_in, minimum_1_in, p_2_p, peaks_1, peaks_2_n, minimum_1, zeros_1
0,87366,93263,102162,128513,128513,128513,128513,128513,128513,128513,155315,163123,171501,250107
258869,337780,343404,354699,360797,373730,373729,379014,384298,384298,397348,403264,413854,420308,488693
