# TIC 0339568213_morp_ 0.576_T0_ 1628.525636_P_ 5.8232942_analysis_6, none, Eclipse indices (see function measure_eclipses_dt).
# zeros_1, minimum_1, peaks_2_n, peaks_1, p_2_p, minimum_1_in, zeros_1_in, minimum_1_in_mid, zeros_1_in, minimum_1_in, p_2_p, peaks_1, peaks_2_n, minimum_1, zeros_1
453888,453887,453889,453955,454020,454023,454022,488705,523388,523388,523394,523460,523526,523532,523532
810258,810258,810262,810328,810393,810398,810398,848498,886599,886598,886599,886663,886726,886728,886727
