# TIC 0410276444_morp_ 0.383_T0_ 1654.463964_P_ 1.0166611_analysis_6, none, Eclipse indices (see function measure_eclipses_dt).
# zeros_1, minimum_1, peaks_2_n, peaks_1, p_2_p, minimum_1_in, zeros_1_in, minimum_1_in_mid, zeros_1_in, minimum_1_in, p_2_p, peaks_1, peaks_2_n, minimum_1, zeros_1
496742,496741,502597,511334,522521,522521,522521,522521,522521,522521,522521,533100,542223,545271,545271
740327,740326,748579,758622,771548,771548,771548,771548,771548,771548,771548,783923,793889,799718,799717
