# TIC 0420757505_morp_ 0.403_T0_ 1820.066500_P_ 4.1659314_analysis_6, none, Eclipse indices (see function measure_eclipses_dt).
# zeros_1, minimum_1, peaks_2_n, peaks_1, p_2_p, minimum_1_in, zeros_1_in, minimum_1_in_mid, zeros_1_in, minimum_1_in, p_2_p, peaks_1, peaks_2_n, minimum_1, zeros_1
382515,382514,382516,383197,383869,383871,383870,386621,389371,389371,389378,390063,390748,390750,390749
396249,396248,396253,396943,397639,397639,397639,397639,397639,397639,397639,398319,399000,399002,399001
