# TIC 0238197709_morp_ 0.074_T0_ 1635.731841_P_ 13.7256533_analysis_6, none, Eclipse indices (see function measure_eclipses_dt).
# zeros_1, minimum_1, peaks_2_n, peaks_1, p_2_p, minimum_1_in, zeros_1_in, minimum_1_in_mid, zeros_1_in, minimum_1_in, p_2_p, peaks_1, peaks_2_n, minimum_1, zeros_1
371203,371203,371221,371936,372659,372659,372659,372659,372659,372659,372659,373392,374106,374138,374137
487336,487336,487357,488175,492108,492168,492167,495087,498007,498007,498077,501723,502449,502505,502505
