# TIC 0300161053_morp_ 0.122_T0_ 1607.314774_P_ 13.3068164_analysis_6, none, Eclipse indices (see function measure_eclipses_dt).
# zeros_1, minimum_1, peaks_2_n, peaks_1, p_2_p, minimum_1_in, zeros_1_in, minimum_1_in_mid, zeros_1_in, minimum_1_in, p_2_p, peaks_1, peaks_2_n, minimum_1, zeros_1
736456,736455,737976,739838,742196,742196,742196,742196,742196,742196,742196,744563,746442,747645,747644
947990,947989,948842,950845,953197,953197,953197,953197,953197,953197,953197,955518,957402,958422,958422
