# TIC 0139701741_morp_ 0.549_T0_ 1438.760717_P_ 2.6303776_analysis_6, none, Eclipse indices (see function measure_eclipses_dt).
# zeros_1, minimum_1, peaks_2_n, peaks_1, p_2_p, minimum_1_in, zeros_1_in, minimum_1_in_mid, zeros_1_in, minimum_1_in, p_2_p, peaks_1, peaks_2_n, minimum_1, zeros_1
542804,643401,650308,666540,683635,683635,683635,683635,683635,683635,683635,700570,716901,723859,824831
824832,895160,899429,915360,932859,932859,932859,932859,932859,932859,932859,951307,968008,972256,999999
