# TIC 0152592870_morp_ 0.662_T0_ 1411.357163_P_ 0.5138514_analysis_6, none, Eclipse indices (see function measure_eclipses_dt).
# zeros_1, minimum_1, peaks_2_n, peaks_1, p_2_p, minimum_1_in, zeros_1_in, minimum_1_in_mid, zeros_1_in, minimum_1_in, p_2_p, peaks_1, peaks_2_n, minimum_1, zeros_1
434938,434938,474473,499833,534040,534040,534040,534040,534040,534040,534040,568466,594057,628859,628859
628860,628859,680517,741522,783745,783745,783745,783745,783745,783745,783745,825513,889700,934937,934937
