# TIC 0082224114_morp_ 0.781_T0_ 1870.695131_P_ 0.3761241_analysis_6, none, Eclipse indices (see function measure_eclipses_dt).
# zeros_1, minimum_1, peaks_2_n, peaks_1, p_2_p, minimum_1_in, zeros_1_in, minimum_1_in_mid, zeros_1_in, minimum_1_in, p_2_p, peaks_1, peaks_2_n, minimum_1, zeros_1
208214,208213,281308,299593,332299,332299,332299,332299,332299,332299,332299,363997,383088,461072,461071
461072,461072,463639,548538,581798,581798,581798,581798,581798,581798,581798,613986,634085,708213,708212
