# TIC 0316249183_morp_ 0.260_T0_ 1823.508909_P_ 8.0585308_analysis_6, none, Eclipse indices (see function measure_eclipses_dt).
# zeros_1, minimum_1, peaks_2_n, peaks_1, p_2_p, minimum_1_in, zeros_1_in, minimum_1_in_mid, zeros_1_in, minimum_1_in, p_2_p, peaks_1, peaks_2_n, minimum_1, zeros_1
167431,167430,170151,174017,178991,178991,178991,178991,178991,178991,178991,183933,187824,191260,191259
343423,343422,345728,349654,354470,354470,354470,354470,354470,354470,354470,359194,363001,365194,365194
