# TIC 0037606218_morp_ 0.210_T0_ 1469.612215_P_ 7.8358545_analysis_6, none, Eclipse indices (see function measure_eclipses_dt).
# zeros_1, minimum_1, peaks_2_n, peaks_1, p_2_p, minimum_1_in, zeros_1_in, minimum_1_in_mid, zeros_1_in, minimum_1_in, p_2_p, peaks_1, peaks_2_n, minimum_1, zeros_1
376326,376326,377989,379882,381779,383547,383546,384845,386143,386143,387871,389764,391659,393305,393304
644434,644433,645333,647827,649144,651526,651526,653066,654606,654606,657228,658651,661114,662119,662118
