# TIC 0219373406_morp_ 0.601_T0_ 1386.632257_P_ 0.8618965_analysis_6, none, Eclipse indices (see function measure_eclipses_dt).
# zeros_1, minimum_1, peaks_2_n, peaks_1, p_2_p, minimum_1_in, zeros_1_in, minimum_1_in_mid, zeros_1_in, minimum_1_in, p_2_p, peaks_1, peaks_2_n, minimum_1, zeros_1
451443,486190,499705,533973,552410,552410,552410,552410,552410,552410,552410,570428,603970,617203,685228
685229,739101,755952,783796,802032,802032,802032,802032,802032,802032,802032,819978,847910,864152,951442
