# TIC 0380298140_morp_ 0.645_T0_ 1711.965082_P_ 1.7943809_analysis_6, none, Eclipse indices (see function measure_eclipses_dt).
# zeros_1, minimum_1, peaks_2_n, peaks_1, p_2_p, minimum_1_in, zeros_1_in, minimum_1_in_mid, zeros_1_in, minimum_1_in, p_2_p, peaks_1, peaks_2_n, minimum_1, zeros_1
86410,138102,149505,175594,199672,199672,199672,199672,199672,199672,199672,223788,249177,260637,314014
314015,387283,400252,429509,449672,449672,449672,449672,449672,449672,449672,470467,498796,512370,586408
