# TIC 0147975720_morp_ 0.179_T0_ 1472.043022_P_ 2.8502226_analysis_6, none, Eclipse indices (see function measure_eclipses_dt).
# zeros_1, minimum_1, peaks_2_n, peaks_1, p_2_p, minimum_1_in, zeros_1_in, minimum_1_in_mid, zeros_1_in, minimum_1_in, p_2_p, peaks_1, peaks_2_n, minimum_1, zeros_1
238482,238481,238493,238704,239757,239768,239767,242282,244797,244796,244800,245010,245220,245222,245221
955229,959184,959498,961397,966073,966073,966073,966073,966073,966073,966073,970961,972851,973097,976218
