# TIC 0154067797_morp_ 0.757_T0_ 1683.433849_P_ 0.2365802_analysis_6, none, Eclipse indices (see function measure_eclipses_dt).
# zeros_1, minimum_1, peaks_2_n, peaks_1, p_2_p, minimum_1_in, zeros_1_in, minimum_1_in_mid, zeros_1_in, minimum_1_in, p_2_p, peaks_1, peaks_2_n, minimum_1, zeros_1
13299,13298,78332,100232,137050,137050,137050,137050,137050,137050,137050,173106,194267,261565,261564
261565,261565,326520,351127,387035,387035,387035,387035,387035,387035,387035,423267,448276,513298,513297
