# TIC 0181226974_morp_ 0.538_T0_ 1572.390120_P_ 1.9353781_analysis_6, none, Eclipse indices (see function measure_eclipses_dt).
# zeros_1, minimum_1, peaks_2_n, peaks_1, p_2_p, minimum_1_in, zeros_1_in, minimum_1_in_mid, zeros_1_in, minimum_1_in, p_2_p, peaks_1, peaks_2_n, minimum_1, zeros_1
635363,635362,637204,639517,657519,657519,657519,657519,657519,657519,657519,664300,666350,666351,666351
901242,901241,902604,928273,951743,951743,951743,951743,951743,951743,951743,962971,965825,967151,967150
