# TIC 0181226974_morp_ 0.538_T0_ 1572.390120_P_ 1.9353781_analysis_6, none, Eclipse indices (see function measure_eclipses_dt).
# zeros_1, minimum_1, peaks_2_n, peaks_1, p_2_p, minimum_1_in, zeros_1_in, minimum_1_in_mid, zeros_1_in, minimum_1_in, p_2_p, peaks_1, peaks_2_n, minimum_1, zeros_1
135365,135364,137204,139518,157520,157520,157520,157520,157520,157520,157520,164301,166350,166351,166351
401247,401247,402604,428288,451744,451744,451744,451744,451744,451744,451744,462974,465828,467152,467152
