# TIC 0030914235_morp_ 0.414_T0_ 1658.077700_P_ 3.0199529_analysis_6, none, Eclipse indices (see function measure_eclipses_dt).
# zeros_1, minimum_1, peaks_2_n, peaks_1, p_2_p, minimum_1_in, zeros_1_in, minimum_1_in_mid, zeros_1_in, minimum_1_in, p_2_p, peaks_1, peaks_2_n, minimum_1, zeros_1
696547,696547,699220,703384,707679,709701,709701,715144,720588,720588,722607,738657,744405,744406,744406
744407,744406,744618,777854,788017,788017,788017,788017,788017,788017,788017,798586,831833,831921,831920
