# TIC 0362187226_morp_ 0.592_T0_ 1683.753495_P_ 0.7939721_analysis_6, none, Eclipse indices (see function measure_eclipses_dt).
# zeros_1, minimum_1, peaks_2_n, peaks_1, p_2_p, minimum_1_in, zeros_1_in, minimum_1_in_mid, zeros_1_in, minimum_1_in, p_2_p, peaks_1, peaks_2_n, minimum_1, zeros_1
351895,351894,374450,393065,417925,417925,417925,417925,417925,417925,417925,442496,460743,488160,557324
557325,598372,627464,644167,668863,668863,668863,668863,668863,668863,668863,692201,707548,736184,779478
