# TIC 0237114978_morp_ 0.973_T0_ 1684.044148_P_ 0.3240331_analysis_6, none, Eclipse indices (see function measure_eclipses_dt).
# zeros_1, minimum_1, peaks_2_n, peaks_1, p_2_p, minimum_1_in, zeros_1_in, minimum_1_in_mid, zeros_1_in, minimum_1_in, p_2_p, peaks_1, peaks_2_n, minimum_1, zeros_1
234571,234570,250496,293713,356588,356588,356588,356588,356588,356588,356588,419210,463335,478282,478281
478282,478282,478282,538083,606912,606912,606912,606912,606912,606912,606912,675980,734568,734570,734569
