# TIC 0031134762_morp_ 0.455_T0_ 1601.871728_P_ 3.7872526_analysis_6, none, Eclipse indices (see function measure_eclipses_dt).
# zeros_1, minimum_1, peaks_2_n, peaks_1, p_2_p, minimum_1_in, zeros_1_in, minimum_1_in_mid, zeros_1_in, minimum_1_in, p_2_p, peaks_1, peaks_2_n, minimum_1, zeros_1
272870,272870,273401,289353,299077,299077,299077,299077,299077,299077,299077,306240,307782,308058,308058
642011,642010,643893,659090,669962,669962,669962,669962,669962,669962,669962,680922,696079,697813,697813
