# TIC 0064608449_morp_ 0.793_T0_ 1492.687964_P_ 2.2502465_analysis_6, none, Eclipse indices (see function measure_eclipses_dt).
# zeros_1, minimum_1, peaks_2_n, peaks_1, p_2_p, minimum_1_in, zeros_1_in, minimum_1_in_mid, zeros_1_in, minimum_1_in, p_2_p, peaks_1, peaks_2_n, minimum_1, zeros_1
0,14387,19979,25475,102083,102083,102083,102083,102083,102083,102083,156244,162413,169529,218383
342025,342024,342025,346836,351695,351695,351695,351695,351695,351695,351695,358019,363630,364231,364230
