# TIC 0029847695_morp_ 0.283_T0_ 1387.976691_P_ 4.9983914_analysis_6, none, Eclipse indices (see function measure_eclipses_dt).
# zeros_1, minimum_1, peaks_2_n, peaks_1, p_2_p, minimum_1_in, zeros_1_in, minimum_1_in_mid, zeros_1_in, minimum_1_in, p_2_p, peaks_1, peaks_2_n, minimum_1, zeros_1
794876,794875,796836,801137,809508,811192,811191,823434,828795,835677,838386,840735,843581,844324,844324
862141,862140,862739,865241,877443,878383,878382,881996,885610,885609,886734,899064,901477,902115,902115
