# TIC 0401889117_morp_ 0.205_T0_ 1386.290097_P_ 6.5862074_analysis_6, none, Eclipse indices (see function measure_eclipses_dt).
# zeros_1, minimum_1, peaks_2_n, peaks_1, p_2_p, minimum_1_in, zeros_1_in, minimum_1_in_mid, zeros_1_in, minimum_1_in, p_2_p, peaks_1, peaks_2_n, minimum_1, zeros_1
632161,632160,632244,634622,637237,637237,637237,637237,637237,637237,637237,642656,645360,645419,645418
878599,880836,880933,881029,884883,884883,884883,884883,884883,884883,884883,889134,889231,889330,892359
