# TIC 0255904363_morp_ 0.593_T0_ 1686.594095_P_ 0.4190036_analysis_6, none, Eclipse indices (see function measure_eclipses_dt).
# zeros_1, minimum_1, peaks_2_n, peaks_1, p_2_p, minimum_1_in, zeros_1_in, minimum_1_in_mid, zeros_1_in, minimum_1_in, p_2_p, peaks_1, peaks_2_n, minimum_1, zeros_1
186858,220717,240848,254618,273820,273820,273820,273820,273820,273820,273820,293527,307627,330021,402012
465532,465531,488651,503933,524666,524666,524666,524666,524666,524666,524666,544886,560188,580658,580657
