# TIC 0238896417_morp_ 0.153_T0_ 1446.084671_P_ 16.2442349_analysis_6, none, Eclipse indices (see function measure_eclipses_dt).
# zeros_1, minimum_1, peaks_2_n, peaks_1, p_2_p, minimum_1_in, zeros_1_in, minimum_1_in_mid, zeros_1_in, minimum_1_in, p_2_p, peaks_1, peaks_2_n, minimum_1, zeros_1
302223,302223,302260,305415,307043,307111,307354,309629,311648,312148,312216,313584,316734,316766,316766
529872,529872,529909,533324,537015,537015,537015,537015,537015,537015,537015,540710,540775,543923,543923
