# TIC 0239291500_morp_ 0.562_T0_ 1684.359844_P_ 1.6130338_analysis_6, none, Eclipse indices (see function measure_eclipses_dt).
# zeros_1, minimum_1, peaks_2_n, peaks_1, p_2_p, minimum_1_in, zeros_1_in, minimum_1_in_mid, zeros_1_in, minimum_1_in, p_2_p, peaks_1, peaks_2_n, minimum_1, zeros_1
672754,672753,680985,689079,703767,703767,703767,703767,703767,703767,703767,718551,726557,735255,837300
924170,924170,930689,937485,953955,953955,953955,953955,953955,953955,953955,970241,976800,983770,999999
