# TIC 0441602378_morp_ 0.439_T0_ 1843.766535_P_ 1.2745998_analysis_6, none, Eclipse indices (see function measure_eclipses_dt).
# zeros_1, minimum_1, peaks_2_n, peaks_1, p_2_p, minimum_1_in, zeros_1_in, minimum_1_in_mid, zeros_1_in, minimum_1_in, p_2_p, peaks_1, peaks_2_n, minimum_1, zeros_1
23841,23840,28180,38650,53441,53441,53441,53441,53441,53441,53441,67932,88406,88407,88407
276113,276112,287069,295607,306868,306868,306868,306868,306868,306868,306868,318197,326923,334331,334330
