# TIC 0092774987_morp_ 0.094_T0_ 1688.422537_P_ 24.2391808_analysis_6, none, Eclipse indices (see function measure_eclipses_dt).
# zeros_1, minimum_1, peaks_2_n, peaks_1, p_2_p, minimum_1_in, zeros_1_in, minimum_1_in_mid, zeros_1_in, minimum_1_in, p_2_p, peaks_1, peaks_2_n, minimum_1, zeros_1
561207,565519,565697,566999,568971,568971,568971,568971,568971,568971,568971,570996,571926,572598,573416
913959,915556,915722,917017,919417,919417,919417,919417,919417,919417,919417,921800,923321,923483,925208
