# TIC 0274347939_morp_ 0.291_T0_ 1683.146053_P_ 4.8534171_analysis_6, none, Eclipse indices (see function measure_eclipses_dt).
# zeros_1, minimum_1, peaks_2_n, peaks_1, p_2_p, minimum_1_in, zeros_1_in, minimum_1_in_mid, zeros_1_in, minimum_1_in, p_2_p, peaks_1, peaks_2_n, minimum_1, zeros_1
415754,417346,417535,424064,430007,430265,431793,432619,433458,434974,435226,441745,447697,447896,449484
770137,770569,771943,779076,781514,782960,783374,783576,783697,784192,785578,788591,795723,796549,797006
