# KIC03869326_morp_0.14_T0_54969.211375_P_8.586044_analysis_6, none, Eclipse indices (see function measure_eclipses_dt).
# zeros_1, minimum_1, peaks_2_n, peaks_1, p_2_p, minimum_1_in, zeros_1_in, minimum_1_in_mid, zeros_1_in, minimum_1_in, p_2_p, peaks_1, peaks_2_n, minimum_1, zeros_1
8098,8097,8274,10408,20754,20754,20754,20754,20754,20754,20754,30918,33043,33044,33044
347237,347236,348268,350418,352987,352987,352987,352987,352987,352987,352987,355371,357506,358007,358007
