# TIC 0332277332_morp_ 0.541_T0_ 1711.472126_P_ 0.1966711_analysis_6, none, Eclipse indices (see function measure_eclipses_dt).
# zeros_1, minimum_1, peaks_2_n, peaks_1, p_2_p, minimum_1_in, zeros_1_in, minimum_1_in_mid, zeros_1_in, minimum_1_in, p_2_p, peaks_1, peaks_2_n, minimum_1, zeros_1
550385,550384,552746,572142,592562,592562,592562,592562,592562,592562,592562,614317,634082,637046,637046
777121,777120,792671,815841,845480,845480,845480,845480,845480,845480,845480,873534,895675,913349,913349
