# TIC 0407000096_morp_ 0.497_T0_ 1684.034505_P_ 2.2745951_analysis_6, none, Eclipse indices (see function measure_eclipses_dt).
# zeros_1, minimum_1, peaks_2_n, peaks_1, p_2_p, minimum_1_in, zeros_1_in, minimum_1_in_mid, zeros_1_in, minimum_1_in, p_2_p, peaks_1, peaks_2_n, minimum_1, zeros_1
410039,410038,413800,418488,431445,431445,431445,431445,431445,431445,431445,445152,449808,453336,453336
659122,659121,663594,669169,681694,681694,681694,681694,681694,681694,681694,694212,699848,704166,704166
