# KIC06966265_morp_0.76_T0_54964.757106_P_0.3134353_analysis_6, none, Eclipse indices (see function measure_eclipses_dt).
# zeros_1, minimum_1, peaks_2_n, peaks_1, p_2_p, minimum_1_in, zeros_1_in, minimum_1_in_mid, zeros_1_in, minimum_1_in, p_2_p, peaks_1, peaks_2_n, minimum_1, zeros_1
105979,105979,177142,198602,233437,233437,233437,233437,233437,233437,233437,268041,288992,363647,363646
363647,363647,426571,448392,484435,484435,484435,484435,484435,484435,484435,519912,605977,605978,605978
