# TIC 0220567625_morp_ 0.128_T0_ 1344.877552_P_ 19.4266015_analysis_6, none, Eclipse indices (see function measure_eclipses_dt).
# zeros_1, minimum_1, peaks_2_n, peaks_1, p_2_p, minimum_1_in, zeros_1_in, minimum_1_in_mid, zeros_1_in, minimum_1_in, p_2_p, peaks_1, peaks_2_n, minimum_1, zeros_1
216961,216960,216961,217536,218112,218112,218112,218112,218112,218112,218112,218703,219277,219303,219302
641680,641679,641680,642223,656806,656806,656806,656806,656806,656806,656806,671382,671931,671932,671932
