# TIC 0122891349_morp_ 0.832_T0_ 2010.707687_P_ 0.3302671_analysis_6, none, Eclipse indices (see function measure_eclipses_dt).
# zeros_1, minimum_1, peaks_2_n, peaks_1, p_2_p, minimum_1_in, zeros_1_in, minimum_1_in_mid, zeros_1_in, minimum_1_in, p_2_p, peaks_1, peaks_2_n, minimum_1, zeros_1
474035,474034,474315,557014,596956,596956,596956,596956,596956,596956,596956,635726,695017,718311,718311
718312,718311,790868,808786,846331,846331,846331,846331,846331,846331,846331,884185,902631,974034,974033
