# TIC 0120315082_morp_ 0.275_T0_ 1684.108026_P_ 2.8735970_analysis_6, none, Eclipse indices (see function measure_eclipses_dt).
# zeros_1, minimum_1, peaks_2_n, peaks_1, p_2_p, minimum_1_in, zeros_1_in, minimum_1_in_mid, zeros_1_in, minimum_1_in, p_2_p, peaks_1, peaks_2_n, minimum_1, zeros_1
223622,223622,223622,261928,301872,301872,301872,301872,301872,301872,301872,368460,423571,423573,423572
423573,423573,438696,503352,578746,578746,578746,578746,578746,578746,578746,644072,700666,723621,723621
