# TIC 0283476365_morp_ 0.740_T0_ 1764.783572_P_ 2.6647007_analysis_6, none, Eclipse indices (see function measure_eclipses_dt).
# zeros_1, minimum_1, peaks_2_n, peaks_1, p_2_p, minimum_1_in, zeros_1_in, minimum_1_in_mid, zeros_1_in, minimum_1_in, p_2_p, peaks_1, peaks_2_n, minimum_1, zeros_1
295354,295354,298483,302677,310387,310387,310387,310387,310387,310387,310387,317852,321934,326727,326726
545276,545275,548483,552694,560538,560538,560538,560538,560538,560538,560538,567841,571931,575739,575738
