# TIC 0276836579_morp_ 0.768_T0_ 1625.164813_P_ 0.3814965_analysis_6, none, Eclipse indices (see function measure_eclipses_dt).
# zeros_1, minimum_1, peaks_2_n, peaks_1, p_2_p, minimum_1_in, zeros_1_in, minimum_1_in_mid, zeros_1_in, minimum_1_in, p_2_p, peaks_1, peaks_2_n, minimum_1, zeros_1
262147,262146,328663,350235,383830,383830,383830,383830,383830,383830,383830,416307,436729,512146,512146
512147,512146,578663,600235,633830,633830,633830,633830,633830,633830,633830,666307,686728,762146,762145
