# TIC 0337094559_morp_ 0.607_T0_ 1958.760531_P_ 1.7808158_analysis_6, none, Eclipse indices (see function measure_eclipses_dt).
# zeros_1, minimum_1, peaks_2_n, peaks_1, p_2_p, minimum_1_in, zeros_1_in, minimum_1_in_mid, zeros_1_in, minimum_1_in, p_2_p, peaks_1, peaks_2_n, minimum_1, zeros_1
4182,66081,72464,91639,114747,114747,114747,114747,114747,114747,114747,137038,156836,161211,161210
320296,320296,322695,339271,364052,364052,364052,364052,364052,364052,364052,393716,399023,420025,465889
