# TIC 0198280388_morp_ 0.793_T0_ 1683.637607_P_ 0.4884028_analysis_6, none, Eclipse indices (see function measure_eclipses_dt).
# zeros_1, minimum_1, peaks_2_n, peaks_1, p_2_p, minimum_1_in, zeros_1_in, minimum_1_in_mid, zeros_1_in, minimum_1_in, p_2_p, peaks_1, peaks_2_n, minimum_1, zeros_1
160756,160755,192289,247999,288516,288516,288516,288516,288516,288516,288516,328278,384356,405419,405418
405419,405419,444876,498628,538295,538295,538295,538295,538295,538295,538295,577282,630621,660755,660754
