# TIC 0294261093_morp_ 0.614_T0_ 1568.542123_P_ 2.6583152_analysis_6, none, Eclipse indices (see function measure_eclipses_dt).
# zeros_1, minimum_1, peaks_2_n, peaks_1, p_2_p, minimum_1_in, zeros_1_in, minimum_1_in_mid, zeros_1_in, minimum_1_in, p_2_p, peaks_1, peaks_2_n, minimum_1, zeros_1
674357,674356,674397,674534,674676,674706,674706,696125,717544,717544,717580,718258,718386,718409,718409
914186,914185,914219,914360,914498,914537,914537,938630,962724,962723,962753,962888,963030,963047,963047
