# TIC 0278822321_morp_ 0.806_T0_ 1545.340289_P_ 0.6391327_analysis_6, none, Eclipse indices (see function measure_eclipses_dt).
# zeros_1, minimum_1, peaks_2_n, peaks_1, p_2_p, minimum_1_in, zeros_1_in, minimum_1_in_mid, zeros_1_in, minimum_1_in, p_2_p, peaks_1, peaks_2_n, minimum_1, zeros_1
424007,424007,441241,511124,546908,546908,546908,546908,546908,546908,546908,586288,654850,676080,676080
676081,676080,686328,762737,802213,802213,802213,802213,802213,802213,802213,878633,924005,924006,924006
