# KIC11819135_morp_0.57_T0_55000.065397_P_1.901638_analysis_6, none, Eclipse indices (see function measure_eclipses_dt).
# zeros_1, minimum_1, peaks_2_n, peaks_1, p_2_p, minimum_1_in, zeros_1_in, minimum_1_in_mid, zeros_1_in, minimum_1_in, p_2_p, peaks_1, peaks_2_n, minimum_1, zeros_1
93412,178249,185885,191986,205248,205248,205248,205248,205248,205248,205248,218110,224209,230993,230993
351868,360993,365566,424686,457427,457427,457427,457427,457427,457427,457427,529918,557373,593410,593410
