# TIC 0428962300_morp_ 0.495_T0_ 1957.491917_P_ 2.9416515_analysis_6, none, Eclipse indices (see function measure_eclipses_dt).
# zeros_1, minimum_1, peaks_2_n, peaks_1, p_2_p, minimum_1_in, zeros_1_in, minimum_1_in_mid, zeros_1_in, minimum_1_in, p_2_p, peaks_1, peaks_2_n, minimum_1, zeros_1
485411,485411,489076,496008,509780,509780,509780,509780,509780,509780,509780,523488,530442,534150,534150
734825,734824,739203,747845,759969,759969,759969,759969,759969,759969,759969,772276,780343,785961,785960
