# TIC 0358108063_morp_ 0.249_T0_ 1354.111785_P_ 5.9716437_analysis_6, none, Eclipse indices (see function measure_eclipses_dt).
# zeros_1, minimum_1, peaks_2_n, peaks_1, p_2_p, minimum_1_in, zeros_1_in, minimum_1_in_mid, zeros_1_in, minimum_1_in, p_2_p, peaks_1, peaks_2_n, minimum_1, zeros_1
784408,784408,784541,785050,787331,787331,787331,787331,787331,787331,787331,789010,790500,790501,790501
815461,815461,815474,817023,818571,818573,818572,821708,824843,824843,824843,826387,827929,827957,827956
