# TIC 0219900027_morp_ 0.684_T0_ 1683.750363_P_ 0.5152647_analysis_6, none, Eclipse indices (see function measure_eclipses_dt).
# zeros_1, minimum_1, peaks_2_n, peaks_1, p_2_p, minimum_1_in, zeros_1_in, minimum_1_in_mid, zeros_1_in, minimum_1_in, p_2_p, peaks_1, peaks_2_n, minimum_1, zeros_1
480492,480491,513747,535321,580727,580727,580727,580727,580727,580727,580727,631725,654894,679930,679930
679931,716137,776146,798534,831580,831580,831580,831580,831580,831580,831580,864559,890567,947730,980490
