# TIC 0261332760_morp_ 0.304_T0_ 1412.700661_P_ 5.6727335_analysis_6, none, Eclipse indices (see function measure_eclipses_dt).
# zeros_1, minimum_1, peaks_2_n, peaks_1, p_2_p, minimum_1_in, zeros_1_in, minimum_1_in_mid, zeros_1_in, minimum_1_in, p_2_p, peaks_1, peaks_2_n, minimum_1, zeros_1
209016,212279,212586,214022,218875,219107,219107,220551,221067,221996,222303,227152,227446,227742,231118
458535,462957,463261,463560,470188,470188,470188,470188,470188,470188,470188,476664,479224,479536,482727
