# TIC 0096799506_morp_ 0.213_T0_ 1468.403018_P_ 6.5457001_analysis_6, none, Eclipse indices (see function measure_eclipses_dt).
# zeros_1, minimum_1, peaks_2_n, peaks_1, p_2_p, minimum_1_in, zeros_1_in, minimum_1_in_mid, zeros_1_in, minimum_1_in, p_2_p, peaks_1, peaks_2_n, minimum_1, zeros_1
718102,718102,718102,724251,742736,742736,742736,742736,742736,742736,742736,748949,753996,756388,756387
923131,923130,926208,931120,937197,937197,937197,937197,937197,937197,937197,943411,948457,950968,950967
