# TIC 0217059369_morp_ 0.679_T0_ 1632.020009_P_ 5.6820851_analysis_6, none, Eclipse indices (see function measure_eclipses_dt).
# zeros_1, minimum_1, peaks_2_n, peaks_1, p_2_p, minimum_1_in, zeros_1_in, minimum_1_in_mid, zeros_1_in, minimum_1_in, p_2_p, peaks_1, peaks_2_n, minimum_1, zeros_1
549870,549869,549930,550540,550607,550675,562523,595274,639875,639874,639884,639952,640019,640028,640028
764384,764384,764440,764508,764847,764900,764899,776348,778883,787797,787865,787932,788813,788868,788867
