# TIC 0193822785_morp_ 0.458_T0_ 1984.468561_P_ 0.9667583_analysis_6, none, Eclipse indices (see function measure_eclipses_dt).
# zeros_1, minimum_1, peaks_2_n, peaks_1, p_2_p, minimum_1_in, zeros_1_in, minimum_1_in_mid, zeros_1_in, minimum_1_in, p_2_p, peaks_1, peaks_2_n, minimum_1, zeros_1
196882,196881,201741,208284,216640,216640,216640,216640,216640,216640,216640,224894,231369,236422,236421
446891,446890,451589,458185,466533,466533,466533,466533,466533,466533,466533,474878,481412,486447,486446
