# TIC 0407824089_morp_ 0.077_T0_ 1637.405158_P_ 17.9447363_analysis_6, none, Eclipse indices (see function measure_eclipses_dt).
# zeros_1, minimum_1, peaks_2_n, peaks_1, p_2_p, minimum_1_in, zeros_1_in, minimum_1_in_mid, zeros_1_in, minimum_1_in, p_2_p, peaks_1, peaks_2_n, minimum_1, zeros_1
42257,42257,42964,44774,46593,46593,46593,46593,46593,46593,46593,48445,50222,50972,50971
173245,173856,175072,176342,178888,178888,178888,178888,178888,178888,178888,181445,182706,183608,183607
