# TIC 0273173532_morp_ 0.608_T0_ 1711.786236_P_ 1.5130931_analysis_6, none, Eclipse indices (see function measure_eclipses_dt).
# zeros_1, minimum_1, peaks_2_n, peaks_1, p_2_p, minimum_1_in, zeros_1_in, minimum_1_in_mid, zeros_1_in, minimum_1_in, p_2_p, peaks_1, peaks_2_n, minimum_1, zeros_1
336543,461859,474511,487944,511207,511207,511207,511207,511207,511207,511207,534293,548672,561077,698083
698084,698083,724149,739261,763760,763760,763760,763760,763760,763760,763760,786247,799869,810925,836542
