# TIC 0232634196_morp_ 0.661_T0_ 1683.795421_P_ 1.2511030_analysis_6, none, Eclipse indices (see function measure_eclipses_dt).
# zeros_1, minimum_1, peaks_2_n, peaks_1, p_2_p, minimum_1_in, zeros_1_in, minimum_1_in_mid, zeros_1_in, minimum_1_in, p_2_p, peaks_1, peaks_2_n, minimum_1, zeros_1
380442,448758,456783,471171,502335,502335,502335,502335,502335,502335,502335,532534,545946,553782,623554
623555,696563,706986,725385,750949,750949,750949,750949,750949,750949,750949,777205,795500,805609,880441
