# TIC 0340135575_morp_ 0.841_T0_ 1544.551945_P_ 0.5827660_analysis_6, none, Eclipse indices (see function measure_eclipses_dt).
# zeros_1, minimum_1, peaks_2_n, peaks_1, p_2_p, minimum_1_in, zeros_1_in, minimum_1_in_mid, zeros_1_in, minimum_1_in, p_2_p, peaks_1, peaks_2_n, minimum_1, zeros_1
215091,215090,225681,282592,346580,346580,346580,346580,346580,346580,346580,412712,472966,480853,480853
480854,480853,480854,535769,598293,598293,598293,598293,598293,598293,598293,660015,715088,715090,715089
