# TIC 0354518617_morp_ 0.800_T0_ 1470.492813_P_ 9.4357683_analysis_6, none, Eclipse indices (see function measure_eclipses_dt).
# zeros_1, minimum_1, peaks_2_n, peaks_1, p_2_p, minimum_1_in, zeros_1_in, minimum_1_in_mid, zeros_1_in, minimum_1_in, p_2_p, peaks_1, peaks_2_n, minimum_1, zeros_1
497500,497499,497500,553347,611341,611341,611341,611341,611341,611341,611341,671282,728309,728310,728310
728311,728310,735370,797444,863862,863862,863862,863862,863862,863862,863862,928940,990155,997499,997498
