# TIC 0147214032_morp_ 0.488_T0_ 1545.859987_P_ 2.4877086_analysis_6, none, Eclipse indices (see function measure_eclipses_dt).
# zeros_1, minimum_1, peaks_2_n, peaks_1, p_2_p, minimum_1_in, zeros_1_in, minimum_1_in_mid, zeros_1_in, minimum_1_in, p_2_p, peaks_1, peaks_2_n, minimum_1, zeros_1
432619,432618,434888,445546,455063,455063,455063,455063,455063,455063,455063,464463,475182,477686,477686
682663,682663,684892,695356,705062,705062,705062,705062,705062,705062,705062,714671,725179,727656,727656
