# TIC 0279089927_morp_ 0.772_T0_ 1599.206338_P_ 1.9059241_analysis_6, none, Eclipse indices (see function measure_eclipses_dt).
# zeros_1, minimum_1, peaks_2_n, peaks_1, p_2_p, minimum_1_in, zeros_1_in, minimum_1_in_mid, zeros_1_in, minimum_1_in, p_2_p, peaks_1, peaks_2_n, minimum_1, zeros_1
0,16710,33309,45468,90602,90602,90602,90602,90602,90602,90602,165689,201822,203711,203711
227006,256749,283951,304420,311674,334102,334102,339554,345008,345007,367754,375965,395202,422820,452856
