# TIC 0315810194_morp_ 0.581_T0_ 1764.765458_P_ 0.5433678_analysis_6, none, Eclipse indices (see function measure_eclipses_dt).
# zeros_1, minimum_1, peaks_2_n, peaks_1, p_2_p, minimum_1_in, zeros_1_in, minimum_1_in_mid, zeros_1_in, minimum_1_in, p_2_p, peaks_1, peaks_2_n, minimum_1, zeros_1
580337,580337,583834,591625,625136,625136,625136,625136,625136,625136,625136,656262,688071,688072,688072
821222,821221,821222,853532,883856,883856,883856,883856,883856,883856,883856,918274,926209,928667,928667
