# TIC 0253657883_morp_ 0.495_T0_ 1656.183416_P_ 0.7905225_analysis_6, none, Eclipse indices (see function measure_eclipses_dt).
# zeros_1, minimum_1, peaks_2_n, peaks_1, p_2_p, minimum_1_in, zeros_1_in, minimum_1_in_mid, zeros_1_in, minimum_1_in, p_2_p, peaks_1, peaks_2_n, minimum_1, zeros_1
607012,607011,614554,621890,631425,631425,631425,631425,631425,631425,631425,640664,647983,652896,652895
858147,858146,859022,866875,876295,876295,876295,876295,876295,876295,876295,885280,905844,911846,911845
