# TIC 0043398254_morp_ 0.793_T0_ 1354.237370_P_ 0.3016875_analysis_6, none, Eclipse indices (see function measure_eclipses_dt).
# zeros_1, minimum_1, peaks_2_n, peaks_1, p_2_p, minimum_1_in, zeros_1_in, minimum_1_in_mid, zeros_1_in, minimum_1_in, p_2_p, peaks_1, peaks_2_n, minimum_1, zeros_1
393906,393905,393906,456405,518905,518905,518905,518905,518905,518905,518905,581405,643903,643905,643904
643905,643905,643905,706405,768905,768905,768905,768905,768905,768905,768905,831405,893903,893905,893904
