# TIC 0359767082_morp_ 0.762_T0_ 1596.193932_P_ 3.0692448_analysis_6, none, Eclipse indices (see function measure_eclipses_dt).
# zeros_1, minimum_1, peaks_2_n, peaks_1, p_2_p, minimum_1_in, zeros_1_in, minimum_1_in_mid, zeros_1_in, minimum_1_in, p_2_p, peaks_1, peaks_2_n, minimum_1, zeros_1
154925,154924,155134,252987,289580,289580,289580,289580,289580,289580,289580,320515,406076,408082,408081
408082,408082,408082,501559,538729,538729,538729,538729,538729,538729,538729,570416,654922,654924,654923
