# TIC 0161262226_morp_ 0.742_T0_ 1325.377264_P_ 0.3073041_analysis_6, none, Eclipse indices (see function measure_eclipses_dt).
# zeros_1, minimum_1, peaks_2_n, peaks_1, p_2_p, minimum_1_in, zeros_1_in, minimum_1_in_mid, zeros_1_in, minimum_1_in, p_2_p, peaks_1, peaks_2_n, minimum_1, zeros_1
65156,126525,137533,152551,187575,187575,187575,187575,187575,187575,187575,222506,237543,244178,309739
309740,372084,387529,402634,436869,436869,436869,436869,436869,436869,436869,472357,487543,502883,565154
