# TIC 0382631664_morp_ 0.766_T0_ 1535.560694_P_ 0.3324723_analysis_6, none, Eclipse indices (see function measure_eclipses_dt).
# zeros_1, minimum_1, peaks_2_n, peaks_1, p_2_p, minimum_1_in, zeros_1_in, minimum_1_in_mid, zeros_1_in, minimum_1_in, p_2_p, peaks_1, peaks_2_n, minimum_1, zeros_1
262288,262287,332031,353033,387321,387321,387321,387321,387321,387321,387321,421645,442719,512287,512286
512287,512287,582030,603032,637321,637321,637321,637321,637321,637321,637321,671645,692719,762287,762286
