# TIC 0053708889_morp_ 0.276_T0_ 1790.952205_P_ 8.4582565_analysis_6, none, Eclipse indices (see function measure_eclipses_dt).
# zeros_1, minimum_1, peaks_2_n, peaks_1, p_2_p, minimum_1_in, zeros_1_in, minimum_1_in_mid, zeros_1_in, minimum_1_in, p_2_p, peaks_1, peaks_2_n, minimum_1, zeros_1
436776,436776,440671,446353,451106,451106,451106,451106,451106,451106,451106,456193,461914,463712,467377
681090,685008,686817,692908,697431,697431,697431,697431,697431,697431,697431,702164,707752,709905,712089
