# TIC 0199612934_morp_ 0.916_T0_ 1738.770817_P_ 0.6014874_analysis_6, none, Eclipse indices (see function measure_eclipses_dt).
# zeros_1, minimum_1, peaks_2_n, peaks_1, p_2_p, minimum_1_in, zeros_1_in, minimum_1_in_mid, zeros_1_in, minimum_1_in, p_2_p, peaks_1, peaks_2_n, minimum_1, zeros_1
478812,478811,510931,533128,613434,613434,613434,613434,613434,613434,613434,692507,714135,738937,738936
738937,738937,758704,789026,861592,861592,861592,861592,861592,861592,861592,937279,966399,978811,978810
