# KIC06927629_morp_0.21_T0_54968.343029_P_7.7352283_analysis_6, none, Eclipse indices (see function measure_eclipses_dt).
# zeros_1, minimum_1, peaks_2_n, peaks_1, p_2_p, minimum_1_in, zeros_1_in, minimum_1_in_mid, zeros_1_in, minimum_1_in, p_2_p, peaks_1, peaks_2_n, minimum_1, zeros_1
183951,183951,185462,188963,192395,192395,192395,192395,192395,192395,192395,195826,199348,200825,200825
434030,434030,435459,438787,442406,442406,442406,442406,442406,442406,442406,446021,449360,450811,450810
