# TIC 0365717153_morp_ 0.139_T0_ 1608.897948_P_ 11.9094253_analysis_6, none, Eclipse indices (see function measure_eclipses_dt).
# zeros_1, minimum_1, peaks_2_n, peaks_1, p_2_p, minimum_1_in, zeros_1_in, minimum_1_in_mid, zeros_1_in, minimum_1_in, p_2_p, peaks_1, peaks_2_n, minimum_1, zeros_1
133401,133400,133427,133462,133913,133943,133943,136547,139154,139152,139188,139916,140506,140532,140531
867028,867702,867741,868748,870170,870208,870888,872044,873066,873880,873918,875201,876347,876385,876922
