# TIC 0231293332_morp_ 0.319_T0_ 1412.931461_P_ 3.5757198_analysis_6, none, Eclipse indices (see function measure_eclipses_dt).
# zeros_1, minimum_1, peaks_2_n, peaks_1, p_2_p, minimum_1_in, zeros_1_in, minimum_1_in_mid, zeros_1_in, minimum_1_in, p_2_p, peaks_1, peaks_2_n, minimum_1, zeros_1
149062,150284,150395,153038,158643,158702,158702,159674,160274,160647,160757,166361,169006,169116,169904
398939,398938,399015,402508,406236,406236,406236,406236,406236,406236,406236,416257,418059,418189,421010
