# TIC 0229715760_morp_ 0.229_T0_ 1961.552506_P_ 11.5744983_analysis_6, none, Eclipse indices (see function measure_eclipses_dt).
# zeros_1, minimum_1, peaks_2_n, peaks_1, p_2_p, minimum_1_in, zeros_1_in, minimum_1_in_mid, zeros_1_in, minimum_1_in, p_2_p, peaks_1, peaks_2_n, minimum_1, zeros_1
523555,523555,525853,529468,533943,533943,533943,533943,533943,533943,533943,538515,542194,544330,544329
926075,926074,926184,929485,932772,932772,932772,932772,932772,932772,932772,936491,939953,940311,940310
