# TIC 0055489734_morp_ 0.241_T0_ 1500.817912_P_ 13.0151347_analysis_6, none, Eclipse indices (see function measure_eclipses_dt).
# zeros_1, minimum_1, peaks_2_n, peaks_1, p_2_p, minimum_1_in, zeros_1_in, minimum_1_in_mid, zeros_1_in, minimum_1_in, p_2_p, peaks_1, peaks_2_n, minimum_1, zeros_1
711691,712907,712944,716684,721784,721819,722898,723020,722998,724222,724257,729110,732974,733010,734226
872911,874252,874294,877787,883126,883126,883126,883126,883126,883126,883126,888729,891603,891645,893236
