# TIC 0167086201_morp_ 0.824_T0_ 1355.678869_P_ 2.1964144_analysis_6, none, Eclipse indices (see function measure_eclipses_dt).
# zeros_1, minimum_1, peaks_2_n, peaks_1, p_2_p, minimum_1_in, zeros_1_in, minimum_1_in_mid, zeros_1_in, minimum_1_in, p_2_p, peaks_1, peaks_2_n, minimum_1, zeros_1
359759,359759,374309,400889,486705,486705,486705,486705,486705,486705,486705,592901,597935,603727,619173
619174,633223,638289,672609,735911,735911,735911,735911,735911,735911,735911,770713,775105,782419,859758
