# TIC 0468827257_morp_ 0.101_T0_ 1821.924341_P_ 17.8706449_analysis_6, none, Eclipse indices (see function measure_eclipses_dt).
# zeros_1, minimum_1, peaks_2_n, peaks_1, p_2_p, minimum_1_in, zeros_1_in, minimum_1_in_mid, zeros_1_in, minimum_1_in, p_2_p, peaks_1, peaks_2_n, minimum_1, zeros_1
163362,163935,163973,165624,166839,166839,166839,166839,166839,166839,166839,169962,172675,172703,172702
917483,920394,920431,920468,922412,922446,922445,922557,922669,922669,922706,924504,924541,924578,927639
