# TIC 0382474101_morp_ 0.477_T0_ 1354.560289_P_ 2.6519924_analysis_6, none, Eclipse indices (see function measure_eclipses_dt).
# zeros_1, minimum_1, peaks_2_n, peaks_1, p_2_p, minimum_1_in, zeros_1_in, minimum_1_in_mid, zeros_1_in, minimum_1_in, p_2_p, peaks_1, peaks_2_n, minimum_1, zeros_1
43289,43289,43294,43427,43560,43565,43564,58963,74361,74361,74378,75042,75175,75190,75189
905662,905661,905674,905807,906471,906483,906483,918693,930903,930903,930913,931046,931178,931188,931188
