# TIC 0431423983_morp_ 0.102_T0_ 1772.230264_P_ 8.4751232_analysis_6, none, Eclipse indices (see function measure_eclipses_dt).
# zeros_1, minimum_1, peaks_2_n, peaks_1, p_2_p, minimum_1_in, zeros_1_in, minimum_1_in_mid, zeros_1_in, minimum_1_in, p_2_p, peaks_1, peaks_2_n, minimum_1, zeros_1
94990,96737,98259,99370,102328,102328,102328,102328,102328,102328,102328,105081,106199,109441,109441
844548,844547,844709,849319,852168,852168,852168,852168,852168,852168,852168,855067,859666,859794,859794
