# TIC 0438682877_morp_ 0.671_T0_ 1598.268457_P_ 0.9219350_analysis_6, none, Eclipse indices (see function measure_eclipses_dt).
# zeros_1, minimum_1, peaks_2_n, peaks_1, p_2_p, minimum_1_in, zeros_1_in, minimum_1_in_mid, zeros_1_in, minimum_1_in, p_2_p, peaks_1, peaks_2_n, minimum_1, zeros_1
249353,249353,255997,263536,279378,279378,279378,279378,279378,279378,279378,290653,297575,302323,302322
447786,479633,485219,490290,534346,534346,534346,534346,534346,534346,534346,541224,546866,547844,547843
