# TIC 0201234926_morp_ 0.050_T0_ 1332.871706_P_ 14.0946283_analysis_6, none, Eclipse indices (see function measure_eclipses_dt).
# zeros_1, minimum_1, peaks_2_n, peaks_1, p_2_p, minimum_1_in, zeros_1_in, minimum_1_in_mid, zeros_1_in, minimum_1_in, p_2_p, peaks_1, peaks_2_n, minimum_1, zeros_1
285866,285866,287263,287313,288919,288919,288919,288919,288919,288919,288919,290346,291374,291425,291599
954755,954755,954755,954804,954853,954854,954854,963108,971363,971363,971365,971414,971463,971464,971464
