# TIC 0192990023_morp_ 0.702_T0_ 1545.102740_P_ 0.9008980_analysis_6, none, Eclipse indices (see function measure_eclipses_dt).
# zeros_1, minimum_1, peaks_2_n, peaks_1, p_2_p, minimum_1_in, zeros_1_in, minimum_1_in_mid, zeros_1_in, minimum_1_in, p_2_p, peaks_1, peaks_2_n, minimum_1, zeros_1
725350,725349,727886,748479,771161,771161,771161,771161,771161,771161,771161,790907,811097,811099,811098
811099,811099,811285,831658,851735,851735,851735,851735,851735,851735,851735,874145,894689,897051,897050
