# TIC 0274238240_morp_ 0.371_T0_ 1961.353365_P_ 6.2062535_analysis_6, none, Eclipse indices (see function measure_eclipses_dt).
# zeros_1, minimum_1, peaks_2_n, peaks_1, p_2_p, minimum_1_in, zeros_1_in, minimum_1_in_mid, zeros_1_in, minimum_1_in, p_2_p, peaks_1, peaks_2_n, minimum_1, zeros_1
20497,20496,20845,21873,23020,23020,23020,23020,23020,23020,23020,24310,25478,25594,25593
534331,534330,534331,535509,536542,536861,536861,546776,556692,556691,557190,558360,559486,560169,560168
