# TIC 0326815804_morp_ 0.535_T0_ 1790.795348_P_ 1.0428095_analysis_6, none, Eclipse indices (see function measure_eclipses_dt).
# zeros_1, minimum_1, peaks_2_n, peaks_1, p_2_p, minimum_1_in, zeros_1_in, minimum_1_in_mid, zeros_1_in, minimum_1_in, p_2_p, peaks_1, peaks_2_n, minimum_1, zeros_1
555051,555051,565114,579142,596916,596916,596916,596916,596916,596916,596916,614875,629006,639325,639324
771526,797793,815908,829013,846415,846415,846415,846415,846415,846415,846415,864296,877734,891991,891990
