# TIC 0233735068_morp_ 0.209_T0_ 1929.616689_P_ 7.6868682_analysis_6, none, Eclipse indices (see function measure_eclipses_dt).
# zeros_1, minimum_1, peaks_2_n, peaks_1, p_2_p, minimum_1_in, zeros_1_in, minimum_1_in_mid, zeros_1_in, minimum_1_in, p_2_p, peaks_1, peaks_2_n, minimum_1, zeros_1
245764,245763,245764,246354,246943,246943,246943,246943,246943,246943,246943,247557,248158,248171,248170
333071,333071,333072,333659,334242,334244,334243,337784,341326,341325,341330,341919,342507,342508,342508
