# TIC 0278075650_morp_ 0.680_T0_ 1711.963919_P_ 0.7603524_analysis_6, none, Eclipse indices (see function measure_eclipses_dt).
# zeros_1, minimum_1, peaks_2_n, peaks_1, p_2_p, minimum_1_in, zeros_1_in, minimum_1_in_mid, zeros_1_in, minimum_1_in, p_2_p, peaks_1, peaks_2_n, minimum_1, zeros_1
363327,391719,420301,447102,484862,484862,484862,484862,484862,484862,484862,511651,554876,563830,612189
612190,612189,692212,715912,733071,733071,733071,733071,733071,733071,733071,759241,782257,813161,863326
