# TIC 0239661117_morp_ 0.764_T0_ 1818.328428_P_ 0.3835300_analysis_6, none, Eclipse indices (see function measure_eclipses_dt).
# zeros_1, minimum_1, peaks_2_n, peaks_1, p_2_p, minimum_1_in, zeros_1_in, minimum_1_in_mid, zeros_1_in, minimum_1_in, p_2_p, peaks_1, peaks_2_n, minimum_1, zeros_1
361474,361474,458090,474323,500792,500792,500792,500792,500792,500792,500792,529430,547487,613208,613208
613209,613208,708117,724406,750569,750569,750569,750569,750569,750569,750569,779322,797486,861473,861473
