# TIC 0286900208_morp_ 0.598_T0_ 1900.362190_P_ 0.5399899_analysis_6, none, Eclipse indices (see function measure_eclipses_dt).
# zeros_1, minimum_1, peaks_2_n, peaks_1, p_2_p, minimum_1_in, zeros_1_in, minimum_1_in_mid, zeros_1_in, minimum_1_in, p_2_p, peaks_1, peaks_2_n, minimum_1, zeros_1
13216,13216,13216,30928,44747,44747,44747,44747,44747,44747,44747,57290,123544,124091,124090
425858,425857,428598,438211,449528,449528,449528,449528,449528,449528,449528,459285,468725,470126,470125
