# TIC 0117515123_morp_ 0.818_T0_ 1325.606486_P_ 0.2595402_analysis_6, none, Eclipse indices (see function measure_eclipses_dt).
# zeros_1, minimum_1, peaks_2_n, peaks_1, p_2_p, minimum_1_in, zeros_1_in, minimum_1_in_mid, zeros_1_in, minimum_1_in, p_2_p, peaks_1, peaks_2_n, minimum_1, zeros_1
188248,191461,193187,286085,318132,318132,318132,318132,318132,318132,318132,353035,440503,441543,441543
444958,465613,467382,527885,567194,567194,567194,567194,567194,567194,567194,611125,671681,673444,688246
