# TIC 0064951042_morp_ 0.584_T0_ 1743.819531_P_ 8.2390329_analysis_6, none, Eclipse indices (see function measure_eclipses_dt).
# zeros_1, minimum_1, peaks_2_n, peaks_1, p_2_p, minimum_1_in, zeros_1_in, minimum_1_in_mid, zeros_1_in, minimum_1_in, p_2_p, peaks_1, peaks_2_n, minimum_1, zeros_1
198921,198920,198921,199300,199680,199685,199685,239034,278383,278383,278389,278768,279146,279148,279147
463140,463139,463157,463541,463925,463943,463943,490545,517149,517148,517165,517549,517934,517950,517950
