# TIC 0299032481_morp_ 0.749_T0_ 1683.564855_P_ 0.7770872_analysis_6, none, Eclipse indices (see function measure_eclipses_dt).
# zeros_1, minimum_1, peaks_2_n, peaks_1, p_2_p, minimum_1_in, zeros_1_in, minimum_1_in_mid, zeros_1_in, minimum_1_in, p_2_p, peaks_1, peaks_2_n, minimum_1, zeros_1
298367,298367,298367,352393,411626,411626,411626,411626,411626,411626,411626,464834,515088,515089,515089
515090,515089,528279,588327,654703,654703,654703,654703,654703,654703,654703,724229,786526,798366,798366
