# TIC 0077139245_morp_ 0.521_T0_ 1901.199117_P_ 1.7371057_analysis_6, none, Eclipse indices (see function measure_eclipses_dt).
# zeros_1, minimum_1, peaks_2_n, peaks_1, p_2_p, minimum_1_in, zeros_1_in, minimum_1_in_mid, zeros_1_in, minimum_1_in, p_2_p, peaks_1, peaks_2_n, minimum_1, zeros_1
53452,53451,56535,65868,80351,80351,80351,80351,80351,80351,80351,94957,104251,107660,107659
303434,303434,306316,314381,330652,330652,330652,330652,330652,330652,330652,345756,354482,357296,357296
