# TIC 0284660677_morp_ 0.627_T0_ 1713.261440_P_ 1.5806939_analysis_6, none, Eclipse indices (see function measure_eclipses_dt).
# zeros_1, minimum_1, peaks_2_n, peaks_1, p_2_p, minimum_1_in, zeros_1_in, minimum_1_in_mid, zeros_1_in, minimum_1_in, p_2_p, peaks_1, peaks_2_n, minimum_1, zeros_1
245924,245924,245924,308424,370924,370924,370924,370924,370924,370924,370924,433424,495922,495924,495923
495924,495924,495924,558424,620924,620924,620924,620924,620924,620924,620924,683423,745922,745923,745923
