# TIC 0271241950_morp_ 0.390_T0_ 1767.697854_P_ 4.3080395_analysis_6, none, Eclipse indices (see function measure_eclipses_dt).
# zeros_1, minimum_1, peaks_2_n, peaks_1, p_2_p, minimum_1_in, zeros_1_in, minimum_1_in_mid, zeros_1_in, minimum_1_in, p_2_p, peaks_1, peaks_2_n, minimum_1, zeros_1
127870,127869,127912,128645,132311,132385,132384,135276,138169,138168,138206,141900,142634,142700,142700
871297,871296,871353,872074,875674,875823,875823,885299,894777,894776,894926,898523,899245,899319,899318
