# TIC 0271241950_morp_ 0.390_T0_ 1767.697854_P_ 4.3080395_analysis_6, none, Eclipse indices (see function measure_eclipses_dt).
# zeros_1, minimum_1, peaks_2_n, peaks_1, p_2_p, minimum_1_in, zeros_1_in, minimum_1_in_mid, zeros_1_in, minimum_1_in, p_2_p, peaks_1, peaks_2_n, minimum_1, zeros_1
127873,127872,127915,128648,132313,132387,132387,135279,138172,138172,138209,141904,142638,142705,142704
371299,371298,371355,372076,375677,375827,375826,385303,394780,394779,394928,398527,399249,399323,399323
