# TIC 0030034081_morp_ 0.506_T0_ 1411.553116_P_ 2.3446089_analysis_6, none, Eclipse indices (see function measure_eclipses_dt).
# zeros_1, minimum_1, peaks_2_n, peaks_1, p_2_p, minimum_1_in, zeros_1_in, minimum_1_in_mid, zeros_1_in, minimum_1_in, p_2_p, peaks_1, peaks_2_n, minimum_1, zeros_1
483381,483381,487692,506092,528552,528552,528552,528552,528552,528552,528552,544869,567918,572687,572687
599792,599792,608388,618728,631890,631890,631890,631890,631890,631890,631890,645395,655794,665089,665088
