# TIC 0102169275_morp_ 0.196_T0_ 1571.750903_P_ 13.0997140_analysis_6, none, Eclipse indices (see function measure_eclipses_dt).
# zeros_1, minimum_1, peaks_2_n, peaks_1, p_2_p, minimum_1_in, zeros_1_in, minimum_1_in_mid, zeros_1_in, minimum_1_in, p_2_p, peaks_1, peaks_2_n, minimum_1, zeros_1
535014,535013,535114,536777,538368,538598,538597,563642,588687,588687,588705,590408,592124,592131,592130
592131,592131,592131,593861,595621,595621,595621,595621,595621,595621,595621,597480,599022,599026,599026
