# TIC 0428444188_morp_ 0.649_T0_ 1816.751465_P_ 0.9732728_analysis_6, none, Eclipse indices (see function measure_eclipses_dt).
# zeros_1, minimum_1, peaks_2_n, peaks_1, p_2_p, minimum_1_in, zeros_1_in, minimum_1_in_mid, zeros_1_in, minimum_1_in, p_2_p, peaks_1, peaks_2_n, minimum_1, zeros_1
497753,570043,575436,596275,622303,622303,622303,622303,622303,622303,622303,649006,668951,674406,747316
747317,819960,825449,846563,872312,872312,872312,872312,872312,872312,872312,898794,918939,924489,997751
