# TIC 0235385233_morp_ 0.550_T0_ 1468.674016_P_ 0.4096560_analysis_6, none, Eclipse indices (see function measure_eclipses_dt).
# zeros_1, minimum_1, peaks_2_n, peaks_1, p_2_p, minimum_1_in, zeros_1_in, minimum_1_in_mid, zeros_1_in, minimum_1_in, p_2_p, peaks_1, peaks_2_n, minimum_1, zeros_1
529356,547473,560780,570606,585666,585666,585666,585666,585666,585666,585666,601118,611563,625331,640171
780755,797657,810822,820669,835497,835497,835497,835497,835497,835497,835497,851005,861520,874040,874040
