# TIC 0123201406_morp_ 0.330_T0_ 1686.037195_P_ 2.4064013_analysis_6, none, Eclipse indices (see function measure_eclipses_dt).
# zeros_1, minimum_1, peaks_2_n, peaks_1, p_2_p, minimum_1_in, zeros_1_in, minimum_1_in_mid, zeros_1_in, minimum_1_in, p_2_p, peaks_1, peaks_2_n, minimum_1, zeros_1
446936,446935,452156,464289,478853,478853,478853,478853,478853,478853,478853,493118,504961,510547,510547
727513,727513,728330,738147,747288,747288,747288,747288,747288,747288,747288,763954,777761,779197,779196
