# TIC 0180412528_morp_ 0.160_T0_ 1326.289985_P_ 4.5870046_analysis_6, none, Eclipse indices (see function measure_eclipses_dt).
# zeros_1, minimum_1, peaks_2_n, peaks_1, p_2_p, minimum_1_in, zeros_1_in, minimum_1_in_mid, zeros_1_in, minimum_1_in, p_2_p, peaks_1, peaks_2_n, minimum_1, zeros_1
814319,814319,815418,820405,826661,826661,826661,826661,826661,826661,826661,830910,834848,836393,836393
969463,969463,972184,977554,984120,984120,984120,984120,984120,984120,984120,990544,995774,998920,998919
