# TIC 0040038743_morp_ 0.322_T0_ 1683.563546_P_ 7.1681194_analysis_6, none, Eclipse indices (see function measure_eclipses_dt).
# zeros_1, minimum_1, peaks_2_n, peaks_1, p_2_p, minimum_1_in, zeros_1_in, minimum_1_in_mid, zeros_1_in, minimum_1_in, p_2_p, peaks_1, peaks_2_n, minimum_1, zeros_1
185061,187123,187234,191585,197633,197669,197669,198047,198426,198426,198482,204529,208456,208568,210631
435449,436700,436809,440736,446784,446854,446854,447831,448810,448809,448906,454954,458880,458990,460238
