# TIC 0215336287_morp_ 0.538_T0_ 1387.006793_P_ 2.5922851_analysis_6, none, Eclipse indices (see function measure_eclipses_dt).
# zeros_1, minimum_1, peaks_2_n, peaks_1, p_2_p, minimum_1_in, zeros_1_in, minimum_1_in_mid, zeros_1_in, minimum_1_in, p_2_p, peaks_1, peaks_2_n, minimum_1, zeros_1
699811,699811,699814,700055,700297,700297,700297,700297,700297,700297,700297,700537,700775,700777,700777
815213,815212,815354,826322,840235,840463,840463,845594,846793,850726,850974,863923,866072,874092,874092
