# TIC 0036077464_morp_ 0.842_T0_ 1544.065629_P_ 0.1728147_analysis_6, none, Eclipse indices (see function measure_eclipses_dt).
# zeros_1, minimum_1, peaks_2_n, peaks_1, p_2_p, minimum_1_in, zeros_1_in, minimum_1_in_mid, zeros_1_in, minimum_1_in, p_2_p, peaks_1, peaks_2_n, minimum_1, zeros_1
70761,70761,70761,126774,186890,186890,186890,186890,186890,186890,186890,241896,293349,293351,293350
293351,293351,295963,353464,428883,428883,428883,428883,428883,428883,428883,507641,567243,570760,570760
