# TIC 0260370454_morp_ 0.697_T0_ 1411.317725_P_ 0.7951027_analysis_6, none, Eclipse indices (see function measure_eclipses_dt).
# zeros_1, minimum_1, peaks_2_n, peaks_1, p_2_p, minimum_1_in, zeros_1_in, minimum_1_in_mid, zeros_1_in, minimum_1_in, p_2_p, peaks_1, peaks_2_n, minimum_1, zeros_1
176557,251616,258596,269678,297370,297370,297370,297370,297370,297370,297370,324920,336370,343241,418469
418470,484869,486774,503006,547978,547978,547978,547978,547978,547978,547978,591580,608122,610104,671942
