# TIC 0406276109_morp_ 0.139_T0_ 1326.960813_P_ 7.5470488_analysis_6, none, Eclipse indices (see function measure_eclipses_dt).
# zeros_1, minimum_1, peaks_2_n, peaks_1, p_2_p, minimum_1_in, zeros_1_in, minimum_1_in_mid, zeros_1_in, minimum_1_in, p_2_p, peaks_1, peaks_2_n, minimum_1, zeros_1
204555,204555,204596,204826,205424,205464,205463,206714,207964,207964,208002,208784,209198,209234,209233
948305,948305,948336,948382,948612,948644,948644,950269,951895,951895,951926,952156,952202,952232,952231
