# TIC 0289044378_morp_ 0.074_T0_ 1809.248888_P_ 24.8495338_analysis_6, none, Eclipse indices (see function measure_eclipses_dt).
# zeros_1, minimum_1, peaks_2_n, peaks_1, p_2_p, minimum_1_in, zeros_1_in, minimum_1_in_mid, zeros_1_in, minimum_1_in, p_2_p, peaks_1, peaks_2_n, minimum_1, zeros_1
479014,479013,479014,479127,479241,479242,479242,479926,480611,480610,480611,480722,480835,480837,480836
602525,602524,602525,602639,602754,602754,602754,602754,602754,602754,602754,602870,602983,602985,602984
