# TIC 0039011225_morp_ 0.360_T0_ 1842.063171_P_ 2.6281620_analysis_6, none, Eclipse indices (see function measure_eclipses_dt).
# zeros_1, minimum_1, peaks_2_n, peaks_1, p_2_p, minimum_1_in, zeros_1_in, minimum_1_in_mid, zeros_1_in, minimum_1_in, p_2_p, peaks_1, peaks_2_n, minimum_1, zeros_1
415946,415946,416060,422222,426740,426831,426830,428658,430487,430486,430573,436186,441800,441914,441913
673956,673956,674001,674138,674823,674870,674870,682215,689562,689561,689609,690293,690430,690478,690477
