# TIC 0322390461_morp_ 0.619_T0_ 1739.043856_P_ 0.3868962_analysis_6, none, Eclipse indices (see function measure_eclipses_dt).
# zeros_1, minimum_1, peaks_2_n, peaks_1, p_2_p, minimum_1_in, zeros_1_in, minimum_1_in_mid, zeros_1_in, minimum_1_in, p_2_p, peaks_1, peaks_2_n, minimum_1, zeros_1
33394,33393,38961,62367,88458,88458,88458,88458,88458,88458,88458,114239,137316,143282,143281
383429,383428,383429,406521,424667,440000,440000,455564,471129,471129,492464,510910,533391,533393,533392
