# TIC 0301405723_morp_ 0.590_T0_ 1411.207668_P_ 0.9427072_analysis_6, none, Eclipse indices (see function measure_eclipses_dt).
# zeros_1, minimum_1, peaks_2_n, peaks_1, p_2_p, minimum_1_in, zeros_1_in, minimum_1_in_mid, zeros_1_in, minimum_1_in, p_2_p, peaks_1, peaks_2_n, minimum_1, zeros_1
0,27187,34002,61659,80266,80266,80266,80266,80266,80266,80266,99526,126796,133206,221935
232907,276515,282653,298121,329458,329458,329458,329458,329458,329458,329458,362590,375391,388866,430088
