# TIC 0029778064_morp_ 0.635_T0_ 1544.702108_P_ 0.4946419_analysis_6, none, Eclipse indices (see function measure_eclipses_dt).
# zeros_1, minimum_1, peaks_2_n, peaks_1, p_2_p, minimum_1_in, zeros_1_in, minimum_1_in_mid, zeros_1_in, minimum_1_in, p_2_p, peaks_1, peaks_2_n, minimum_1, zeros_1
407495,407494,424130,446723,475431,475431,475431,475431,475431,475431,475431,504247,526938,543057,543056
600126,600125,608748,631590,725010,725010,725010,725010,725010,725010,725010,820447,842924,851582,851582
