# TIC 0159510983_morp_ 0.782_T0_ 1983.594610_P_ 0.3242724_analysis_6, none, Eclipse indices (see function measure_eclipses_dt).
# zeros_1, minimum_1, peaks_2_n, peaks_1, p_2_p, minimum_1_in, zeros_1_in, minimum_1_in_mid, zeros_1_in, minimum_1_in, p_2_p, peaks_1, peaks_2_n, minimum_1, zeros_1
478729,478729,549792,576093,604510,604510,604510,604510,604510,604510,604510,633694,660575,733295,733295
733296,764693,799976,827676,858390,858390,858390,858390,858390,858390,858390,881925,910404,978728,978727
