# TIC 0366557556_morp_ 0.951_T0_ 1790.944296_P_ 0.4487763_analysis_6, none, Eclipse indices (see function measure_eclipses_dt).
# zeros_1, minimum_1, peaks_2_n, peaks_1, p_2_p, minimum_1_in, zeros_1_in, minimum_1_in_mid, zeros_1_in, minimum_1_in, p_2_p, peaks_1, peaks_2_n, minimum_1, zeros_1
438082,438082,451545,496025,551518,551518,551518,551518,551518,551518,551518,618070,668598,683826,683826
683827,683826,699709,750556,820411,820411,820411,820411,820411,820411,820411,880000,922188,938081,938081
