# TIC 0282925798_morp_ 0.571_T0_ 1713.266965_P_ 2.4440191_analysis_6, none, Eclipse indices (see function measure_eclipses_dt).
# zeros_1, minimum_1, peaks_2_n, peaks_1, p_2_p, minimum_1_in, zeros_1_in, minimum_1_in_mid, zeros_1_in, minimum_1_in, p_2_p, peaks_1, peaks_2_n, minimum_1, zeros_1
688928,688927,688928,694529,702959,702959,702959,702959,702959,702959,702959,707575,711900,711902,711901
805927,805927,811022,819126,829965,829965,829965,829965,829965,829965,829965,840906,849292,854469,854469
