# TIC 0080659292_morp_ 0.547_T0_ 1491.799833_P_ 1.9925092_analysis_6, none, Eclipse indices (see function measure_eclipses_dt).
# zeros_1, minimum_1, peaks_2_n, peaks_1, p_2_p, minimum_1_in, zeros_1_in, minimum_1_in_mid, zeros_1_in, minimum_1_in, p_2_p, peaks_1, peaks_2_n, minimum_1, zeros_1
585201,585200,598030,617491,636709,636709,636709,636709,636709,636709,636709,655935,675767,685365,685364
842855,842855,849580,868876,886968,886968,886968,886968,886968,886968,886968,904676,931861,934360,934359
