# TIC 0087251422_morp_ 0.167_T0_ 1825.166288_P_ 7.0661708_analysis_6, none, Eclipse indices (see function measure_eclipses_dt).
# zeros_1, minimum_1, peaks_2_n, peaks_1, p_2_p, minimum_1_in, zeros_1_in, minimum_1_in_mid, zeros_1_in, minimum_1_in, p_2_p, peaks_1, peaks_2_n, minimum_1, zeros_1
33834,35098,35179,39649,44999,44999,44999,44999,44999,44999,44999,50569,55038,55121,56184
246313,246476,247668,251698,255662,255662,255662,255662,255662,255662,255662,259744,263555,264754,265070
