# TIC 0255587619_morp_ 0.196_T0_ 1468.912651_P_ 9.4274907_analysis_6, none, Eclipse indices (see function measure_eclipses_dt).
# zeros_1, minimum_1, peaks_2_n, peaks_1, p_2_p, minimum_1_in, zeros_1_in, minimum_1_in_mid, zeros_1_in, minimum_1_in, p_2_p, peaks_1, peaks_2_n, minimum_1, zeros_1
394382,394382,395829,399579,403996,403996,403996,403996,403996,403996,403996,408355,412097,413541,413541
843143,843142,843968,847959,864634,864634,864634,864634,864634,864634,864634,869003,872176,877744,877743
