# TIC 0350622185_morp_ 0.585_T0_ 1326.139488_P_ 1.1685719_analysis_6, none, Eclipse indices (see function measure_eclipses_dt).
# zeros_1, minimum_1, peaks_2_n, peaks_1, p_2_p, minimum_1_in, zeros_1_in, minimum_1_in_mid, zeros_1_in, minimum_1_in, p_2_p, peaks_1, peaks_2_n, minimum_1, zeros_1
613897,655646,664101,680200,696036,696036,696036,696036,696036,696036,696036,710941,726925,733732,733731
863944,905643,914102,930216,946040,946040,946040,946040,946040,946040,946040,960914,976923,983534,983533
