# TIC 0086385104_morp_ 0.511_T0_ 1684.799547_P_ 2.3232208_analysis_6, none, Eclipse indices (see function measure_eclipses_dt).
# zeros_1, minimum_1, peaks_2_n, peaks_1, p_2_p, minimum_1_in, zeros_1_in, minimum_1_in_mid, zeros_1_in, minimum_1_in, p_2_p, peaks_1, peaks_2_n, minimum_1, zeros_1
730449,730448,731196,736066,752105,752105,752105,752105,752105,752105,752105,759185,762199,766007,771699
771700,789541,797870,801593,805500,811675,811674,813767,815860,815859,822986,826808,830521,838608,856851
