# TIC 0150326668_morp_ 0.449_T0_ 1712.397394_P_ 2.9578471_analysis_6, none, Eclipse indices (see function measure_eclipses_dt).
# zeros_1, minimum_1, peaks_2_n, peaks_1, p_2_p, minimum_1_in, zeros_1_in, minimum_1_in_mid, zeros_1_in, minimum_1_in, p_2_p, peaks_1, peaks_2_n, minimum_1, zeros_1
127589,127588,128080,130762,133079,135130,135130,142175,149222,149221,150666,153361,156210,156858,156858
493942,493941,494227,496744,499534,499534,499534,499534,499534,499534,499534,502147,504580,505466,505466
