# TIC 0441183795_morp_ 0.729_T0_ 1325.830479_P_ 0.6338895_analysis_6, none, Eclipse indices (see function measure_eclipses_dt).
# zeros_1, minimum_1, peaks_2_n, peaks_1, p_2_p, minimum_1_in, zeros_1_in, minimum_1_in_mid, zeros_1_in, minimum_1_in, p_2_p, peaks_1, peaks_2_n, minimum_1, zeros_1
413606,413606,415082,438995,466516,466516,466516,466516,466516,466516,466516,486109,502671,515046,515045
574488,574488,579155,600645,625133,625133,625133,625133,625133,625133,625133,646362,666649,669294,669294
