# TIC 0469924870_morp_ 0.894_T0_ 1742.854320_P_ 3.0725582_analysis_6, none, Eclipse indices (see function measure_eclipses_dt).
# zeros_1, minimum_1, peaks_2_n, peaks_1, p_2_p, minimum_1_in, zeros_1_in, minimum_1_in_mid, zeros_1_in, minimum_1_in, p_2_p, peaks_1, peaks_2_n, minimum_1, zeros_1
241028,241027,248670,279201,361551,361551,361551,361551,361551,361551,361551,412047,477941,479821,479821
479822,479821,479822,556280,612819,612819,612819,612819,612819,612819,612819,672257,713228,741027,741026
