# TIC 0267803830_morp_ 0.550_T0_ 1766.063359_P_ 3.3847696_analysis_6, none, Eclipse indices (see function measure_eclipses_dt).
# zeros_1, minimum_1, peaks_2_n, peaks_1, p_2_p, minimum_1_in, zeros_1_in, minimum_1_in_mid, zeros_1_in, minimum_1_in, p_2_p, peaks_1, peaks_2_n, minimum_1, zeros_1
478936,478936,481457,484706,488827,488827,488827,488827,488827,488827,488827,492983,496264,498482,498481
728919,728918,731469,734763,739001,739001,739001,739001,739001,739001,739001,742974,746242,748055,748055
