# TIC 0030562668_morp_ 0.478_T0_ 1518.078903_P_ 3.8522421_analysis_6, none, Eclipse indices (see function measure_eclipses_dt).
# zeros_1, minimum_1, peaks_2_n, peaks_1, p_2_p, minimum_1_in, zeros_1_in, minimum_1_in_mid, zeros_1_in, minimum_1_in, p_2_p, peaks_1, peaks_2_n, minimum_1, zeros_1
430635,430634,431523,436953,442547,442547,442547,442547,442547,442547,442547,473307,479342,482514,482513
608622,608621,610154,616194,645948,648199,648199,670405,692613,692612,693486,723224,729170,731662,731662
