# TIC 0240947891_morp_ 0.544_T0_ 1766.776134_P_ 2.4947746_analysis_6, none, Eclipse indices (see function measure_eclipses_dt).
# zeros_1, minimum_1, peaks_2_n, peaks_1, p_2_p, minimum_1_in, zeros_1_in, minimum_1_in_mid, zeros_1_in, minimum_1_in, p_2_p, peaks_1, peaks_2_n, minimum_1, zeros_1
482479,482478,482519,482763,483003,483053,483053,507772,532492,532491,532530,532773,533018,533050,533050
735294,735293,735433,735676,736894,737026,737025,757283,777541,777541,777671,778888,779132,779249,779249
