# TIC 0406758816_morp_ 0.542_T0_ 1871.816404_P_ 3.0633368_analysis_6, none, Eclipse indices (see function measure_eclipses_dt).
# zeros_1, minimum_1, peaks_2_n, peaks_1, p_2_p, minimum_1_in, zeros_1_in, minimum_1_in_mid, zeros_1_in, minimum_1_in, p_2_p, peaks_1, peaks_2_n, minimum_1, zeros_1
459156,459156,459240,468974,495184,495184,495184,495184,495184,495184,495184,508383,508497,525999,525999
725133,725133,725167,725282,725856,725888,725888,749073,772258,772258,772266,772380,772496,772503,772502
