# TIC 0029983149_morp_ 0.316_T0_ 1598.390804_P_ 3.8489291_analysis_6, none, Eclipse indices (see function measure_eclipses_dt).
# zeros_1, minimum_1, peaks_2_n, peaks_1, p_2_p, minimum_1_in, zeros_1_in, minimum_1_in_mid, zeros_1_in, minimum_1_in, p_2_p, peaks_1, peaks_2_n, minimum_1, zeros_1
263752,263752,275137,290162,309402,309402,309402,309402,309402,309402,309402,329202,344473,355544,355543
411071,499598,521199,536689,559277,559277,559277,559277,559277,559277,559277,581392,597112,616571,705623
