# TIC 0441105436_morp_ 0.759_T0_ 1325.311114_P_ 0.3688966_analysis_6, none, Eclipse indices (see function measure_eclipses_dt).
# zeros_1, minimum_1, peaks_2_n, peaks_1, p_2_p, minimum_1_in, zeros_1_in, minimum_1_in_mid, zeros_1_in, minimum_1_in, p_2_p, peaks_1, peaks_2_n, minimum_1, zeros_1
253683,253682,261965,336281,370815,370815,370815,370815,370815,370815,370815,406375,493326,493328,493327
493328,493328,570133,588148,621720,621720,621720,621720,621720,621720,621720,653756,670959,753682,753681
