# TIC 0084069091_morp_ 0.458_T0_ 1712.658839_P_ 2.6625298_analysis_6, none, Eclipse indices (see function measure_eclipses_dt).
# zeros_1, minimum_1, peaks_2_n, peaks_1, p_2_p, minimum_1_in, zeros_1_in, minimum_1_in_mid, zeros_1_in, minimum_1_in, p_2_p, peaks_1, peaks_2_n, minimum_1, zeros_1
1663,1662,3799,8400,13821,13821,13821,13821,13821,13821,13821,19910,24558,28088,28087
748188,748187,752701,757756,764410,764410,764410,764410,764410,764410,764410,770609,775617,779102,779102
