# TIC 0427394772_morp_ 0.489_T0_ 1470.330665_P_ 6.4707838_analysis_6, none, Eclipse indices (see function measure_eclipses_dt).
# zeros_1, minimum_1, peaks_2_n, peaks_1, p_2_p, minimum_1_in, zeros_1_in, minimum_1_in_mid, zeros_1_in, minimum_1_in, p_2_p, peaks_1, peaks_2_n, minimum_1, zeros_1
332700,332699,332700,409440,438207,438207,438207,438207,438207,438207,438207,465212,483839,522560,522560
522561,522560,542330,562187,589111,589111,589111,589111,589111,589111,589111,667932,695460,695462,695461
