# TIC 0230114503_morp_ 0.195_T0_ 1689.142584_P_ 11.5183270_analysis_6, none, Eclipse indices (see function measure_eclipses_dt).
# zeros_1, minimum_1, peaks_2_n, peaks_1, p_2_p, minimum_1_in, zeros_1_in, minimum_1_in_mid, zeros_1_in, minimum_1_in, p_2_p, peaks_1, peaks_2_n, minimum_1, zeros_1
382992,382992,383071,385082,390197,390372,390372,399549,407590,408726,409177,412711,416309,416639,416638
508024,508023,508095,510215,515195,515195,515195,515195,515195,515195,515195,520158,522293,522363,522363
