# TIC 0271596290_morp_ 0.576_T0_ 1599.283810_P_ 1.2824750_analysis_6, none, Eclipse indices (see function measure_eclipses_dt).
# zeros_1, minimum_1, peaks_2_n, peaks_1, p_2_p, minimum_1_in, zeros_1_in, minimum_1_in_mid, zeros_1_in, minimum_1_in, p_2_p, peaks_1, peaks_2_n, minimum_1, zeros_1
44211,44210,56142,73261,99866,99866,99866,99866,99866,99866,99866,127085,144212,156098,156097
472501,472501,484541,488691,533552,533552,533552,533552,533552,533552,533552,539134,544208,544210,544209
