# TIC 0238626074_morp_ 0.188_T0_ 1769.168821_P_ 5.1580315_analysis_6, none, Eclipse indices (see function measure_eclipses_dt).
# zeros_1, minimum_1, peaks_2_n, peaks_1, p_2_p, minimum_1_in, zeros_1_in, minimum_1_in_mid, zeros_1_in, minimum_1_in, p_2_p, peaks_1, peaks_2_n, minimum_1, zeros_1
537172,537814,537903,539345,541460,541551,542170,544170,546164,546789,546880,548995,550436,550526,551165
786187,786737,787898,789359,791456,792294,793881,794003,794131,795712,796538,798642,800434,801269,801875
