# TIC 0365070128_morp_ 0.159_T0_ 1940.413085_P_ 7.2527315_analysis_6, none, Eclipse indices (see function measure_eclipses_dt).
# zeros_1, minimum_1, peaks_2_n, peaks_1, p_2_p, minimum_1_in, zeros_1_in, minimum_1_in_mid, zeros_1_in, minimum_1_in, p_2_p, peaks_1, peaks_2_n, minimum_1, zeros_1
615822,615821,615885,617584,623197,623197,623197,623197,623197,623197,623197,625393,627009,627592,627591
866555,866554,867722,869446,871628,871628,871628,871628,871628,871628,871628,873756,875455,876677,876676
