# TIC 0048184317_morp_ 0.400_T0_ 1600.436204_P_ 0.2379106_analysis_6, none, Eclipse indices (see function measure_eclipses_dt).
# zeros_1, minimum_1, peaks_2_n, peaks_1, p_2_p, minimum_1_in, zeros_1_in, minimum_1_in_mid, zeros_1_in, minimum_1_in, p_2_p, peaks_1, peaks_2_n, minimum_1, zeros_1
726505,726504,727912,739612,751395,751395,751395,751395,751395,751395,751395,763182,772624,772625,772625
772626,772625,779787,793617,810609,810609,810609,810609,810609,810609,810609,827538,841200,849620,849619
