# TIC 0020176492_morp_ 0.557_T0_ 1439.829249_P_ 2.2213018_analysis_6, none, Eclipse indices (see function measure_eclipses_dt).
# zeros_1, minimum_1, peaks_2_n, peaks_1, p_2_p, minimum_1_in, zeros_1_in, minimum_1_in_mid, zeros_1_in, minimum_1_in, p_2_p, peaks_1, peaks_2_n, minimum_1, zeros_1
460269,461615,461801,486732,495845,496042,500072,501690,504014,507339,507537,520775,541580,541766,543731
712026,712025,712144,735700,745500,745615,745615,751701,757789,757788,757880,771806,791924,792033,792032
