# TIC 0160603897_morp_ 0.467_T0_ 1956.588954_P_ 1.1100952_analysis_6, none, Eclipse indices (see function measure_eclipses_dt).
# zeros_1, minimum_1, peaks_2_n, peaks_1, p_2_p, minimum_1_in, zeros_1_in, minimum_1_in_mid, zeros_1_in, minimum_1_in, p_2_p, peaks_1, peaks_2_n, minimum_1, zeros_1
30031,30030,36735,44746,56305,56305,56305,56305,56305,56305,56305,67827,76146,81846,81845
776407,779839,786395,797275,806205,806205,806205,806205,806205,806205,806205,815548,826437,831511,831511
