# TIC 0032551761_morp_ 0.925_T0_ 1386.059387_P_ 1.0850104_analysis_6, none, Eclipse indices (see function measure_eclipses_dt).
# zeros_1, minimum_1, peaks_2_n, peaks_1, p_2_p, minimum_1_in, zeros_1_in, minimum_1_in_mid, zeros_1_in, minimum_1_in, p_2_p, peaks_1, peaks_2_n, minimum_1, zeros_1
476854,476853,476854,530977,604960,604960,604960,604960,604960,604960,604960,679985,732104,732105,732105
732106,732105,734533,795264,854914,854914,854914,854914,854914,854914,854914,913975,973359,976853,976852
