# TIC 0050273697_morp_ 0.977_T0_ 1325.263680_P_ 0.3320699_analysis_6, none, Eclipse indices (see function measure_eclipses_dt).
# zeros_1, minimum_1, peaks_2_n, peaks_1, p_2_p, minimum_1_in, zeros_1_in, minimum_1_in_mid, zeros_1_in, minimum_1_in, p_2_p, peaks_1, peaks_2_n, minimum_1, zeros_1
474684,474684,474684,541240,600465,600465,600465,600465,600465,600465,600465,668814,709429,728474,728474
728475,728474,728475,794520,852396,852396,852396,852396,852396,852396,852396,917166,957321,974683,974683
