# TIC 0170676440_morp_ 0.747_T0_ 1411.019200_P_ 0.6341928_analysis_6, none, Eclipse indices (see function measure_eclipses_dt).
# zeros_1, minimum_1, peaks_2_n, peaks_1, p_2_p, minimum_1_in, zeros_1_in, minimum_1_in_mid, zeros_1_in, minimum_1_in, p_2_p, peaks_1, peaks_2_n, minimum_1, zeros_1
188267,188267,189109,273816,309346,309346,309346,309346,309346,309346,309346,344169,407661,408761,432884
444709,447963,449105,514642,540197,541702,544766,559086,572781,576471,577698,603785,668337,668997,668997
