# TIC 0230016502_morp_ 0.321_T0_ 1957.670664_P_ 2.9604932_analysis_6, none, Eclipse indices (see function measure_eclipses_dt).
# zeros_1, minimum_1, peaks_2_n, peaks_1, p_2_p, minimum_1_in, zeros_1_in, minimum_1_in_mid, zeros_1_in, minimum_1_in, p_2_p, peaks_1, peaks_2_n, minimum_1, zeros_1
31214,31214,31644,37806,44311,44311,44311,44311,44311,44311,44311,50631,56546,57604,57603
92534,92533,97635,104225,112544,112544,112544,112544,112544,112544,112544,120849,127447,131757,131757
