# TIC 0277104322_morp_ 0.926_T0_ 1411.103663_P_ 0.2821634_analysis_6, none, Eclipse indices (see function measure_eclipses_dt).
# zeros_1, minimum_1, peaks_2_n, peaks_1, p_2_p, minimum_1_in, zeros_1_in, minimum_1_in_mid, zeros_1_in, minimum_1_in, p_2_p, peaks_1, peaks_2_n, minimum_1, zeros_1
138064,138064,138440,213118,266350,266350,266350,266350,266350,266350,266350,322530,393503,395271,395270
395271,395271,395271,461350,517139,517139,517139,517139,517139,517139,517139,573644,638062,638063,638063
