# TIC 0279087522_morp_ 0.373_T0_ 1494.032056_P_ 4.2407153_analysis_6, none, Eclipse indices (see function measure_eclipses_dt).
# zeros_1, minimum_1, peaks_2_n, peaks_1, p_2_p, minimum_1_in, zeros_1_in, minimum_1_in_mid, zeros_1_in, minimum_1_in, p_2_p, peaks_1, peaks_2_n, minimum_1, zeros_1
310599,310598,310599,311093,311583,311596,311595,318492,325390,325389,325390,325868,326352,326354,326353
968123,968123,968123,968607,969086,969087,969087,974987,980889,980888,980903,981391,981882,981883,981883
