# TIC 0085600400_morp_ 0.603_T0_ 1984.459371_P_ 1.4726271_analysis_6, none, Eclipse indices (see function measure_eclipses_dt).
# zeros_1, minimum_1, peaks_2_n, peaks_1, p_2_p, minimum_1_in, zeros_1_in, minimum_1_in_mid, zeros_1_in, minimum_1_in, p_2_p, peaks_1, peaks_2_n, minimum_1, zeros_1
160398,203859,213826,225396,258450,258450,258450,258450,258450,258450,258450,292111,301992,311503,375494
375495,449757,464199,483566,507885,507885,507885,507885,507885,507885,507885,530786,551396,565602,649024
