# TIC 0170637811_morp_ 0.636_T0_ 1412.880907_P_ 3.0643486_analysis_6, none, Eclipse indices (see function measure_eclipses_dt).
# zeros_1, minimum_1, peaks_2_n, peaks_1, p_2_p, minimum_1_in, zeros_1_in, minimum_1_in_mid, zeros_1_in, minimum_1_in, p_2_p, peaks_1, peaks_2_n, minimum_1, zeros_1
87749,87748,97066,110945,138188,138188,138188,138188,138188,138188,138188,164953,179431,191208,268832
268833,336001,346771,358029,390003,390003,390003,390003,390003,390003,390003,418487,429844,528886,528886
