# TIC 0428767557_morp_ 0.459_T0_ 1818.034239_P_ 2.5287279_analysis_6, none, Eclipse indices (see function measure_eclipses_dt).
# zeros_1, minimum_1, peaks_2_n, peaks_1, p_2_p, minimum_1_in, zeros_1_in, minimum_1_in_mid, zeros_1_in, minimum_1_in, p_2_p, peaks_1, peaks_2_n, minimum_1, zeros_1
132043,132042,132820,135236,137408,139631,139630,145773,151915,151915,153560,155795,158173,159009,159009
834817,834816,834825,836761,838730,838730,838730,838730,838730,838730,838730,840640,842600,842614,842613
