# TIC 0032200310_morp_ 0.726_T0_ 1326.110639_P_ 0.3604377_analysis_6, none, Eclipse indices (see function measure_eclipses_dt).
# zeros_1, minimum_1, peaks_2_n, peaks_1, p_2_p, minimum_1_in, zeros_1_in, minimum_1_in_mid, zeros_1_in, minimum_1_in, p_2_p, peaks_1, peaks_2_n, minimum_1, zeros_1
382425,382424,462370,490553,517269,517269,517269,517269,517269,517269,517269,544039,573949,638568,638567
638568,688853,711031,738957,766277,766277,766277,766277,766277,766277,766277,793830,822968,882424,882423
