# TIC 0035516889_morp_ 0.515_T0_ 1544.410778_P_ 0.7888385_analysis_6, none, Eclipse indices (see function measure_eclipses_dt).
# zeros_1, minimum_1, peaks_2_n, peaks_1, p_2_p, minimum_1_in, zeros_1_in, minimum_1_in_mid, zeros_1_in, minimum_1_in, p_2_p, peaks_1, peaks_2_n, minimum_1, zeros_1
459721,459721,484358,512998,546639,546639,546639,546639,546639,546639,546639,586893,621969,621971,621970
621971,621971,624535,659522,696011,696011,696011,696011,696011,696011,696011,731988,766392,770273,770272
