# TIC 0206609630_morp_ 0.490_T0_ 1325.458635_P_ 0.3352714_analysis_6, none, Eclipse indices (see function measure_eclipses_dt).
# zeros_1, minimum_1, peaks_2_n, peaks_1, p_2_p, minimum_1_in, zeros_1_in, minimum_1_in_mid, zeros_1_in, minimum_1_in, p_2_p, peaks_1, peaks_2_n, minimum_1, zeros_1
482363,566163,612800,650783,702772,702772,702772,702772,702772,702772,702772,749808,792070,800705,800704
800705,800705,800705,835722,871406,871406,871406,871406,871406,871406,871406,923700,965503,982362,982361
