# TIC 0292607284_morp_ 0.294_T0_ 1792.912905_P_ 4.1384108_analysis_6, none, Eclipse indices (see function measure_eclipses_dt).
# zeros_1, minimum_1, peaks_2_n, peaks_1, p_2_p, minimum_1_in, zeros_1_in, minimum_1_in_mid, zeros_1_in, minimum_1_in, p_2_p, peaks_1, peaks_2_n, minimum_1, zeros_1
138364,138363,141924,146299,151782,151782,151782,151782,151782,151782,151782,157473,161814,165558,165558
814704,814703,819507,823807,829505,829505,829505,829505,829505,829505,829505,835031,839341,843057,843056
