# TIC 0402065927_morp_ 0.706_T0_ 1325.564202_P_ 0.6314729_analysis_6, none, Eclipse indices (see function measure_eclipses_dt).
# zeros_1, minimum_1, peaks_2_n, peaks_1, p_2_p, minimum_1_in, zeros_1_in, minimum_1_in_mid, zeros_1_in, minimum_1_in, p_2_p, peaks_1, peaks_2_n, minimum_1, zeros_1
533726,591340,598936,620495,639006,645897,645897,661324,676753,676752,682951,700943,724429,732259,788626
788627,840846,848899,879697,916927,916927,916927,916927,916927,916927,916927,946542,973765,981690,999999
