# TIC 0071612483_morp_ 0.431_T0_ 1931.919575_P_ 1.2168732_analysis_6, none, Eclipse indices (see function measure_eclipses_dt).
# zeros_1, minimum_1, peaks_2_n, peaks_1, p_2_p, minimum_1_in, zeros_1_in, minimum_1_in_mid, zeros_1_in, minimum_1_in, p_2_p, peaks_1, peaks_2_n, minimum_1, zeros_1
335892,335892,336738,342377,348057,348057,348057,348057,348057,348057,348057,355749,362508,363196,363196
564617,564616,570716,578226,587856,587856,587856,587856,587856,587856,587856,597440,604880,611412,611412
