# TIC 0200921621_morp_ 0.583_T0_ 1795.573157_P_ 4.8641013_analysis_6, none, Eclipse indices (see function measure_eclipses_dt).
# zeros_1, minimum_1, peaks_2_n, peaks_1, p_2_p, minimum_1_in, zeros_1_in, minimum_1_in_mid, zeros_1_in, minimum_1_in, p_2_p, peaks_1, peaks_2_n, minimum_1, zeros_1
505138,505138,505162,505253,505707,505736,505736,540594,575453,575453,575525,575979,576071,576135,576134
892034,892033,892070,892160,894063,894063,894063,894063,894063,894063,894063,896342,896434,896469,896469
