# TIC 0268772301_morp_ 0.677_T0_ 1492.400265_P_ 1.4214705_analysis_6, none, Eclipse indices (see function measure_eclipses_dt).
# zeros_1, minimum_1, peaks_2_n, peaks_1, p_2_p, minimum_1_in, zeros_1_in, minimum_1_in_mid, zeros_1_in, minimum_1_in, p_2_p, peaks_1, peaks_2_n, minimum_1, zeros_1
250417,250416,250816,270449,289355,289355,289355,289355,289355,289355,289355,314231,334332,340987,340986
660285,660284,667309,687508,712925,712925,712925,712925,712925,712925,712925,731172,750414,750416,750415
