# TIC 0039643723_morp_ 0.530_T0_ 1843.570499_P_ 1.3131123_analysis_6, none, Eclipse indices (see function measure_eclipses_dt).
# zeros_1, minimum_1, peaks_2_n, peaks_1, p_2_p, minimum_1_in, zeros_1_in, minimum_1_in_mid, zeros_1_in, minimum_1_in, p_2_p, peaks_1, peaks_2_n, minimum_1, zeros_1
393262,393261,396805,417027,427538,427538,427538,427538,427538,427538,427538,438076,458317,461311,461311
643679,643679,646854,667440,677523,677523,677523,677523,677523,677523,677523,687452,708277,711375,711375
