# TIC 0030382918_morp_ 0.536_T0_ 1598.440119_P_ 0.5719608_analysis_6, none, Eclipse indices (see function measure_eclipses_dt).
# zeros_1, minimum_1, peaks_2_n, peaks_1, p_2_p, minimum_1_in, zeros_1_in, minimum_1_in_mid, zeros_1_in, minimum_1_in, p_2_p, peaks_1, peaks_2_n, minimum_1, zeros_1
656565,656565,662660,679880,690880,690880,690880,690880,690880,690880,690880,701762,719261,725223,725223
905909,905909,913130,928393,940909,940909,940909,940909,940909,940909,940909,952972,968845,976611,976611
