# TIC 0219308281_morp_ 0.553_T0_ 1325.392538_P_ 2.8573698_analysis_6, none, Eclipse indices (see function measure_eclipses_dt).
# zeros_1, minimum_1, peaks_2_n, peaks_1, p_2_p, minimum_1_in, zeros_1_in, minimum_1_in_mid, zeros_1_in, minimum_1_in, p_2_p, peaks_1, peaks_2_n, minimum_1, zeros_1
100648,100648,114959,115082,127220,127220,127220,127220,127220,127220,127220,144267,157157,157265,157264
346980,346979,346993,347116,347727,347743,347743,370078,392413,392413,392444,393056,393178,393210,393210
