# TIC 0219016721_morp_ 0.688_T0_ 1872.976772_P_ 4.2348652_analysis_6, none, Eclipse indices (see function measure_eclipses_dt).
# zeros_1, minimum_1, peaks_2_n, peaks_1, p_2_p, minimum_1_in, zeros_1_in, minimum_1_in_mid, zeros_1_in, minimum_1_in, p_2_p, peaks_1, peaks_2_n, minimum_1, zeros_1
496006,496006,496075,497318,501053,501053,501053,501053,501053,501053,501053,503896,504162,504207,504207
745945,745944,746057,746325,748615,748810,748809,749683,750556,750556,750641,752883,754135,754289,754288
