# TIC 0397048159_morp_ 0.564_T0_ 1438.515795_P_ 1.6054836_analysis_6, none, Eclipse indices (see function measure_eclipses_dt).
# zeros_1, minimum_1, peaks_2_n, peaks_1, p_2_p, minimum_1_in, zeros_1_in, minimum_1_in_mid, zeros_1_in, minimum_1_in, p_2_p, peaks_1, peaks_2_n, minimum_1, zeros_1
516512,606855,616973,631235,649777,649777,649777,649777,649777,649777,649777,668964,682514,692585,769500
830024,857412,866275,884044,899723,899723,899723,899723,899723,899723,899723,916140,933412,942474,986302
