# TIC 0336778418_morp_ 0.625_T0_ 1765.121054_P_ 0.6934030_analysis_6, none, Eclipse indices (see function measure_eclipses_dt).
# zeros_1, minimum_1, peaks_2_n, peaks_1, p_2_p, minimum_1_in, zeros_1_in, minimum_1_in_mid, zeros_1_in, minimum_1_in, p_2_p, peaks_1, peaks_2_n, minimum_1, zeros_1
69087,69087,79094,90074,118706,118706,118706,118706,118706,118706,118706,144051,155011,166056,166055
321703,321703,329151,340152,363383,363383,363383,363383,363383,363383,363383,393812,404957,412729,412729
