# TIC 0458481461_morp_ 0.572_T0_ 1900.252721_P_ 2.8067683_analysis_6, none, Eclipse indices (see function measure_eclipses_dt).
# zeros_1, minimum_1, peaks_2_n, peaks_1, p_2_p, minimum_1_in, zeros_1_in, minimum_1_in_mid, zeros_1_in, minimum_1_in, p_2_p, peaks_1, peaks_2_n, minimum_1, zeros_1
95449,95448,95449,96803,98126,98127,98127,103685,109243,109243,109294,110667,112051,112052,112052
174009,174008,174009,175420,176830,176832,176831,182484,188138,188137,188138,189543,190950,190956,190955
