# TIC 0057256934_morp_ 0.260_T0_ 1959.342016_P_ 7.0631807_analysis_6, none, Eclipse indices (see function measure_eclipses_dt).
# zeros_1, minimum_1, peaks_2_n, peaks_1, p_2_p, minimum_1_in, zeros_1_in, minimum_1_in_mid, zeros_1_in, minimum_1_in, p_2_p, peaks_1, peaks_2_n, minimum_1, zeros_1
469506,470665,470768,472067,474961,475042,475042,478162,481283,481283,481351,484644,485543,485647,486824
712644,712644,712644,712744,723743,723743,723743,723743,723743,723743,723743,735195,735295,735340,735340
