# TIC 0159854359_morp_ 0.752_T0_ 1738.994722_P_ 0.3266553_analysis_6, none, Eclipse indices (see function measure_eclipses_dt).
# zeros_1, minimum_1, peaks_2_n, peaks_1, p_2_p, minimum_1_in, zeros_1_in, minimum_1_in_mid, zeros_1_in, minimum_1_in, p_2_p, peaks_1, peaks_2_n, minimum_1, zeros_1
253914,253913,327866,344110,379331,379331,379331,379331,379331,379331,379331,414358,430280,508840,508840
508841,508840,580321,595546,630315,630315,630315,630315,630315,630315,630315,663738,678569,753913,753912
