# TIC 0288735205_morp_ 0.252_T0_ 1871.031420_P_ 3.4779840_analysis_6, none, Eclipse indices (see function measure_eclipses_dt).
# zeros_1, minimum_1, peaks_2_n, peaks_1, p_2_p, minimum_1_in, zeros_1_in, minimum_1_in_mid, zeros_1_in, minimum_1_in, p_2_p, peaks_1, peaks_2_n, minimum_1, zeros_1
139245,139244,139839,141541,143277,143860,143860,147761,151664,151663,152365,154095,155842,156353,156353
187346,187345,187600,189256,200607,200607,200607,200607,200607,200607,200607,208427,212716,212717,212717
