# TIC 0312471472_morp_ 0.469_T0_ 1765.769111_P_ 1.5519276_analysis_6, none, Eclipse indices (see function measure_eclipses_dt).
# zeros_1, minimum_1, peaks_2_n, peaks_1, p_2_p, minimum_1_in, zeros_1_in, minimum_1_in_mid, zeros_1_in, minimum_1_in, p_2_p, peaks_1, peaks_2_n, minimum_1, zeros_1
488772,488772,489079,491097,502010,502010,502010,502010,502010,502010,502010,525642,534046,534363,534362
712556,712556,712556,712954,742030,742030,742030,742030,742030,742030,742030,772772,773177,773219,773219
