# TIC 0159444225_morp_ 0.697_T0_ 1683.595788_P_ 0.2839962_analysis_6, none, Eclipse indices (see function measure_eclipses_dt).
# zeros_1, minimum_1, peaks_2_n, peaks_1, p_2_p, minimum_1_in, zeros_1_in, minimum_1_in_mid, zeros_1_in, minimum_1_in, p_2_p, peaks_1, peaks_2_n, minimum_1, zeros_1
404690,435661,453618,497561,518415,518415,518415,518415,518415,518415,518415,539504,578725,597128,632619
632620,687518,704213,747333,768500,768500,768500,768500,768500,768500,768500,790205,828533,846837,904688
