# TIC 0361388647_morp_ 0.533_T0_ 1597.388743_P_ 0.9815337_analysis_6, none, Eclipse indices (see function measure_eclipses_dt).
# zeros_1, minimum_1, peaks_2_n, peaks_1, p_2_p, minimum_1_in, zeros_1_in, minimum_1_in_mid, zeros_1_in, minimum_1_in, p_2_p, peaks_1, peaks_2_n, minimum_1, zeros_1
225827,225826,229051,243925,301867,301867,301867,301867,301867,301867,301867,320045,332748,350782,380819
505592,505592,519404,533695,552374,552374,552374,552374,552374,552374,552374,571194,585552,599698,599697
