# TIC 0299199358_morp_ 0.490_T0_ 1388.194532_P_ 3.8400846_analysis_6, none, Eclipse indices (see function measure_eclipses_dt).
# zeros_1, minimum_1, peaks_2_n, peaks_1, p_2_p, minimum_1_in, zeros_1_in, minimum_1_in_mid, zeros_1_in, minimum_1_in, p_2_p, peaks_1, peaks_2_n, minimum_1, zeros_1
200576,200575,202410,204330,206287,207759,207759,215938,224119,224118,225190,227094,229013,230036,230035
306162,306161,306594,308050,309635,309635,309635,309635,309635,309635,309635,317811,319368,319369,319369
