# TIC 0409527600_morp_ 0.550_T0_ 1791.132750_P_ 1.1483467_analysis_6, none, Eclipse indices (see function measure_eclipses_dt).
# zeros_1, minimum_1, peaks_2_n, peaks_1, p_2_p, minimum_1_in, zeros_1_in, minimum_1_in_mid, zeros_1_in, minimum_1_in, p_2_p, peaks_1, peaks_2_n, minimum_1, zeros_1
473115,473114,484736,499250,518104,518104,518104,518104,518104,518104,518104,536757,551141,565552,565552
683766,721133,736638,748538,766077,766077,766077,766077,766077,766077,766077,784504,797287,840146,840146
