# TIC 0267990226_morp_ 0.917_T0_ 1684.309964_P_ 3.2819533_analysis_6, none, Eclipse indices (see function measure_eclipses_dt).
# zeros_1, minimum_1, peaks_2_n, peaks_1, p_2_p, minimum_1_in, zeros_1_in, minimum_1_in_mid, zeros_1_in, minimum_1_in, p_2_p, peaks_1, peaks_2_n, minimum_1, zeros_1
48213,48212,61967,108618,173951,173951,173951,173951,173951,173951,173951,230820,298025,298026,298026
298027,298026,311783,359617,427273,427273,427273,427273,427273,427273,427273,481615,548210,548212,548211
