# KIC04936680_morp_0.67_T0_54999.866063_P_0.6662267_analysis_6, none, Eclipse indices (see function measure_eclipses_dt).
# zeros_1, minimum_1, peaks_2_n, peaks_1, p_2_p, minimum_1_in, zeros_1_in, minimum_1_in_mid, zeros_1_in, minimum_1_in, p_2_p, peaks_1, peaks_2_n, minimum_1, zeros_1
67398,67397,67401,69760,72118,72124,72124,81553,90983,90982,90985,93343,95702,95704,95703
303247,303246,303250,305609,307967,307972,307971,317402,326832,326832,326834,329193,331552,331554,331554
