# TIC 0142105466_morp_ 0.868_T0_ 1598.301498_P_ 0.4332051_analysis_6, none, Eclipse indices (see function measure_eclipses_dt).
# zeros_1, minimum_1, peaks_2_n, peaks_1, p_2_p, minimum_1_in, zeros_1_in, minimum_1_in_mid, zeros_1_in, minimum_1_in, p_2_p, peaks_1, peaks_2_n, minimum_1, zeros_1
226826,226825,245476,307800,352406,352406,352406,352406,352406,352406,352406,396442,458004,476127,476126
476127,476127,492135,562856,601194,601194,601194,601194,601194,601194,601194,641539,713418,726825,726824
