# TIC 0288296337_morp_ 0.528_T0_ 1765.001982_P_ 0.5591840_analysis_6, none, Eclipse indices (see function measure_eclipses_dt).
# zeros_1, minimum_1, peaks_2_n, peaks_1, p_2_p, minimum_1_in, zeros_1_in, minimum_1_in_mid, zeros_1_in, minimum_1_in, p_2_p, peaks_1, peaks_2_n, minimum_1, zeros_1
217660,217659,227771,238033,251503,251503,251503,251503,251503,251503,251503,265798,276430,293436,337638
472493,472492,478898,488897,501697,501697,501697,501697,501697,501697,501697,514058,523731,532652,532652
