# TIC 0329118239_morp_ 0.556_T0_ 1956.275539_P_ 0.5633637_analysis_6, none, Eclipse indices (see function measure_eclipses_dt).
# zeros_1, minimum_1, peaks_2_n, peaks_1, p_2_p, minimum_1_in, zeros_1_in, minimum_1_in_mid, zeros_1_in, minimum_1_in, p_2_p, peaks_1, peaks_2_n, minimum_1, zeros_1
597986,664840,671005,683656,701745,701745,701745,701745,701745,701745,701745,717284,728297,730256,730256
916569,916568,920900,933848,947647,947647,947647,947647,947647,947647,947647,964625,978140,985111,999999
