# TIC 0200440175_morp_ 0.537_T0_ 1411.439592_P_ 1.8260039_analysis_6, none, Eclipse indices (see function measure_eclipses_dt).
# zeros_1, minimum_1, peaks_2_n, peaks_1, p_2_p, minimum_1_in, zeros_1_in, minimum_1_in_mid, zeros_1_in, minimum_1_in, p_2_p, peaks_1, peaks_2_n, minimum_1, zeros_1
29640,57659,58024,58387,70397,70397,70397,70397,70397,70397,70397,83965,97608,97975,116531
923196,923195,923210,923569,923930,923941,923940,926816,929692,929691,929698,930059,930420,930427,930426
