# TIC 0353565609_morp_ 0.771_T0_ 1791.195837_P_ 0.3804039_analysis_6, none, Eclipse indices (see function measure_eclipses_dt).
# zeros_1, minimum_1, peaks_2_n, peaks_1, p_2_p, minimum_1_in, zeros_1_in, minimum_1_in_mid, zeros_1_in, minimum_1_in, p_2_p, peaks_1, peaks_2_n, minimum_1, zeros_1
377081,377081,381324,401651,429491,429491,429491,429491,429491,429491,429491,459635,480900,485210,485209
627171,627170,631323,651963,680772,680772,680772,680772,680772,680772,680772,709437,730856,733410,733410
