# TIC 0099135783_morp_ 0.776_T0_ 1845.615188_P_ 3.2383444_analysis_6, none, Eclipse indices (see function measure_eclipses_dt).
# zeros_1, minimum_1, peaks_2_n, peaks_1, p_2_p, minimum_1_in, zeros_1_in, minimum_1_in_mid, zeros_1_in, minimum_1_in, p_2_p, peaks_1, peaks_2_n, minimum_1, zeros_1
937193,937193,937196,937308,937421,937424,937424,942144,946865,946865,946867,946980,947092,947095,947095
961039,961038,961039,961151,961263,961264,961264,963738,966213,966213,966213,966326,966438,966439,966439
