# TIC 0038937499_morp_ 0.113_T0_ 1328.504416_P_ 4.0555582_analysis_6, none, Eclipse indices (see function measure_eclipses_dt).
# zeros_1, minimum_1, peaks_2_n, peaks_1, p_2_p, minimum_1_in, zeros_1_in, minimum_1_in_mid, zeros_1_in, minimum_1_in, p_2_p, peaks_1, peaks_2_n, minimum_1, zeros_1
199025,199025,201250,207555,214561,214561,214561,214561,214561,214561,214561,222134,228849,230007,230007
453832,453832,454942,461693,469267,469267,469267,469267,469267,469267,469267,476373,482777,484987,484987
