# TIC 0352378412_morp_ 0.668_T0_ 1765.124280_P_ 0.6760259_analysis_6, none, Eclipse indices (see function measure_eclipses_dt).
# zeros_1, minimum_1, peaks_2_n, peaks_1, p_2_p, minimum_1_in, zeros_1_in, minimum_1_in_mid, zeros_1_in, minimum_1_in, p_2_p, peaks_1, peaks_2_n, minimum_1, zeros_1
260384,321962,333619,356342,383140,383140,383140,383140,383140,383140,383140,413024,432896,439686,513225
513226,573195,581975,605186,632819,632819,632819,632819,632819,632819,632819,661568,683157,690570,760382
