# TIC 0276458481_morp_ 0.416_T0_ 1601.940937_P_ 2.2544606_analysis_6, none, Eclipse indices (see function measure_eclipses_dt).
# zeros_1, minimum_1, peaks_2_n, peaks_1, p_2_p, minimum_1_in, zeros_1_in, minimum_1_in_mid, zeros_1_in, minimum_1_in, p_2_p, peaks_1, peaks_2_n, minimum_1, zeros_1
492396,492396,493978,507429,521422,521422,521422,521422,521422,521422,521422,535696,548785,550401,550401
740417,740416,749912,763696,781161,781161,781161,781161,781161,781161,781161,798684,812859,821468,821467
