# TIC 0321857016_morp_ 0.198_T0_ 1738.348178_P_ 6.9561293_analysis_6, none, Eclipse indices (see function measure_eclipses_dt).
# zeros_1, minimum_1, peaks_2_n, peaks_1, p_2_p, minimum_1_in, zeros_1_in, minimum_1_in_mid, zeros_1_in, minimum_1_in, p_2_p, peaks_1, peaks_2_n, minimum_1, zeros_1
369777,369776,372389,379135,387057,387057,387057,387057,387057,387057,387057,394987,401754,404256,404255
404256,404256,404256,409733,416818,416818,416818,416818,416818,416818,416818,421768,427229,427425,427425
