# TIC 0047309500_morp_ 0.773_T0_ 1625.123663_P_ 0.3868075_analysis_6, none, Eclipse indices (see function measure_eclipses_dt).
# zeros_1, minimum_1, peaks_2_n, peaks_1, p_2_p, minimum_1_in, zeros_1_in, minimum_1_in_mid, zeros_1_in, minimum_1_in, p_2_p, peaks_1, peaks_2_n, minimum_1, zeros_1
293835,293834,363617,383557,416663,416663,416663,416663,416663,416663,416663,447966,469411,539189,539188
539189,539189,614470,633123,665249,665249,665249,665249,665249,665249,665249,697936,717218,793834,793833
