# TIC 0065348716_morp_ 0.708_T0_ 1411.215474_P_ 0.4948549_analysis_6, none, Eclipse indices (see function measure_eclipses_dt).
# zeros_1, minimum_1, peaks_2_n, peaks_1, p_2_p, minimum_1_in, zeros_1_in, minimum_1_in_mid, zeros_1_in, minimum_1_in, p_2_p, peaks_1, peaks_2_n, minimum_1, zeros_1
442643,489594,507930,524712,565692,565692,565692,565692,565692,565692,565692,607272,688948,688949,688949
688950,688949,760562,782576,815065,815065,815065,815065,815065,815065,815065,846998,869816,942642,942641
