# TIC 0274700641_morp_ 0.963_T0_ 1817.025933_P_ 1.1813646_analysis_6, none, Eclipse indices (see function measure_eclipses_dt).
# zeros_1, minimum_1, peaks_2_n, peaks_1, p_2_p, minimum_1_in, zeros_1_in, minimum_1_in_mid, zeros_1_in, minimum_1_in, p_2_p, peaks_1, peaks_2_n, minimum_1, zeros_1
218426,218426,218426,279950,341780,341780,341780,341780,341780,341780,341780,403989,465723,465725,465724
465725,465725,466733,529196,592351,592351,592351,592351,592351,592351,592351,655145,717408,718425,718425
