# TIC 0276252961_morp_ 0.542_T0_ 1842.638352_P_ 0.1558772_analysis_6, none, Eclipse indices (see function measure_eclipses_dt).
# zeros_1, minimum_1, peaks_2_n, peaks_1, p_2_p, minimum_1_in, zeros_1_in, minimum_1_in_mid, zeros_1_in, minimum_1_in, p_2_p, peaks_1, peaks_2_n, minimum_1, zeros_1
100754,100754,136773,150425,169622,169622,169622,169622,169622,169622,169622,188850,202895,240951,279136
348417,348416,355213,401065,420966,420966,420966,420966,420966,420966,420966,460543,474776,476876,476876
