# TIC 0258923466_morp_ 0.279_T0_ 1940.010048_P_ 4.8741958_analysis_6, none, Eclipse indices (see function measure_eclipses_dt).
# zeros_1, minimum_1, peaks_2_n, peaks_1, p_2_p, minimum_1_in, zeros_1_in, minimum_1_in_mid, zeros_1_in, minimum_1_in, p_2_p, peaks_1, peaks_2_n, minimum_1, zeros_1
75887,77879,78165,79498,85035,85068,85067,85513,85959,85959,86091,90577,92964,93247,94180
824599,826532,826829,829230,834365,834365,834365,834365,834365,834365,834365,840331,842730,843026,844044
