# TIC 0258351350_morp_ 0.619_T0_ 1930.747774_P_ 0.7729454_analysis_6, none, Eclipse indices (see function measure_eclipses_dt).
# zeros_1, minimum_1, peaks_2_n, peaks_1, p_2_p, minimum_1_in, zeros_1_in, minimum_1_in_mid, zeros_1_in, minimum_1_in, p_2_p, peaks_1, peaks_2_n, minimum_1, zeros_1
113089,113089,119557,160918,195381,195381,195381,195381,195381,195381,195381,223019,263251,272161,272160
272161,272161,402406,411124,443336,443336,443336,443336,443336,443336,443336,470783,514191,548761,613088
