# TIC 0403757320_morp_ 0.263_T0_ 1570.239580_P_ 1.0025046_analysis_6, none, Eclipse indices (see function measure_eclipses_dt).
# zeros_1, minimum_1, peaks_2_n, peaks_1, p_2_p, minimum_1_in, zeros_1_in, minimum_1_in_mid, zeros_1_in, minimum_1_in, p_2_p, peaks_1, peaks_2_n, minimum_1, zeros_1
51690,51689,56827,64711,74645,74645,74645,74645,74645,74645,74645,84459,92230,97809,97809
304552,304552,307792,315319,324247,324247,324247,324247,324247,324247,324247,333470,341158,344418,344417
