# TIC 0409343223_morp_ 0.316_T0_ 1934.801893_P_ 5.1106354_analysis_6, none, Eclipse indices (see function measure_eclipses_dt).
# zeros_1, minimum_1, peaks_2_n, peaks_1, p_2_p, minimum_1_in, zeros_1_in, minimum_1_in_mid, zeros_1_in, minimum_1_in, p_2_p, peaks_1, peaks_2_n, minimum_1, zeros_1
481080,481079,483069,486592,492763,492763,492763,492763,492763,492763,492763,498210,502712,504251,504250
731382,731381,733109,737238,743085,743085,743085,743085,743085,743085,743085,748843,752743,754710,754710
