# TIC 0401925979_morp_ 0.798_T0_ 1438.466420_P_ 0.4801571_analysis_6, none, Eclipse indices (see function measure_eclipses_dt).
# zeros_1, minimum_1, peaks_2_n, peaks_1, p_2_p, minimum_1_in, zeros_1_in, minimum_1_in_mid, zeros_1_in, minimum_1_in, p_2_p, peaks_1, peaks_2_n, minimum_1, zeros_1
452237,452237,522049,543176,577789,577789,577789,577789,577789,577789,577789,612861,633669,702310,702309
702310,747978,761490,777015,828125,828125,828125,828125,828125,828125,828125,865722,883784,909230,952236
