# TIC 0404144841_morp_ 0.651_T0_ 1599.073985_P_ 0.4477342_analysis_6, none, Eclipse indices (see function measure_eclipses_dt).
# zeros_1, minimum_1, peaks_2_n, peaks_1, p_2_p, minimum_1_in, zeros_1_in, minimum_1_in_mid, zeros_1_in, minimum_1_in, p_2_p, peaks_1, peaks_2_n, minimum_1, zeros_1
187567,187566,194581,237696,288650,288650,288650,288650,288650,288650,288650,323463,360352,360353,360353
360354,360353,362011,400411,437566,437566,437566,437566,437566,437566,437566,487695,529977,538649,538649
