# TIC 0273372402_morp_ 0.562_T0_ 1685.501257_P_ 2.2488952_analysis_6, none, Eclipse indices (see function measure_eclipses_dt).
# zeros_1, minimum_1, peaks_2_n, peaks_1, p_2_p, minimum_1_in, zeros_1_in, minimum_1_in_mid, zeros_1_in, minimum_1_in, p_2_p, peaks_1, peaks_2_n, minimum_1, zeros_1
330710,330710,330710,336092,343917,343917,343917,343917,343917,343917,343917,351742,357316,359416,359415
737797,737796,744895,755803,769406,775947,775947,783527,791109,791108,797961,811671,820888,830709,830709
