# TIC 0470208013_morp_ 0.340_T0_ 1959.564205_P_ 5.5430262_analysis_6, none, Eclipse indices (see function measure_eclipses_dt).
# zeros_1, minimum_1, peaks_2_n, peaks_1, p_2_p, minimum_1_in, zeros_1_in, minimum_1_in_mid, zeros_1_in, minimum_1_in, p_2_p, peaks_1, peaks_2_n, minimum_1, zeros_1
158010,158009,158505,159273,159992,159994,159993,164950,169907,169906,169907,170750,171661,171680,171679
422466,422466,424246,428663,436632,436632,436632,436632,436632,436632,436632,444550,449075,450737,450736
