# TIC 0230233157_morp_ 0.657_T0_ 1983.799932_P_ 0.5895456_analysis_6, none, Eclipse indices (see function measure_eclipses_dt).
# zeros_1, minimum_1, peaks_2_n, peaks_1, p_2_p, minimum_1_in, zeros_1_in, minimum_1_in_mid, zeros_1_in, minimum_1_in, p_2_p, peaks_1, peaks_2_n, minimum_1, zeros_1
26866,70710,90338,126699,151379,151379,151379,151379,151379,151379,151379,176213,210199,226108,293461
293462,293462,338880,373654,400954,400954,400954,400954,400954,400954,400954,431187,460907,474588,526865
