# TIC 0143100813_morp_ 0.806_T0_ 1983.906275_P_ 0.3877488_analysis_6, none, Eclipse indices (see function measure_eclipses_dt).
# zeros_1, minimum_1, peaks_2_n, peaks_1, p_2_p, minimum_1_in, zeros_1_in, minimum_1_in_mid, zeros_1_in, minimum_1_in, p_2_p, peaks_1, peaks_2_n, minimum_1, zeros_1
413275,413274,485650,504908,539481,539481,539481,539481,539481,539481,539481,573480,593402,665510,665510
665511,665510,667053,754226,789124,789124,789124,789124,789124,789124,789124,823742,913272,913274,913273
