# TIC 0422252417_morp_ 0.585_T0_ 1930.275589_P_ 0.4932207_analysis_6, none, Eclipse indices (see function measure_eclipses_dt).
# zeros_1, minimum_1, peaks_2_n, peaks_1, p_2_p, minimum_1_in, zeros_1_in, minimum_1_in_mid, zeros_1_in, minimum_1_in, p_2_p, peaks_1, peaks_2_n, minimum_1, zeros_1
503983,592441,601553,618606,634393,634393,634393,634393,634393,634393,634393,655114,672758,681544,779450
779451,842336,852893,865089,888560,888560,888560,888560,888560,888560,888560,938599,983494,989546,999999
