# TIC 0250387838_morp_ 0.165_T0_ 1411.306395_P_ 6.8862416_analysis_6, none, Eclipse indices (see function measure_eclipses_dt).
# zeros_1, minimum_1, peaks_2_n, peaks_1, p_2_p, minimum_1_in, zeros_1_in, minimum_1_in_mid, zeros_1_in, minimum_1_in, p_2_p, peaks_1, peaks_2_n, minimum_1, zeros_1
50961,50960,52429,54330,57686,57686,57686,57686,57686,57686,57686,61046,63011,64371,64370
299708,299707,300788,302705,306177,306177,306177,306177,306177,306177,306177,309618,311414,312867,312866
