# TIC 0160159932_morp_ 0.798_T0_ 1599.997914_P_ 0.7991886_analysis_6, none, Eclipse indices (see function measure_eclipses_dt).
# zeros_1, minimum_1, peaks_2_n, peaks_1, p_2_p, minimum_1_in, zeros_1_in, minimum_1_in_mid, zeros_1_in, minimum_1_in, p_2_p, peaks_1, peaks_2_n, minimum_1, zeros_1
155761,155761,155761,240932,278548,278548,278548,278548,278548,278548,278548,315242,398382,398384,398383
398384,398384,407146,487291,526654,526654,526654,526654,526654,526654,526654,567926,654861,655760,655760
