# TIC 0070555928_morp_ 0.548_T0_ 1390.550746_P_ 6.1140814_analysis_6, none, Eclipse indices (see function measure_eclipses_dt).
# zeros_1, minimum_1, peaks_2_n, peaks_1, p_2_p, minimum_1_in, zeros_1_in, minimum_1_in_mid, zeros_1_in, minimum_1_in, p_2_p, peaks_1, peaks_2_n, minimum_1, zeros_1
515127,515127,515936,523996,537718,537718,537718,537718,537718,537718,537718,561228,562320,574074,574074
765149,765149,765425,774189,796652,796652,796652,796652,796652,796652,796652,804058,817071,817717,817716
