# TIC 0317674257_morp_ 0.187_T0_ 1816.432520_P_ 3.0569931_analysis_6, none, Eclipse indices (see function measure_eclipses_dt).
# zeros_1, minimum_1, peaks_2_n, peaks_1, p_2_p, minimum_1_in, zeros_1_in, minimum_1_in_mid, zeros_1_in, minimum_1_in, p_2_p, peaks_1, peaks_2_n, minimum_1, zeros_1
90,89,2789,5717,9495,9495,9495,9495,9495,9495,9495,13301,16255,18597,18596
304965,304965,305139,307980,311389,311389,311389,311389,311389,311389,311389,319319,322165,322166,322166
