# TIC 0036883123_morp_ 0.744_T0_ 1411.049108_P_ 0.3352718_analysis_6, none, Eclipse indices (see function measure_eclipses_dt).
# zeros_1, minimum_1, peaks_2_n, peaks_1, p_2_p, minimum_1_in, zeros_1_in, minimum_1_in_mid, zeros_1_in, minimum_1_in, p_2_p, peaks_1, peaks_2_n, minimum_1, zeros_1
429854,429853,504971,526138,556141,556141,556141,556141,556141,556141,556141,586175,609409,678267,678266
678267,678267,755478,776790,806198,806198,806198,806198,806198,806198,806198,835508,858612,929853,929852
