# TIC 0445069009_morp_ 0.569_T0_ 1842.554468_P_ 0.5597790_analysis_6, none, Eclipse indices (see function measure_eclipses_dt).
# zeros_1, minimum_1, peaks_2_n, peaks_1, p_2_p, minimum_1_in, zeros_1_in, minimum_1_in_mid, zeros_1_in, minimum_1_in, p_2_p, peaks_1, peaks_2_n, minimum_1, zeros_1
485970,485969,491060,512771,527294,527294,527294,527294,527294,527294,527294,542832,562987,567602,567602
734944,734943,741347,763920,777210,777210,777210,777210,777210,777210,777210,789362,813016,820775,918364
