# TIC 0387107961_morp_ 0.457_T0_ 1654.921670_P_ 2.7146603_analysis_6, none, Eclipse indices (see function measure_eclipses_dt).
# zeros_1, minimum_1, peaks_2_n, peaks_1, p_2_p, minimum_1_in, zeros_1_in, minimum_1_in_mid, zeros_1_in, minimum_1_in, p_2_p, peaks_1, peaks_2_n, minimum_1, zeros_1
543588,544483,544643,558925,562200,562387,563883,564558,564737,566729,566917,570189,583951,584111,585056
793983,794484,794642,805257,812199,812375,813815,814557,815316,816739,816917,824383,833951,834109,835083
