# TIC 0271164763_morp_ 0.604_T0_ 1683.464470_P_ 0.1257648_analysis_6, none, Eclipse indices (see function measure_eclipses_dt).
# zeros_1, minimum_1, peaks_2_n, peaks_1, p_2_p, minimum_1_in, zeros_1_in, minimum_1_in_mid, zeros_1_in, minimum_1_in, p_2_p, peaks_1, peaks_2_n, minimum_1, zeros_1
677576,677575,679351,688813,699099,699099,699099,699099,699099,699099,699099,708460,717771,718887,718886
919250,919250,929068,937395,948427,948427,948427,948427,948427,948427,948427,959639,967884,979598,999999
