# TIC 0288027491_morp_ 0.116_T0_ 1580.468391_P_ 32.2082685_analysis_6, none, Eclipse indices (see function measure_eclipses_dt).
# zeros_1, minimum_1, peaks_2_n, peaks_1, p_2_p, minimum_1_in, zeros_1_in, minimum_1_in_mid, zeros_1_in, minimum_1_in, p_2_p, peaks_1, peaks_2_n, minimum_1, zeros_1
305128,305128,305128,305161,305192,305194,305193,315848,326504,326503,326504,326535,326566,326568,326567
501476,501475,501479,501512,501676,501680,501680,504613,507547,507546,507550,507714,507746,507749,507749
