# TIC 0267195931_morp_ 0.424_T0_ 1471.955202_P_ 4.3701553_analysis_6, none, Eclipse indices (see function measure_eclipses_dt).
# zeros_1, minimum_1, peaks_2_n, peaks_1, p_2_p, minimum_1_in, zeros_1_in, minimum_1_in_mid, zeros_1_in, minimum_1_in, p_2_p, peaks_1, peaks_2_n, minimum_1, zeros_1
715698,715697,730721,738807,750052,750052,750052,750052,750052,750052,750052,761860,770400,782224,782223
782224,782224,792321,801067,812893,812893,812893,812893,812893,812893,812893,823992,831875,848476,848476
