# TIC 0115115136_morp_ 0.414_T0_ 1323.940444_P_ 3.9569949_analysis_6, none, Eclipse indices (see function measure_eclipses_dt).
# zeros_1, minimum_1, peaks_2_n, peaks_1, p_2_p, minimum_1_in, zeros_1_in, minimum_1_in_mid, zeros_1_in, minimum_1_in, p_2_p, peaks_1, peaks_2_n, minimum_1, zeros_1
237847,237846,237847,241131,254096,254096,254096,254096,254096,254096,254096,266646,269794,270320,270319
705317,705316,705822,709066,721583,721583,721583,721583,721583,721583,721583,734493,737813,737846,737845
