# TIC 0441694629_morp_ 0.078_T0_ 1716.662926_P_ 7.3299868_analysis_6, none, Eclipse indices (see function measure_eclipses_dt).
# zeros_1, minimum_1, peaks_2_n, peaks_1, p_2_p, minimum_1_in, zeros_1_in, minimum_1_in_mid, zeros_1_in, minimum_1_in, p_2_p, peaks_1, peaks_2_n, minimum_1, zeros_1
380570,380570,380671,381138,383401,383449,383448,384269,385091,385090,385219,387468,387927,387941,387940
624500,624500,624555,625013,627269,627270,627270,628138,629007,629007,629093,629547,630002,630092,630091
