# TIC 0172421004_morp_ 0.675_T0_ 1843.475806_P_ 1.0626485_analysis_6, none, Eclipse indices (see function measure_eclipses_dt).
# zeros_1, minimum_1, peaks_2_n, peaks_1, p_2_p, minimum_1_in, zeros_1_in, minimum_1_in_mid, zeros_1_in, minimum_1_in, p_2_p, peaks_1, peaks_2_n, minimum_1, zeros_1
180808,211803,214139,247212,304312,304312,304312,304312,304312,304312,304312,333268,357030,360305,428603
428604,499594,502809,525856,554828,554828,554828,554828,554828,554828,554828,584286,607020,610042,680806
