# TIC 0189084771_morp_ 0.340_T0_ 1638.470778_P_ 15.0798097_analysis_6, none, Eclipse indices (see function measure_eclipses_dt).
# zeros_1, minimum_1, peaks_2_n, peaks_1, p_2_p, minimum_1_in, zeros_1_in, minimum_1_in_mid, zeros_1_in, minimum_1_in, p_2_p, peaks_1, peaks_2_n, minimum_1, zeros_1
679626,679626,679626,679649,679670,679672,679671,684020,688369,688369,688369,688392,688413,688415,688414
855020,855020,855020,855043,855066,855066,855066,855066,855066,855066,855066,855089,855111,855112,855112
