# TIC 0453828065_morp_ 0.231_T0_ 1413.716210_P_ 9.1383090_analysis_6, none, Eclipse indices (see function measure_eclipses_dt).
# zeros_1, minimum_1, peaks_2_n, peaks_1, p_2_p, minimum_1_in, zeros_1_in, minimum_1_in_mid, zeros_1_in, minimum_1_in, p_2_p, peaks_1, peaks_2_n, minimum_1, zeros_1
173865,173864,185000,196362,210577,210577,210577,210577,210577,210577,210577,228159,241552,249117,249116
527417,527417,536006,547797,562751,562751,562751,562751,562751,562751,562751,577783,590900,594355,594354
