# TIC 0164776925_morp_ 0.716_T0_ 1386.156315_P_ 0.3407947_analysis_6, none, Eclipse indices (see function measure_eclipses_dt).
# zeros_1, minimum_1, peaks_2_n, peaks_1, p_2_p, minimum_1_in, zeros_1_in, minimum_1_in_mid, zeros_1_in, minimum_1_in, p_2_p, peaks_1, peaks_2_n, minimum_1, zeros_1
456996,456995,528503,556174,580112,580112,580112,580112,580112,580112,580112,603584,631534,661802,704862
704863,704862,767412,807356,829964,829964,829964,829964,829964,829964,829964,852540,892803,956995,956994
