# TIC 0349059354_morp_ 0.522_T0_ 1354.237085_P_ 1.6646631_analysis_6, none, Eclipse indices (see function measure_eclipses_dt).
# zeros_1, minimum_1, peaks_2_n, peaks_1, p_2_p, minimum_1_in, zeros_1_in, minimum_1_in_mid, zeros_1_in, minimum_1_in, p_2_p, peaks_1, peaks_2_n, minimum_1, zeros_1
249175,249174,249469,256719,264123,264123,264123,264123,264123,264123,264123,271436,278724,278726,278725
778726,778725,778760,786068,793403,793403,793403,793403,793403,793403,793403,800783,808042,808272,808272
