# TIC 0305399324_morp_ 0.210_T0_ 1742.870252_P_ 6.1002225_analysis_6, none, Eclipse indices (see function measure_eclipses_dt).
# zeros_1, minimum_1, peaks_2_n, peaks_1, p_2_p, minimum_1_in, zeros_1_in, minimum_1_in_mid, zeros_1_in, minimum_1_in, p_2_p, peaks_1, peaks_2_n, minimum_1, zeros_1
673855,673854,675023,678025,689888,689888,689888,689888,689888,689888,689888,701519,704523,705361,705361
923819,923818,925023,928023,939897,939897,939897,939897,939897,939897,939897,951521,954523,955362,955361
