# TIC 0267542728_morp_ 0.237_T0_ 1708.525667_P_ 39.7264662_analysis_6, none, Eclipse indices (see function measure_eclipses_dt).
# zeros_1, minimum_1, peaks_2_n, peaks_1, p_2_p, minimum_1_in, zeros_1_in, minimum_1_in_mid, zeros_1_in, minimum_1_in, p_2_p, peaks_1, peaks_2_n, minimum_1, zeros_1
665,665,665,7966,10502,11409,11408,19405,27403,27402,27403,30092,32137,34753,40853
479433,479432,481294,483857,488978,488978,488978,488978,488978,488978,488978,495779,498484,500664,500664
