# TIC 0174757717_morp_ 0.101_T0_ 1826.978586_P_ 8.6399351_analysis_6, none, Eclipse indices (see function measure_eclipses_dt).
# zeros_1, minimum_1, peaks_2_n, peaks_1, p_2_p, minimum_1_in, zeros_1_in, minimum_1_in_mid, zeros_1_in, minimum_1_in, p_2_p, peaks_1, peaks_2_n, minimum_1, zeros_1
402907,402907,403740,404897,406352,406352,406352,406352,406352,406352,406352,407825,408993,409771,409770
959563,959563,959766,960843,962063,962063,962063,962063,962063,962063,962063,963042,964052,964053,964053
