# TIC 0070442570_morp_ 0.303_T0_ 1332.152652_P_ 11.5269229_analysis_6, none, Eclipse indices (see function measure_eclipses_dt).
# zeros_1, minimum_1, peaks_2_n, peaks_1, p_2_p, minimum_1_in, zeros_1_in, minimum_1_in_mid, zeros_1_in, minimum_1_in, p_2_p, peaks_1, peaks_2_n, minimum_1, zeros_1
490068,490067,490289,491141,495167,495660,495659,501677,507696,507695,508035,511984,512805,513053,513053
541424,541423,541606,542496,549739,550206,550205,553009,555813,555812,556245,560304,564394,564579,564578
