# TIC 0162585265_morp_ 0.593_T0_ 1571.073096_P_ 0.5123344_analysis_6, none, Eclipse indices (see function measure_eclipses_dt).
# zeros_1, minimum_1, peaks_2_n, peaks_1, p_2_p, minimum_1_in, zeros_1_in, minimum_1_in_mid, zeros_1_in, minimum_1_in, p_2_p, peaks_1, peaks_2_n, minimum_1, zeros_1
440649,457443,464276,488363,505228,505228,505228,505228,505228,505228,505228,523174,547271,554093,616809
689220,708233,714704,729343,755801,755801,755801,755801,755801,755801,755801,774694,797673,800920,800919
