# TIC 0120826084_morp_ 0.484_T0_ 1684.656753_P_ 3.3021605_analysis_6, none, Eclipse indices (see function measure_eclipses_dt).
# zeros_1, minimum_1, peaks_2_n, peaks_1, p_2_p, minimum_1_in, zeros_1_in, minimum_1_in_mid, zeros_1_in, minimum_1_in, p_2_p, peaks_1, peaks_2_n, minimum_1, zeros_1
671927,671927,677866,687818,700385,700385,700385,700385,700385,700385,700385,711995,721693,726665,726664
918343,918343,926653,936651,949454,949454,949454,949454,949454,949454,949454,962351,972575,979457,979457
