# TIC 0077545160_morp_ 0.128_T0_ 1795.368315_P_ 11.2465902_analysis_6, none, Eclipse indices (see function measure_eclipses_dt).
# zeros_1, minimum_1, peaks_2_n, peaks_1, p_2_p, minimum_1_in, zeros_1_in, minimum_1_in_mid, zeros_1_in, minimum_1_in, p_2_p, peaks_1, peaks_2_n, minimum_1, zeros_1
306217,306217,306218,306255,306292,306293,306293,319873,333455,333454,333455,333492,333529,333531,333530
670074,670074,670092,670129,670315,670334,670333,673376,676420,676419,676440,676626,676664,676682,676682
