# TIC 0183979262_morp_ 0.297_T0_ 1326.104888_P_ 3.4308011_analysis_6, none, Eclipse indices (see function measure_eclipses_dt).
# zeros_1, minimum_1, peaks_2_n, peaks_1, p_2_p, minimum_1_in, zeros_1_in, minimum_1_in_mid, zeros_1_in, minimum_1_in, p_2_p, peaks_1, peaks_2_n, minimum_1, zeros_1
819644,819644,820049,825009,830169,830169,830169,830169,830169,830169,830169,835156,839671,840741,840741
948150,948149,954356,960111,967471,967471,967471,967471,967471,967471,967471,974828,980532,986695,986694
