# TIC 0382069435_morp_ 0.579_T0_ 1415.051574_P_ 5.4878834_analysis_6, none, Eclipse indices (see function measure_eclipses_dt).
# zeros_1, minimum_1, peaks_2_n, peaks_1, p_2_p, minimum_1_in, zeros_1_in, minimum_1_in_mid, zeros_1_in, minimum_1_in, p_2_p, peaks_1, peaks_2_n, minimum_1, zeros_1
689908,689908,690196,699096,702704,704699,704699,713232,721767,721766,721767,730713,734188,736852,736852
940464,940463,947326,949793,952644,955699,962017,962733,969767,969767,970897,980523,983830,984976,984975
