# TIC 0469857617_morp_ 0.643_T0_ 1739.770260_P_ 1.6304856_analysis_6, none, Eclipse indices (see function measure_eclipses_dt).
# zeros_1, minimum_1, peaks_2_n, peaks_1, p_2_p, minimum_1_in, zeros_1_in, minimum_1_in_mid, zeros_1_in, minimum_1_in, p_2_p, peaks_1, peaks_2_n, minimum_1, zeros_1
259946,259945,259982,261920,263859,263860,263860,279570,295281,295280,295281,297234,299190,299199,299198
537449,537449,537452,539419,541389,541389,541389,541389,541389,541389,541389,543355,545319,545327,545327
