# TIC 0197931263_morp_ 0.497_T0_ 1386.422062_P_ 2.5185892_analysis_6, none, Eclipse indices (see function measure_eclipses_dt).
# zeros_1, minimum_1, peaks_2_n, peaks_1, p_2_p, minimum_1_in, zeros_1_in, minimum_1_in_mid, zeros_1_in, minimum_1_in, p_2_p, peaks_1, peaks_2_n, minimum_1, zeros_1
527374,529250,529506,536714,549884,550033,550033,552824,555616,555615,555848,568024,575232,575488,577374
650757,650756,650779,651027,652270,652293,652292,656245,660197,660197,660222,661464,661713,661737,661736
