# TIC 0348670544_morp_ 0.651_T0_ 1794.557443_P_ 5.3638852_analysis_6, none, Eclipse indices (see function measure_eclipses_dt).
# zeros_1, minimum_1, peaks_2_n, peaks_1, p_2_p, minimum_1_in, zeros_1_in, minimum_1_in_mid, zeros_1_in, minimum_1_in, p_2_p, peaks_1, peaks_2_n, minimum_1, zeros_1
221743,221742,221812,230103,249388,249388,249388,249388,249388,249388,249388,278473,288367,288429,288428
396617,396617,396690,420282,426052,426131,426438,464860,500138,503589,503669,508483,508561,508641,515578
