# TIC 0269126567_morp_ 0.261_T0_ 1691.837873_P_ 13.6752164_analysis_6, none, Eclipse indices (see function measure_eclipses_dt).
# zeros_1, minimum_1, peaks_2_n, peaks_1, p_2_p, minimum_1_in, zeros_1_in, minimum_1_in_mid, zeros_1_in, minimum_1_in, p_2_p, peaks_1, peaks_2_n, minimum_1, zeros_1
590028,590028,590057,590113,590393,590423,590423,595323,600224,600224,600251,600531,600587,600614,600613
836545,845478,845539,847389,853828,853828,853828,853828,853828,853828,853828,860494,862119,862180,870903
