# TIC 0234874474_morp_ 0.641_T0_ 1469.251928_P_ 1.3159894_analysis_6, none, Eclipse indices (see function measure_eclipses_dt).
# zeros_1, minimum_1, peaks_2_n, peaks_1, p_2_p, minimum_1_in, zeros_1_in, minimum_1_in_mid, zeros_1_in, minimum_1_in, p_2_p, peaks_1, peaks_2_n, minimum_1, zeros_1
415919,415919,417651,421109,424170,429437,429436,449712,469987,469987,474855,490552,502005,502370,502369
666059,666058,670049,673777,677333,683322,694028,697860,705221,712398,722330,725847,729611,733072,733072
