# TIC 0235982927_morp_ 0.583_T0_ 1791.705557_P_ 0.8472790_analysis_6, none, Eclipse indices (see function measure_eclipses_dt).
# zeros_1, minimum_1, peaks_2_n, peaks_1, p_2_p, minimum_1_in, zeros_1_in, minimum_1_in_mid, zeros_1_in, minimum_1_in, p_2_p, peaks_1, peaks_2_n, minimum_1, zeros_1
512257,512257,518992,526401,536187,536187,536187,536187,536187,536187,536187,545269,552623,557462,557462
762577,762576,768993,776408,786132,786132,786132,786132,786132,786132,786132,795261,802623,807539,807539
