# KIC07130044_morp_0.76_T0_54964.695612_P_0.297665_analysis_6, none, Eclipse indices (see function measure_eclipses_dt).
# zeros_1, minimum_1, peaks_2_n, peaks_1, p_2_p, minimum_1_in, zeros_1_in, minimum_1_in_mid, zeros_1_in, minimum_1_in, p_2_p, peaks_1, peaks_2_n, minimum_1, zeros_1
216194,216193,218314,297768,335304,335304,335304,335304,335304,335304,335304,371560,454055,456832,456831
456832,456832,524048,547256,583773,583773,583773,583773,583773,583773,583773,620317,643224,716193,716192
