# TIC 0273043307_morp_ 0.541_T0_ 1686.577690_P_ 3.5563519_analysis_6, none, Eclipse indices (see function measure_eclipses_dt).
# zeros_1, minimum_1, peaks_2_n, peaks_1, p_2_p, minimum_1_in, zeros_1_in, minimum_1_in_mid, zeros_1_in, minimum_1_in, p_2_p, peaks_1, peaks_2_n, minimum_1, zeros_1
316746,316746,323179,340201,356982,356982,356982,356982,356982,356982,356982,373425,390375,395390,395389
569371,569371,572350,588042,605919,605919,605919,605919,605919,605919,605919,625849,641192,646585,702678
