# TIC 0124106762_morp_ 0.358_T0_ 1476.039211_P_ 4.1869104_analysis_6, none, Eclipse indices (see function measure_eclipses_dt).
# zeros_1, minimum_1, peaks_2_n, peaks_1, p_2_p, minimum_1_in, zeros_1_in, minimum_1_in_mid, zeros_1_in, minimum_1_in, p_2_p, peaks_1, peaks_2_n, minimum_1, zeros_1
100553,100552,104518,109731,116298,116298,116298,116298,116298,116298,116298,123000,128368,131544,131543
851682,851682,855166,859964,865939,865939,865939,865939,865939,865939,865939,872224,877344,879656,879655
