# TIC 0121568625_morp_ 0.247_T0_ 1439.045097_P_ 8.4652048_analysis_6, none, Eclipse indices (see function measure_eclipses_dt).
# zeros_1, minimum_1, peaks_2_n, peaks_1, p_2_p, minimum_1_in, zeros_1_in, minimum_1_in_mid, zeros_1_in, minimum_1_in, p_2_p, peaks_1, peaks_2_n, minimum_1, zeros_1
457864,457863,457882,459111,460340,460358,460358,522226,584095,584094,584111,585341,586569,586589,586588
710327,710327,710340,711573,712798,712826,712825,772226,831627,831626,831653,832879,834111,834125,834125
