# TIC 2003333263_morp_ 0.435_T0_ 1711.563095_P_ 0.2204180_analysis_6, none, Eclipse indices (see function measure_eclipses_dt).
# zeros_1, minimum_1, peaks_2_n, peaks_1, p_2_p, minimum_1_in, zeros_1_in, minimum_1_in_mid, zeros_1_in, minimum_1_in, p_2_p, peaks_1, peaks_2_n, minimum_1, zeros_1
217489,217489,220465,230297,241442,241442,241442,241442,241442,241442,241442,252820,262687,265725,265725
456042,456042,465914,476649,490409,490409,490409,490409,490409,490409,490409,504151,514896,522694,522693
