# TIC 0140493525_morp_ 0.754_T0_ 1385.904232_P_ 0.3089662_analysis_6, none, Eclipse indices (see function measure_eclipses_dt).
# zeros_1, minimum_1, peaks_2_n, peaks_1, p_2_p, minimum_1_in, zeros_1_in, minimum_1_in_mid, zeros_1_in, minimum_1_in, p_2_p, peaks_1, peaks_2_n, minimum_1, zeros_1
66348,66347,140493,156728,184705,184705,184705,184705,184705,184705,184705,218298,241966,305145,305144
305145,353858,375365,397063,435960,435960,435960,435960,435960,435960,435960,471107,491676,512660,566346
