# TIC 0177995472_morp_ 0.499_T0_ 1792.741370_P_ 2.7543229_analysis_6, none, Eclipse indices (see function measure_eclipses_dt).
# zeros_1, minimum_1, peaks_2_n, peaks_1, p_2_p, minimum_1_in, zeros_1_in, minimum_1_in_mid, zeros_1_in, minimum_1_in, p_2_p, peaks_1, peaks_2_n, minimum_1, zeros_1
175025,175024,178337,183182,188646,188646,188646,188646,188646,188646,188646,193737,198387,198513,198512
464443,464442,467078,472023,476968,479461,479460,485711,491962,491962,494397,499321,504148,507096,507096
