# TIC 0434437489_morp_ 0.529_T0_ 1765.761434_P_ 1.8519706_analysis_6, none, Eclipse indices (see function measure_eclipses_dt).
# zeros_1, minimum_1, peaks_2_n, peaks_1, p_2_p, minimum_1_in, zeros_1_in, minimum_1_in_mid, zeros_1_in, minimum_1_in, p_2_p, peaks_1, peaks_2_n, minimum_1, zeros_1
676352,676352,688115,697801,711302,711302,711302,711302,711302,711302,711302,725046,734612,747373,747372
914409,914409,927000,941397,954954,954954,954954,954954,954954,954954,954954,969280,981094,990241,990240
