# TIC 0156091346_morp_ 0.396_T0_ 1816.445140_P_ 2.3154933_analysis_6, none, Eclipse indices (see function measure_eclipses_dt).
# zeros_1, minimum_1, peaks_2_n, peaks_1, p_2_p, minimum_1_in, zeros_1_in, minimum_1_in_mid, zeros_1_in, minimum_1_in, p_2_p, peaks_1, peaks_2_n, minimum_1, zeros_1
5418,5417,14830,29884,57467,57467,57467,57467,57467,57467,57467,91108,106285,113787,113787
318717,318717,328359,341389,357955,357955,357955,357955,357955,357955,357955,375122,388737,398307,398306
