# TIC 0285181196_morp_ 0.527_T0_ 1790.685658_P_ 0.1926343_analysis_6, none, Eclipse indices (see function measure_eclipses_dt).
# zeros_1, minimum_1, peaks_2_n, peaks_1, p_2_p, minimum_1_in, zeros_1_in, minimum_1_in_mid, zeros_1_in, minimum_1_in, p_2_p, peaks_1, peaks_2_n, minimum_1, zeros_1
414194,485536,506640,522041,545674,545674,545674,545674,545674,545674,545674,570249,586322,608341,678676
678677,730206,755407,771910,797012,797012,797012,797012,797012,797012,797012,821892,838387,863650,914192
