# TIC 0177258700_morp_ 0.811_T0_ 1598.676909_P_ 0.6879647_analysis_6, none, Eclipse indices (see function measure_eclipses_dt).
# zeros_1, minimum_1, peaks_2_n, peaks_1, p_2_p, minimum_1_in, zeros_1_in, minimum_1_in_mid, zeros_1_in, minimum_1_in, p_2_p, peaks_1, peaks_2_n, minimum_1, zeros_1
95682,95682,158936,184226,213023,213023,213023,213023,213023,213023,213023,249259,275501,337782,337781
337782,337782,409115,433293,467308,467308,467308,467308,467308,467308,467308,500428,581176,595681,595681
