# TIC 0050380257_morp_ 0.598_T0_ 1325.599686_P_ 1.3482851_analysis_6, none, Eclipse indices (see function measure_eclipses_dt).
# zeros_1, minimum_1, peaks_2_n, peaks_1, p_2_p, minimum_1_in, zeros_1_in, minimum_1_in_mid, zeros_1_in, minimum_1_in, p_2_p, peaks_1, peaks_2_n, minimum_1, zeros_1
288380,288379,289145,293832,322642,322642,322642,322642,322642,322642,322642,337824,342147,342801,342800
517994,536500,541569,545661,565483,565483,565483,565483,565483,565483,565483,600589,612348,613963,613962
