# TIC 0352077081_morp_ 0.545_T0_ 1765.245532_P_ 2.5210242_analysis_6, none, Eclipse indices (see function measure_eclipses_dt).
# zeros_1, minimum_1, peaks_2_n, peaks_1, p_2_p, minimum_1_in, zeros_1_in, minimum_1_in_mid, zeros_1_in, minimum_1_in, p_2_p, peaks_1, peaks_2_n, minimum_1, zeros_1
486533,486532,487904,502118,522857,522857,522857,522857,522857,522857,522857,549490,557639,559524,564334
731441,731441,738042,756436,773755,773755,773755,773755,773755,773755,773755,790125,809752,816479,819275
