# TIC 0055655482_morp_ 0.169_T0_ 1843.825289_P_ 7.9203360_analysis_6, none, Eclipse indices (see function measure_eclipses_dt).
# zeros_1, minimum_1, peaks_2_n, peaks_1, p_2_p, minimum_1_in, zeros_1_in, minimum_1_in_mid, zeros_1_in, minimum_1_in, p_2_p, peaks_1, peaks_2_n, minimum_1, zeros_1
494698,494697,496208,497998,499790,501314,501314,503382,505451,505451,507012,508785,510584,511915,511915
796482,796481,796712,797941,799166,799417,799416,803330,807244,807244,807578,808665,809878,809879,809879
