# KIC02988984_morp_0.82_T0_54999.991556_P_0.7130196_analysis_6, none, Eclipse indices (see function measure_eclipses_dt).
# zeros_1, minimum_1, peaks_2_n, peaks_1, p_2_p, minimum_1_in, zeros_1_in, minimum_1_in_mid, zeros_1_in, minimum_1_in, p_2_p, peaks_1, peaks_2_n, minimum_1, zeros_1
143933,143932,143933,236923,274364,274364,274364,274364,274364,274364,274364,312721,403707,403709,403708
403709,403709,413915,486642,524173,524173,524173,524173,524173,524173,524173,561884,636872,643932,643931
