# TIC 0392536812_morp_ 0.925_T0_ 1684.419187_P_ 0.5909951_analysis_6, none, Eclipse indices (see function measure_eclipses_dt).
# zeros_1, minimum_1, peaks_2_n, peaks_1, p_2_p, minimum_1_in, zeros_1_in, minimum_1_in_mid, zeros_1_in, minimum_1_in, p_2_p, peaks_1, peaks_2_n, minimum_1, zeros_1
438320,438319,480137,498827,558490,558490,558490,558490,558490,558490,558490,613901,651611,676997,676997
676998,676997,679963,756920,808321,808321,808321,808321,808321,808321,808321,857468,938317,938319,938318
