# TIC 0177118376_morp_ 0.878_T0_ 1544.148752_P_ 0.4112904_analysis_6, none, Eclipse indices (see function measure_eclipses_dt).
# zeros_1, minimum_1, peaks_2_n, peaks_1, p_2_p, minimum_1_in, zeros_1_in, minimum_1_in_mid, zeros_1_in, minimum_1_in, p_2_p, peaks_1, peaks_2_n, minimum_1, zeros_1
5566,5565,27842,77214,126230,126230,126230,126230,126230,126230,126230,175141,224201,248394,248393
248394,248394,275703,328320,376571,376571,376571,376571,376571,376571,376571,424456,475931,505565,505564
