# TIC 0322845246_morp_ 0.353_T0_ 1712.786363_P_ 3.6027672_analysis_6, none, Eclipse indices (see function measure_eclipses_dt).
# zeros_1, minimum_1, peaks_2_n, peaks_1, p_2_p, minimum_1_in, zeros_1_in, minimum_1_in_mid, zeros_1_in, minimum_1_in, p_2_p, peaks_1, peaks_2_n, minimum_1, zeros_1
309815,309814,309821,309997,310172,310181,310180,336065,361951,361950,361951,362121,362289,362290,362290
460528,460528,460631,465717,465888,466063,471569,474802,478053,483542,483715,483887,488271,488462,489079
