# TIC 0023324827_morp_ 0.312_T0_ 1543.538504_P_ 6.1877672_analysis_6, none, Eclipse indices (see function measure_eclipses_dt).
# zeros_1, minimum_1, peaks_2_n, peaks_1, p_2_p, minimum_1_in, zeros_1_in, minimum_1_in_mid, zeros_1_in, minimum_1_in, p_2_p, peaks_1, peaks_2_n, minimum_1, zeros_1
699101,699100,699330,700702,707697,708241,708240,714371,720502,720502,720957,722321,723801,724002,724001
949967,949967,951795,953842,955823,958564,958563,961748,964934,964933,967103,969292,971403,973122,973122
