# TIC 0168674931_morp_ 0.599_T0_ 1411.454838_P_ 0.9013817_analysis_6, none, Eclipse indices (see function measure_eclipses_dt).
# zeros_1, minimum_1, peaks_2_n, peaks_1, p_2_p, minimum_1_in, zeros_1_in, minimum_1_in_mid, zeros_1_in, minimum_1_in, p_2_p, peaks_1, peaks_2_n, minimum_1, zeros_1
427322,427321,431139,455045,480538,480538,480538,480538,480538,480538,480538,506000,529753,533033,533033
791502,791502,791502,821298,868516,868516,868516,868516,868516,868516,868516,902807,927319,927321,927320
