# TIC 0233964642_morp_ 0.054_T0_ 2080.722654_P_ 17.9157671_analysis_6, none, Eclipse indices (see function measure_eclipses_dt).
# zeros_1, minimum_1, peaks_2_n, peaks_1, p_2_p, minimum_1_in, zeros_1_in, minimum_1_in_mid, zeros_1_in, minimum_1_in, p_2_p, peaks_1, peaks_2_n, minimum_1, zeros_1
699521,699520,699753,700503,701274,701423,701423,708141,714859,714859,714859,716656,717577,717578,717578
824889,824888,825587,826499,827629,827629,827629,827629,827629,827629,827629,828761,829675,830307,830306
