# TIC 0455824124_morp_ 0.084_T0_ 1746.859785_P_ 12.9149294_analysis_6, none, Eclipse indices (see function measure_eclipses_dt).
# zeros_1, minimum_1, peaks_2_n, peaks_1, p_2_p, minimum_1_in, zeros_1_in, minimum_1_in_mid, zeros_1_in, minimum_1_in, p_2_p, peaks_1, peaks_2_n, minimum_1, zeros_1
888531,888531,888534,888780,889029,889029,889029,889029,889029,889029,889029,889273,889515,889517,889516
985699,985698,985699,985940,986181,986181,986181,986181,986181,986181,986181,986430,986676,986680,986679
