# TIC 0350131674_morp_ 0.630_T0_ 1740.185184_P_ 2.6454301_analysis_6, none, Eclipse indices (see function measure_eclipses_dt).
# zeros_1, minimum_1, peaks_2_n, peaks_1, p_2_p, minimum_1_in, zeros_1_in, minimum_1_in_mid, zeros_1_in, minimum_1_in, p_2_p, peaks_1, peaks_2_n, minimum_1, zeros_1
449391,449390,451097,479580,517868,517868,517868,517868,517868,517868,517868,535390,555138,555139,555139
555140,555139,590873,618281,653641,653641,653641,653641,653641,653641,653641,688768,713197,784819,784819
