# TIC 0051325134_morp_ 0.595_T0_ 1518.503780_P_ 1.5996147_analysis_6, none, Eclipse indices (see function measure_eclipses_dt).
# zeros_1, minimum_1, peaks_2_n, peaks_1, p_2_p, minimum_1_in, zeros_1_in, minimum_1_in_mid, zeros_1_in, minimum_1_in, p_2_p, peaks_1, peaks_2_n, minimum_1, zeros_1
208873,208873,212610,218062,223415,227632,227631,239208,250784,250784,255313,260566,265918,269755,269754
425475,425475,438231,441652,464016,464938,464938,480486,496034,496034,497453,501758,506083,507418,507417
