# TIC 0213047427_morp_ 0.151_T0_ 1455.391559_P_ 8.8001062_analysis_6, none, Eclipse indices (see function measure_eclipses_dt).
# zeros_1, minimum_1, peaks_2_n, peaks_1, p_2_p, minimum_1_in, zeros_1_in, minimum_1_in_mid, zeros_1_in, minimum_1_in, p_2_p, peaks_1, peaks_2_n, minimum_1, zeros_1
151386,151386,159251,179129,218533,218533,218533,218533,218533,218533,218533,261091,281046,289490,289490
426802,426801,431409,449490,469994,469994,469994,469994,469994,469994,469994,490577,508703,513266,513265
