# TIC 0305466446_morp_ 0.194_T0_ 1711.513536_P_ 6.5998431_analysis_6, none, Eclipse indices (see function measure_eclipses_dt).
# zeros_1, minimum_1, peaks_2_n, peaks_1, p_2_p, minimum_1_in, zeros_1_in, minimum_1_in_mid, zeros_1_in, minimum_1_in, p_2_p, peaks_1, peaks_2_n, minimum_1, zeros_1
577972,577972,582727,586063,590382,590382,590382,590382,590382,590382,590382,594771,597901,602997,602996
828426,828425,834426,837374,841544,841544,841544,841544,841544,841544,841544,846025,851088,853568,853568
